municipal_body_code,ward_code,ward_number,ward_name
248145,604259,1,Ambedkar Nagar
248145,604268,10,Ashfaq Nagar
248145,604260,2,Lohiya Nagar
248145,604261,3,Habibulla Nagar
248145,604262,4,Subhash Nagar
248145,604263,5,Gandhi Nagar
248145,604264,6,Indira Nagar
248145,604265,7,Rajendra Nagar
248145,604266,8,Azad Nagar
248145,604267,9,Ma. Kanshiram Nagar
248870,27194,1,Behat (NP) - Ward No.1
248870,27203,10,Behat (NP) - Ward No.10
248870,27204,11,Behat (NP) - Ward No.11
248870,27205,12,Behat (NP) - Ward No.12
248870,27206,13,Behat (NP) - Ward No.13
248870,27195,2,Behat (NP) - Ward No.2
248870,27196,3,Behat (NP) - Ward No.3
248870,27197,4,Behat (NP) - Ward No.4
248870,27198,5,Behat (NP) - Ward No.5
248870,27199,6,Behat (NP) - Ward No.6
248870,27200,7,Behat (NP) - Ward No.7
248870,27201,8,Behat (NP) - Ward No.8
248870,27202,9,Behat (NP) - Ward No.9
248873,27209,1,Saharanpur (MB) - Ward No.1
248873,27218,10,Saharanpur (MB) - Ward No.10
248873,27219,11,Saharanpur (MB) - Ward No.11
248873,27220,12,Saharanpur (MB) - Ward No.12
248873,27221,13,Saharanpur (MB) - Ward No.13
248873,27222,14,Saharanpur (MB) - Ward No.14
248873,27223,15,Saharanpur (MB) - Ward No.15
248873,27224,16,Saharanpur (MB) - Ward No.16
248873,27225,17,Saharanpur (MB) - Ward No.17
248873,27226,18,Saharanpur (MB) - Ward No.18
248873,27227,19,Saharanpur (MB) - Ward No.19
248873,27210,2,Saharanpur (MB) - Ward No.2
248873,27228,20,Saharanpur (MB) - Ward No.20
248873,27229,21,Saharanpur (MB) - Ward No.21
248873,27230,22,Saharanpur (MB) - Ward No.22
248873,27231,23,Saharanpur (MB) - Ward No.23
248873,27232,24,Saharanpur (MB) - Ward No.24
248873,27233,25,Saharanpur (MB) - Ward No.25
248873,27234,26,Saharanpur (MB) - Ward No.26
248873,27235,27,Saharanpur (MB) - Ward No.27
248873,27236,28,Saharanpur (MB) - Ward No.28
248873,27237,29,Saharanpur (MB) - Ward No.29
248873,27211,3,Saharanpur (MB) - Ward No.3
248873,27238,30,Saharanpur (MB) - Ward No.30
248873,27239,31,Saharanpur (MB) - Ward No.31
248873,27240,32,Saharanpur (MB) - Ward No.32
248873,27241,33,Saharanpur (MB) - Ward No.33
248873,27242,34,Saharanpur (MB) - Ward No.34
248873,27243,35,Saharanpur (MB) - Ward No.35
248873,27244,36,Saharanpur (MB) - Ward No.36
248873,27245,37,Saharanpur (MB) - Ward No.37
248873,27246,38,Saharanpur (MB) - Ward No.38
248873,27247,39,Saharanpur (MB) - Ward No.39
248873,27212,4,Saharanpur (MB) - Ward No.4
248873,27248,40,Saharanpur (MB) - Ward No.40
248873,3299139,41,Saharanpur (MB) - Ward No.41
248873,3299140,42,Saharanpur (MB) - Ward No.42
248873,3299141,43,Saharanpur (MB) - Ward No.43
248873,3299142,44,Saharanpur (MB) - Ward No.44
248873,3299143,45,Saharanpur (MB) - Ward No.45
248873,3299144,46,Saharanpur (MB) - Ward No.46
248873,3299145,47,Saharanpur (MB) - Ward No.47
248873,3299146,48,Saharanpur (MB) - Ward No.48
248873,3299147,49,Saharanpur (MB) - Ward No.49
248873,27213,5,Saharanpur (MB) - Ward No.5
248873,3299148,50,Saharanpur (MB) - Ward No.50
248873,3299149,51,Saharanpur (MB) - Ward No.51
248873,3299150,52,Saharanpur (MB) - Ward No.52
248873,3299151,53,Saharanpur (MB) - Ward No.53
248873,3299152,54,Saharanpur (MB) - Ward No.54
248873,3299153,55,Saharanpur (MB) - Ward No.55
248873,3299154,56,Saharanpur (MB) - Ward No.56
248873,3299155,57,Saharanpur (MB) - Ward No.57
248873,3299156,58,Saharanpur (MB) - Ward No.58
248873,3299157,59,Saharanpur (MB) - Ward No.59
248873,27214,6,Saharanpur (MB) - Ward No.6
248873,3299158,60,Saharanpur (MB) - Ward No.60
248873,3299159,61,Saharanpur (MB) - Ward No.61
248873,3299160,62,Saharanpur (MB) - Ward No.62
248873,3299161,63,Saharanpur (MB) - Ward No.63
248873,3299162,64,Saharanpur (MB) - Ward No.64
248873,3299163,65,Saharanpur (MB) - Ward No.65
248873,3299164,66,Saharanpur (MB) - Ward No.66
248873,3299165,67,Saharanpur (MB) - Ward No.67
248873,3299166,68,Saharanpur (MB) - Ward No.68
248873,3299167,69,Saharanpur (MB) - Ward No.69
248873,27215,7,Saharanpur (MB) - Ward No.7
248873,3299168,70,Saharanpur (MB) - Ward No.70
248873,27216,8,Saharanpur (MB) - Ward No.8
248873,27217,9,Saharanpur (MB) - Ward No.9
248874,72454,1,Chilkana Sultanpur (NP) - Ward No.1
248874,72463,10,Chilkana Sultanpur (NP) - Ward No.10
248874,72464,11,Chilkana Sultanpur (NP) - Ward No.11
248874,72465,12,Chilkana Sultanpur (NP) - Ward No.12
248874,72455,2,Chilkana Sultanpur (NP) - Ward No.2
248874,72456,3,Chilkana Sultanpur (NP) - Ward No.3
248874,72457,4,Chilkana Sultanpur (NP) - Ward No.4
248874,72458,5,Chilkana Sultanpur (NP) - Ward No.5
248874,72459,6,Chilkana Sultanpur (NP) - Ward No.6
248874,72460,7,Chilkana Sultanpur (NP) - Ward No.7
248874,72461,8,Chilkana Sultanpur (NP) - Ward No.8
248874,72462,9,Chilkana Sultanpur (NP) - Ward No.9
248875,27249,1,Sarsawan (MB) - Ward No.1
248875,27258,10,Sarsawan (MB) - Ward No.10
248875,27259,11,Sarsawan (MB) - Ward No.11
248875,27260,12,Sarsawan (MB) - Ward No.12
248875,27261,13,Sarsawan (MB) - Ward No.13
248875,27262,14,Sarsawan (MB) - Ward No.14
248875,27263,15,Sarsawan (MB) - Ward No.15
248875,27264,16,Sarsawan (MB) - Ward No.16
248875,27265,17,Sarsawan (MB) - Ward No.17
248875,27266,18,Sarsawan (MB) - Ward No.18
248875,27267,19,Sarsawan (MB) - Ward No.19
248875,27250,2,Sarsawan (MB) - Ward No.2
248875,27268,20,Sarsawan (MB) - Ward No.20
248875,27269,21,Sarsawan (MB) - Ward No.21
248875,27270,22,Sarsawan (MB) - Ward No.22
248875,27271,23,Sarsawan (MB) - Ward No.23
248875,27272,24,Sarsawan (MB) - Ward No.24
248875,27273,25,Sarsawan (MB) - Ward No.25
248875,27251,3,Sarsawan (MB) - Ward No.3
248875,27252,4,Sarsawan (MB) - Ward No.4
248875,27253,5,Sarsawan (MB) - Ward No.5
248875,27254,6,Sarsawan (MB) - Ward No.6
248875,27255,7,Sarsawan (MB) - Ward No.7
248875,27256,8,Sarsawan (MB) - Ward No.8
248875,27257,9,Sarsawan (MB) - Ward No.9
248876,72466,1,Nakur (MB) - Ward No.1
248876,72665,10,Nakur (MB) - Ward No.10
248876,72666,11,Nakur (MB) - Ward No.11
248876,72667,12,Nakur (MB) - Ward No.12
248876,72668,13,Nakur (MB) - Ward No.13
248876,72669,14,Nakur (MB) - Ward No.14
248876,72670,15,Nakur (MB) - Ward No.15
248876,72671,16,Nakur (MB) - Ward No.16
248876,72672,17,Nakur (MB) - Ward No.17
248876,72673,18,Nakur (MB) - Ward No.18
248876,72674,19,Nakur (MB) - Ward No.19
248876,72467,2,Nakur (MB) - Ward No.2
248876,72675,20,Nakur (MB) - Ward No.20
248876,72676,21,Nakur (MB) - Ward No.21
248876,72677,22,Nakur (MB) - Ward No.22
248876,72678,23,Nakur (MB) - Ward No.23
248876,72679,24,Nakur (MB) - Ward No.24
248876,72680,25,Nakur (MB) - Ward No.25
248876,72468,3,Nakur (MB) - Ward No.3
248876,72659,4,Nakur (MB) - Ward No.4
248876,72660,5,Nakur (MB) - Ward No.5
248876,72661,6,Nakur (MB) - Ward No.6
248876,72662,7,Nakur (MB) - Ward No.7
248876,72663,8,Nakur (MB) - Ward No.8
248876,72664,9,Nakur (MB) - Ward No.9
248877,27274,1,Ambehta (NP) - Ward No.1
248877,27283,10,Ambehta (NP) - Ward No.10
248877,27284,11,Ambehta (NP) - Ward No.11
248877,27275,2,Ambehta (NP) - Ward No.2
248877,27276,3,Ambehta (NP) - Ward No.3
248877,27277,4,Ambehta (NP) - Ward No.4
248877,27278,5,Ambehta (NP) - Ward No.5
248877,27279,6,Ambehta (NP) - Ward No.6
248877,27280,7,Ambehta (NP) - Ward No.7
248877,27281,8,Ambehta (NP) - Ward No.8
248877,27282,9,Ambehta (NP) - Ward No.9
248878,72681,1,Gangoh (MB) - Ward No.1
248878,72690,10,Gangoh (MB) - Ward No.10
248878,72691,11,Gangoh (MB) - Ward No.11
248878,72692,12,Gangoh (MB) - Ward No.12
248878,72693,13,Gangoh (MB) - Ward No.13
248878,72694,14,Gangoh (MB) - Ward No.14
248878,72695,15,Gangoh (MB) - Ward No.15
248878,72696,16,Gangoh (MB) - Ward No.16
248878,72697,17,Gangoh (MB) - Ward No.17
248878,72698,18,Gangoh (MB) - Ward No.18
248878,72699,19,Gangoh (MB) - Ward No.19
248878,72682,2,Gangoh (MB) - Ward No.2
248878,72700,20,Gangoh (MB) - Ward No.20
248878,72701,21,Gangoh (MB) - Ward No.21
248878,72702,22,Gangoh (MB) - Ward No.22
248878,72703,23,Gangoh (MB) - Ward No.23
248878,72704,24,Gangoh (MB) - Ward No.24
248878,72705,25,Gangoh (MB) - Ward No.25
248878,72683,3,Gangoh (MB) - Ward No.3
248878,72684,4,Gangoh (MB) - Ward No.4
248878,72685,5,Gangoh (MB) - Ward No.5
248878,72686,6,Gangoh (MB) - Ward No.6
248878,72687,7,Gangoh (MB) - Ward No.7
248878,72688,8,Gangoh (MB) - Ward No.8
248878,72689,9,Gangoh (MB) - Ward No.9
248879,27285,1,Titron (NP) - Ward No.1
248879,27294,10,Titron (NP) - Ward No.10
248879,27286,2,Titron (NP) - Ward No.2
248879,27287,3,Titron (NP) - Ward No.3
248879,27288,4,Titron (NP) - Ward No.4
248879,27289,5,Titron (NP) - Ward No.5
248879,27290,6,Titron (NP) - Ward No.6
248879,27291,7,Titron (NP) - Ward No.7
248879,27292,8,Titron (NP) - Ward No.8
248879,27293,9,Titron (NP) - Ward No.9
248880,27295,1,Nanauta (NP) - Ward No.1
248880,27304,10,Nanauta (NP) - Ward No.10
248880,27305,11,Nanauta (NP) - Ward No.11
248880,27306,12,Nanauta (NP) - Ward No.12
248880,27296,2,Nanauta (NP) - Ward No.2
248880,27297,3,Nanauta (NP) - Ward No.3
248880,27298,4,Nanauta (NP) - Ward No.4
248880,27299,5,Nanauta (NP) - Ward No.5
248880,27300,6,Nanauta (NP) - Ward No.6
248880,27301,7,Nanauta (NP) - Ward No.7
248880,27302,8,Nanauta (NP) - Ward No.8
248880,27303,9,Nanauta (NP) - Ward No.9
248881,27307,1,Rampur Maniharan (NP) - Ward No.1
248881,27316,10,Rampur Maniharan (NP) - Ward No.10
248881,27317,11,Rampur Maniharan (NP) - Ward No.11
248881,27318,12,Rampur Maniharan (NP) - Ward No.12
248881,27319,13,Rampur Maniharan (NP) - Ward No.13
248881,27320,14,Rampur Maniharan (NP) - Ward No.14
248881,27321,15,Rampur Maniharan (NP) - Ward No.15
248881,27322,16,Rampur Maniharan (NP) - Ward No.16
248881,27308,2,Rampur Maniharan (NP) - Ward No.2
248881,27309,3,Rampur Maniharan (NP) - Ward No.3
248881,27310,4,Rampur Maniharan (NP) - Ward No.4
248881,27311,5,Rampur Maniharan (NP) - Ward No.5
248881,27312,6,Rampur Maniharan (NP) - Ward No.6
248881,27313,7,Rampur Maniharan (NP) - Ward No.7
248881,27314,8,Rampur Maniharan (NP) - Ward No.8
248881,27315,9,Rampur Maniharan (NP) - Ward No.9
248882,27323,1,Deoband (MB) - Ward No.1
248882,27332,10,Deoband (MB) - Ward No.10
248882,27333,11,Deoband (MB) - Ward No.11
248882,27334,12,Deoband (MB) - Ward No.12
248882,27335,13,Deoband (MB) - Ward No.13
248882,27336,14,Deoband (MB) - Ward No.14
248882,27337,15,Deoband (MB) - Ward No.15
248882,27338,16,Deoband (MB) - Ward No.16
248882,27339,17,Deoband (MB) - Ward No.17
248882,27340,18,Deoband (MB) - Ward No.18
248882,27434,19,Deoband (MB) - Ward No.19
248882,27324,2,Deoband (MB) - Ward No.2
248882,27435,20,Deoband (MB) - Ward No.20
248882,27436,21,Deoband (MB) - Ward No.21
248882,27437,22,Deoband (MB) - Ward No.22
248882,27438,23,Deoband (MB) - Ward No.23
248882,27439,24,Deoband (MB) - Ward No.24
248882,27440,25,Deoband (MB) - Ward No.25
248882,27325,3,Deoband (MB) - Ward No.3
248882,27326,4,Deoband (MB) - Ward No.4
248882,27327,5,Deoband (MB) - Ward No.5
248882,27328,6,Deoband (MB) - Ward No.6
248882,27329,7,Deoband (MB) - Ward No.7
248882,27330,8,Deoband (MB) - Ward No.8
248882,27331,9,Deoband (MB) - Ward No.9
248883,23331,1,Un (NP) - Ward No.1
248883,23340,10,Un (NP) - Ward No.10
248883,23341,11,Un (NP) - Ward No.11
248883,23342,12,Un (NP) - Ward No.12
248883,23332,2,Un (NP) - Ward No.2
248883,23333,3,Un (NP) - Ward No.3
248883,23334,4,Un (NP) - Ward No.4
248883,23335,5,Un (NP) - Ward No.5
248883,23336,6,Un (NP) - Ward No.6
248883,23337,7,Un (NP) - Ward No.7
248883,23338,8,Un (NP) - Ward No.8
248883,23339,9,Un (NP) - Ward No.9
248884,23343,1,Jhinjhana (NP) - Ward No.1
248884,23352,10,Jhinjhana (NP) - Ward No.10
248884,23353,11,Jhinjhana (NP) - Ward No.11
248884,23354,12,Jhinjhana (NP) - Ward No.12
248884,23344,2,Jhinjhana (NP) - Ward No.2
248884,23345,3,Jhinjhana (NP) - Ward No.3
248884,23346,4,Jhinjhana (NP) - Ward No.4
248884,23347,5,Jhinjhana (NP) - Ward No.5
248884,23348,6,Jhinjhana (NP) - Ward No.6
248884,23349,7,Jhinjhana (NP) - Ward No.7
248884,23350,8,Jhinjhana (NP) - Ward No.8
248884,23351,9,Jhinjhana (NP) - Ward No.9
248885,23355,1,Kairana (MB) - Ward No.1
248885,23364,10,Kairana (MB) - Ward No.10
248885,23365,11,Kairana (MB) - Ward No.11
248885,23366,12,Kairana (MB) - Ward No.12
248885,23367,13,Kairana (MB) - Ward No.13
248885,23368,14,Kairana (MB) - Ward No.14
248885,23369,15,Kairana (MB) - Ward No.15
248885,23370,16,Kairana (MB) - Ward No.16
248885,23371,17,Kairana (MB) - Ward No.17
248885,23372,18,Kairana (MB) - Ward No.18
248885,23373,19,Kairana (MB) - Ward No.19
248885,23356,2,Kairana (MB) - Ward No.2
248885,23374,20,Kairana (MB) - Ward No.20
248885,23375,21,Kairana (MB) - Ward No.21
248885,23376,22,Kairana (MB) - Ward No.22
248885,23377,23,Kairana (MB) - Ward No.23
248885,23378,24,Kairana (MB) - Ward No.24
248885,23379,25,Kairana (MB) - Ward No.25
248885,23357,3,Kairana (MB) - Ward No.3
248885,23358,4,Kairana (MB) - Ward No.4
248885,23359,5,Kairana (MB) - Ward No.5
248885,23360,6,Kairana (MB) - Ward No.6
248885,23361,7,Kairana (MB) - Ward No.7
248885,23362,8,Kairana (MB) - Ward No.8
248885,23363,9,Kairana (MB) - Ward No.9
248886,63065,1,Kandhla (MB) - Ward No.1
248886,63074,10,Kandhla (MB) - Ward No.10
248886,63075,11,Kandhla (MB) - Ward No.11
248886,63076,12,Kandhla (MB) - Ward No.12
248886,63077,13,Kandhla (MB) - Ward No.13
248886,63078,14,Kandhla (MB) - Ward No.14
248886,63079,15,Kandhla (MB) - Ward No.15
248886,63080,16,Kandhla (MB) - Ward No.16
248886,63081,17,Kandhla (MB) - Ward No.17
248886,63082,18,Kandhla (MB) - Ward No.18
248886,63083,19,Kandhla (MB) - Ward No.19
248886,63066,2,Kandhla (MB) - Ward No.2
248886,63084,20,Kandhla (MB) - Ward No.20
248886,63085,21,Kandhla (MB) - Ward No.21
248886,63086,22,Kandhla (MB) - Ward No.22
248886,63087,23,Kandhla (MB) - Ward No.23
248886,63088,24,Kandhla (MB) - Ward No.24
248886,63089,25,Kandhla (MB) - Ward No.25
248886,63067,3,Kandhla (MB) - Ward No.3
248886,63068,4,Kandhla (MB) - Ward No.4
248886,63069,5,Kandhla (MB) - Ward No.5
248886,63070,6,Kandhla (MB) - Ward No.6
248886,63071,7,Kandhla (MB) - Ward No.7
248886,63072,8,Kandhla (MB) - Ward No.8
248886,63073,9,Kandhla (MB) - Ward No.9
248887,23380,1,Ailum (NP) - Ward No.1
248887,23389,10,Ailum (NP) - Ward No.10
248887,23390,11,Ailum (NP) - Ward No.11
248887,23391,12,Ailum (NP) - Ward No.12
248887,23381,2,Ailum (NP) - Ward No.2
248887,23382,3,Ailum (NP) - Ward No.3
248887,23383,4,Ailum (NP) - Ward No.4
248887,23384,5,Ailum (NP) - Ward No.5
248887,23385,6,Ailum (NP) - Ward No.6
248887,23386,7,Ailum (NP) - Ward No.7
248887,23387,8,Ailum (NP) - Ward No.8
248887,23388,9,Ailum (NP) - Ward No.9
248888,23392,1,Shamli (MB) - Ward No.1
248888,23500,10,Shamli (MB) - Ward No.10
248888,23501,11,Shamli (MB) - Ward No.11
248888,23502,12,Shamli (MB) - Ward No.12
248888,23503,13,Shamli (MB) - Ward No.13
248888,23504,14,Shamli (MB) - Ward No.14
248888,23505,15,Shamli (MB) - Ward No.15
248888,23506,16,Shamli (MB) - Ward No.16
248888,23507,17,Shamli (MB) - Ward No.17
248888,23508,18,Shamli (MB) - Ward No.18
248888,23509,19,Shamli (MB) - Ward No.19
248888,23492,2,Shamli (MB) - Ward No.2
248888,23510,20,Shamli (MB) - Ward No.20
248888,23511,21,Shamli (MB) - Ward No.21
248888,23512,22,Shamli (MB) - Ward No.22
248888,23513,23,Shamli (MB) - Ward No.23
248888,23514,24,Shamli (MB) - Ward No.24
248888,23515,25,Shamli (MB) - Ward No.25
248888,23493,3,Shamli (MB) - Ward No.3
248888,23494,4,Shamli (MB) - Ward No.4
248888,23495,5,Shamli (MB) - Ward No.5
248888,23496,6,Shamli (MB) - Ward No.6
248888,23497,7,Shamli (MB) - Ward No.7
248888,23498,8,Shamli (MB) - Ward No.8
248888,23499,9,Shamli (MB) - Ward No.9
248889,23516,1,Banat (NP) - Ward No.1
248889,23525,10,Banat (NP) - Ward No.10
248889,23526,11,Banat (NP) - Ward No.11
248889,23527,12,Banat (NP) - Ward No.12
248889,23517,2,Banat (NP) - Ward No.2
248889,23518,3,Banat (NP) - Ward No.3
248889,23519,4,Banat (NP) - Ward No.4
248889,23520,5,Banat (NP) - Ward No.5
248889,23521,6,Banat (NP) - Ward No.6
248889,23522,7,Banat (NP) - Ward No.7
248889,23523,8,Banat (NP) - Ward No.8
248889,23524,9,Banat (NP) - Ward No.9
248890,23528,1,Garhi Pukhta (NP) - Ward No.1
248890,23537,10,Garhi Pukhta (NP) - Ward No.10
248890,23529,2,Garhi Pukhta (NP) - Ward No.2
248890,23530,3,Garhi Pukhta (NP) - Ward No.3
248890,23531,4,Garhi Pukhta (NP) - Ward No.4
248890,23532,5,Garhi Pukhta (NP) - Ward No.5
248890,23533,6,Garhi Pukhta (NP) - Ward No.6
248890,23534,7,Garhi Pukhta (NP) - Ward No.7
248890,23535,8,Garhi Pukhta (NP) - Ward No.8
248890,23536,9,Garhi Pukhta (NP) - Ward No.9
248891,63090,1,Thana Bhawan (NP) - Ward No.1
248891,63099,10,Thana Bhawan (NP) - Ward No.10
248891,63100,11,Thana Bhawan (NP) - Ward No.11
248891,63101,12,Thana Bhawan (NP) - Ward No.12
248891,63102,13,Thana Bhawan (NP) - Ward No.13
248891,63103,14,Thana Bhawan (NP) - Ward No.14
248891,63104,15,Thana Bhawan (NP) - Ward No.15
248891,63105,16,Thana Bhawan (NP) - Ward No.16
248891,63106,17,Thana Bhawan (NP) - Ward No.17
248891,63091,2,Thana Bhawan (NP) - Ward No.2
248891,63092,3,Thana Bhawan (NP) - Ward No.3
248891,63093,4,Thana Bhawan (NP) - Ward No.4
248891,63094,5,Thana Bhawan (NP) - Ward No.5
248891,63095,6,Thana Bhawan (NP) - Ward No.6
248891,63096,7,Thana Bhawan (NP) - Ward No.7
248891,63097,8,Thana Bhawan (NP) - Ward No.8
248891,63098,9,Thana Bhawan (NP) - Ward No.9
248892,23538,1,Jalalabad (NP) - Ward No.1
248892,23547,10,Jalalabad (NP) - Ward No.10
248892,23548,11,Jalalabad (NP) - Ward No.11
248892,23549,12,Jalalabad (NP) - Ward No.12
248892,23550,13,Jalalabad (NP) - Ward No.13
248892,23551,14,Jalalabad (NP) - Ward No.14
248892,23552,15,Jalalabad (NP) - Ward No.15
248892,23539,2,Jalalabad (NP) - Ward No.2
248892,23540,3,Jalalabad (NP) - Ward No.3
248892,23541,4,Jalalabad (NP) - Ward No.4
248892,23542,5,Jalalabad (NP) - Ward No.5
248892,23543,6,Jalalabad (NP) - Ward No.6
248892,23544,7,Jalalabad (NP) - Ward No.7
248892,23545,8,Jalalabad (NP) - Ward No.8
248892,23546,9,Jalalabad (NP) - Ward No.9
248893,23553,1,Purquazi (NP) - Ward No.1
248893,23562,10,Purquazi (NP) - Ward No.10
248893,23563,11,Purquazi (NP) - Ward No.11
248893,23564,12,Purquazi (NP) - Ward No.12
248893,23565,13,Purquazi (NP) - Ward No.13
248893,23566,14,Purquazi (NP) - Ward No.14
248893,23567,15,Lakhnauti (OG) - Ward No.15
248893,23568,16,Sethpura (OG) - Ward No.16
248893,23554,2,Purquazi (NP) - Ward No.2
248893,23555,3,Purquazi (NP) - Ward No.3
248893,23556,4,Purquazi (NP) - Ward No.4
248893,23557,5,Purquazi (NP) - Ward No.5
248893,23558,6,Purquazi (NP) - Ward No.6
248893,23559,7,Purquazi (NP) - Ward No.7
248893,23560,8,Purquazi (NP) - Ward No.8
248893,23561,9,Purquazi (NP) - Ward No.9
248894,23569,1,Charthaval (NP) - Ward No.1
248894,23578,10,Charthaval (NP) - Ward No.10
248894,23579,11,Charthaval (NP) - Ward No.11
248894,23580,12,Charthaval (NP) - Ward No.12
248894,23581,13,Charthaval (NP) - Ward No.13
248894,23582,14,Charthaval (NP) - Ward No.14
248894,23570,2,Charthaval (NP) - Ward No.2
248894,23571,3,Charthaval (NP) - Ward No.3
248894,23572,4,Charthaval (NP) - Ward No.4
248894,23573,5,Charthaval (NP) - Ward No.5
248894,23574,6,Charthaval (NP) - Ward No.6
248894,23575,7,Charthaval (NP) - Ward No.7
248894,23576,8,Charthaval (NP) - Ward No.8
248894,23577,9,Charthaval (NP) - Ward No.9
248895,23583,1,Muzaffarnagar (MB) - Ward No.1
248895,23774,10,Muzaffarnagar (MB) - Ward No.10
248895,23775,11,Muzaffarnagar (MB) - Ward No.11
248895,23776,12,Muzaffarnagar (MB) - Ward No.12
248895,23777,13,Muzaffarnagar (MB) - Ward No.13
248895,23778,14,Muzaffarnagar (MB) - Ward No.14
248895,23779,15,Muzaffarnagar (MB) - Ward No.15
248895,23780,16,Muzaffarnagar (MB) - Ward No.16
248895,23781,17,Muzaffarnagar (MB) - Ward No.17
248895,23782,18,Muzaffarnagar (MB) - Ward No.18
248895,23783,19,Muzaffarnagar (MB) - Ward No.19
248895,23584,2,Muzaffarnagar (MB) - Ward No.2
248895,23784,20,Muzaffarnagar (MB) - Ward No.20
248895,23785,21,Muzaffarnagar (MB) - Ward No.21
248895,23786,22,Muzaffarnagar (MB) - Ward No.22
248895,23787,23,Muzaffarnagar (MB) - Ward No.23
248895,23788,24,Muzaffarnagar (MB) - Ward No.24
248895,23789,25,Muzaffarnagar (MB) - Ward No.25
248895,23790,26,Muzaffarnagar (MB) - Ward No.26
248895,23791,27,Muzaffarnagar (MB) - Ward No.27
248895,23792,28,Muzaffarnagar (MB) - Ward No.28
248895,23793,29,Muzaffarnagar (MB) - Ward No.29
248895,23585,3,Muzaffarnagar (MB) - Ward No.3
248895,23794,30,Muzaffarnagar (MB) - Ward No.30
248895,23795,31,Muzaffarnagar (MB) - Ward No.31
248895,23796,32,Muzaffarnagar (MB) - Ward No.32
248895,23797,33,"Subhash Nagar, Verma Park and Lal Bagh (OG) - Ward No.33"
248895,23798,34,Adarsh Colony and Devpuram (OG) - Ward No.34
248895,23586,4,Muzaffarnagar (MB) - Ward No.4
248895,23769,5,Muzaffarnagar (MB) - Ward No.5
248895,23770,6,Muzaffarnagar (MB) - Ward No.6
248895,23771,7,Muzaffarnagar (MB) - Ward No.7
248895,23772,8,Muzaffarnagar (MB) - Ward No.8
248895,23773,9,Muzaffarnagar (MB) - Ward No.9
248896,63107,1,Sisauli (NP) - Ward No.1
248896,63116,10,Sisauli (NP) - Ward No.10
248896,63117,11,Sisauli (NP) - Ward No.11
248896,63118,12,Sisauli (NP) - Ward No.12
248896,63108,2,Sisauli (NP) - Ward No.2
248896,63109,3,Sisauli (NP) - Ward No.3
248896,63110,4,Sisauli (NP) - Ward No.4
248896,63111,5,Sisauli (NP) - Ward No.5
248896,63112,6,Sisauli (NP) - Ward No.6
248896,63113,7,Sisauli (NP) - Ward No.7
248896,63114,8,Sisauli (NP) - Ward No.8
248896,63115,9,Sisauli (NP) - Ward No.9
248897,23799,1,Budhana (NP) - Ward No.1
248897,23808,10,Budhana (NP) - Ward No.10
248897,23809,11,Budhana (NP) - Ward No.11
248897,23810,12,Budhana (NP) - Ward No.12
248897,23811,13,Budhana (NP) - Ward No.13
248897,23812,14,Budhana (NP) - Ward No.14
248897,23813,15,Budhana (NP) - Ward No.15
248897,23814,16,Budhana (NP) - Ward No.16
248897,23815,17,Budhana (NP) - Ward No.17
248897,23800,2,Budhana (NP) - Ward No.2
248897,23801,3,Budhana (NP) - Ward No.3
248897,23802,4,Budhana (NP) - Ward No.4
248897,23803,5,Budhana (NP) - Ward No.5
248897,23804,6,Budhana (NP) - Ward No.6
248897,23805,7,Budhana (NP) - Ward No.7
248897,23806,8,Budhana (NP) - Ward No.8
248897,23807,9,Budhana (NP) - Ward No.9
248898,63119,1,Shahpur (NP) - Ward No.1
248898,63128,10,Shahpur (NP) - Ward No.10
248898,63129,11,Shahpur (NP) - Ward No.11
248898,63130,12,Shahpur (NP) - Ward No.12
248898,63120,2,Shahpur (NP) - Ward No.2
248898,63121,3,Shahpur (NP) - Ward No.3
248898,63122,4,Shahpur (NP) - Ward No.4
248898,63123,5,Shahpur (NP) - Ward No.5
248898,63124,6,Shahpur (NP) - Ward No.6
248898,63125,7,Shahpur (NP) - Ward No.7
248898,63126,8,Shahpur (NP) - Ward No.8
248898,63127,9,Shahpur (NP) - Ward No.9
248899,23816,1,Khatauli (MB) - Ward No.1
248899,23825,10,Khatauli (MB) - Ward No.10
248899,23826,11,Khatauli (MB) - Ward No.11
248899,23827,12,Khatauli (MB) - Ward No.12
248899,23828,13,Khatauli (MB) - Ward No.13
248899,23829,14,Khatauli (MB) - Ward No.14
248899,23830,15,Khatauli (MB) - Ward No.15
248899,23831,16,Khatauli (MB) - Ward No.16
248899,23832,17,Khatauli (MB) - Ward No.17
248899,23833,18,Khatauli (MB) - Ward No.18
248899,23834,19,Khatauli (MB) - Ward No.19
248899,23817,2,Khatauli (MB) - Ward No.2
248899,23835,20,Khatauli (MB) - Ward No.20
248899,23836,21,Khatauli (MB) - Ward No.21
248899,23837,22,Khatauli (MB) - Ward No.22
248899,23838,23,Khatauli (MB) - Ward No.23
248899,23839,24,Khatauli (MB) - Ward No.24
248899,23840,25,Khatauli (MB) - Ward No.25
248899,23818,3,Khatauli (MB) - Ward No.3
248899,23819,4,Khatauli (MB) - Ward No.4
248899,23820,5,Khatauli (MB) - Ward No.5
248899,23821,6,Khatauli (MB) - Ward No.6
248899,23822,7,Khatauli (MB) - Ward No.7
248899,23823,8,Khatauli (MB) - Ward No.8
248899,23824,9,Khatauli (MB) - Ward No.9
248901,23842,1,Jansath (NP) - Ward No.1
248901,23851,10,Jansath (NP) - Ward No.10
248901,23852,11,Jansath (NP) - Ward No.11
248901,23853,12,Jansath (NP) - Ward No.12
248901,23843,2,Jansath (NP) - Ward No.2
248901,23844,3,Jansath (NP) - Ward No.3
248901,23845,4,Jansath (NP) - Ward No.4
248901,23846,5,Jansath (NP) - Ward No.5
248901,23847,6,Jansath (NP) - Ward No.6
248901,23848,7,Jansath (NP) - Ward No.7
248901,23849,8,Jansath (NP) - Ward No.8
248901,23850,9,Jansath (NP) - Ward No.9
248902,23854,1,Bhokarhedi (NP) - Ward No.1
248902,23948,10,Bhokarhedi (NP) - Ward No.10
248902,23949,11,Bhokarhedi (NP) - Ward No.11
248902,23950,12,Bhokarhedi (NP) - Ward No.12
248902,23951,13,Bhokarhedi (NP) - Ward No.13
248902,23855,2,Bhokarhedi (NP) - Ward No.2
248902,23856,3,Bhokarhedi (NP) - Ward No.3
248902,23857,4,Bhokarhedi (NP) - Ward No.4
248902,23858,5,Bhokarhedi (NP) - Ward No.5
248902,23859,6,Bhokarhedi (NP) - Ward No.6
248902,23945,7,Bhokarhedi (NP) - Ward No.7
248902,23946,8,Bhokarhedi (NP) - Ward No.8
248902,23947,9,Bhokarhedi (NP) - Ward No.9
248903,23952,1,Miranpur (NP) - Ward No.1
248903,23961,10,Miranpur (NP) - Ward No.10
248903,23962,11,Miranpur (NP) - Ward No.11
248903,23963,12,Miranpur (NP) - Ward No.12
248903,23964,13,Miranpur (NP) - Ward No.13
248903,23965,14,Miranpur (NP) - Ward No.14
248903,23966,15,Miranpur (NP) - Ward No.15
248903,23967,16,Miranpur (NP) - Ward No.16
248903,23953,2,Miranpur (NP) - Ward No.2
248903,23954,3,Miranpur (NP) - Ward No.3
248903,23955,4,Miranpur (NP) - Ward No.4
248903,23956,5,Miranpur (NP) - Ward No.5
248903,23957,6,Miranpur (NP) - Ward No.6
248903,23958,7,Miranpur (NP) - Ward No.7
248903,23959,8,Miranpur (NP) - Ward No.8
248903,23960,9,Miranpur (NP) - Ward No.9
248904,63131,1,Sahanpur (NP) - Ward No.1
248904,63140,10,Sahanpur (NP) - Ward No.10
248904,63141,11,Sahanpur (NP) - Ward No.11
248904,63142,12,Sahanpur (NP) - Ward No.12
248904,63143,13,Sahanpur (NP) - Ward No.13
248904,63132,2,Sahanpur (NP) - Ward No.2
248904,63133,3,Sahanpur (NP) - Ward No.3
248904,63134,4,Sahanpur (NP) - Ward No.4
248904,63135,5,Sahanpur (NP) - Ward No.5
248904,63136,6,Sahanpur (NP) - Ward No.6
248904,63137,7,Sahanpur (NP) - Ward No.7
248904,63138,8,Sahanpur (NP) - Ward No.8
248904,63139,9,Sahanpur (NP) - Ward No.9
248905,23968,1,Najibabad (MB) - Ward No.1
248905,23977,10,Najibabad (MB) - Ward No.10
248905,23978,11,Najibabad (MB) - Ward No.11
248905,23979,12,Najibabad (MB) - Ward No.12
248905,23980,13,Najibabad (MB) - Ward No.13
248905,23981,14,Najibabad (MB) - Ward No.14
248905,23982,15,Najibabad (MB) - Ward No.15
248905,23983,16,Najibabad (MB) - Ward No.16
248905,23984,17,Najibabad (MB) - Ward No.17
248905,23985,18,Najibabad (MB) - Ward No.18
248905,23986,19,Najibabad (MB) - Ward No.19
248905,23969,2,Najibabad (MB) - Ward No.2
248905,23987,20,Najibabad (MB) - Ward No.20
248905,23988,21,Najibabad (MB) - Ward No.21
248905,23989,22,Najibabad (MB) - Ward No.22
248905,23990,23,Najibabad (MB) - Ward No.23
248905,23991,24,Najibabad (MB) - Ward No.24
248905,23992,25,Najibabad (MB) - Ward No.25
248905,23970,3,Najibabad (MB) - Ward No.3
248905,23971,4,Najibabad (MB) - Ward No.4
248905,23972,5,Najibabad (MB) - Ward No.5
248905,23973,6,Najibabad (MB) - Ward No.6
248905,23974,7,Najibabad (MB) - Ward No.7
248905,23975,8,Najibabad (MB) - Ward No.8
248905,23976,9,Najibabad (MB) - Ward No.9
248907,23994,1,Jalalabad (NP) - Ward No.1
248907,24003,10,Jalalabad (NP) - Ward No.10
248907,24004,11,Jalalabad (NP) - Ward No.11
248907,24005,12,Jalalabad (NP) - Ward No.12
248907,23995,2,Jalalabad (NP) - Ward No.2
248907,23996,3,Jalalabad (NP) - Ward No.3
248907,23997,4,Jalalabad (NP) - Ward No.4
248907,23998,5,Jalalabad (NP) - Ward No.5
248907,23999,6,Jalalabad (NP) - Ward No.6
248907,24000,7,Jalalabad (NP) - Ward No.7
248907,24001,8,Jalalabad (NP) - Ward No.8
248907,24002,9,Jalalabad (NP) - Ward No.9
248908,24006,1,Kiratpur (MB) - Ward No.1
248908,24015,10,Kiratpur (MB) - Ward No.10
248908,24016,11,Kiratpur (MB) - Ward No.11
248908,24017,12,Kiratpur (MB) - Ward No.12
248908,24018,13,Kiratpur (MB) - Ward No.13
248908,24019,14,Kiratpur (MB) - Ward No.14
248908,24020,15,Kiratpur (MB) - Ward No.15
248908,24021,16,Kiratpur (MB) - Ward No.16
248908,24022,17,Kiratpur (MB) - Ward No.17
248908,24023,18,Kiratpur (MB) - Ward No.18
248908,24024,19,Kiratpur (MB) - Ward No.19
248908,24007,2,Kiratpur (MB) - Ward No.2
248908,24025,20,Kiratpur (MB) - Ward No.20
248908,24026,21,Kiratpur (MB) - Ward No.21
248908,24027,22,Kiratpur (MB) - Ward No.22
248908,24028,23,Kiratpur (MB) - Ward No.23
248908,24029,24,Kiratpur (MB) - Ward No.24
248908,24030,25,Kiratpur (MB) - Ward No.25
248908,24031,26,Canal Colony (OG) - Ward No.26
248908,24032,27,Ambedkar Nagar (OG) - Ward No.27
248908,24008,3,Kiratpur (MB) - Ward No.3
248908,24009,4,Kiratpur (MB) - Ward No.4
248908,24010,5,Kiratpur (MB) - Ward No.5
248908,24011,6,Kiratpur (MB) - Ward No.6
248908,24012,7,Kiratpur (MB) - Ward No.7
248908,24013,8,Kiratpur (MB) - Ward No.8
248908,24014,9,Kiratpur (MB) - Ward No.9
248909,63144,1,Mandawar (NP) - Ward No.1
248909,63153,10,Mandawar (NP) - Ward No.10
248909,63154,11,Mandawar (NP) - Ward No.11
248909,63155,12,Mandawar (NP) - Ward No.12
248909,63156,13,Mandawar (NP) - Ward No.13
248909,63145,2,Mandawar (NP) - Ward No.2
248909,63146,3,Mandawar (NP) - Ward No.3
248909,63147,4,Mandawar (NP) - Ward No.4
248909,63148,5,Mandawar (NP) - Ward No.5
248909,63149,6,Mandawar (NP) - Ward No.6
248909,63150,7,Mandawar (NP) - Ward No.7
248909,63151,8,Mandawar (NP) - Ward No.8
248909,63152,9,Mandawar (NP) - Ward No.9
248910,24033,1,Bijnor (MB) - Ward No.1
248910,24143,10,Bijnor (MB) - Ward No.10
248910,24144,11,Bijnor (MB) - Ward No.11
248910,24145,12,Bijnor (MB) - Ward No.12
248910,24146,13,Bijnor (MB) - Ward No.13
248910,24147,14,Bijnor (MB) - Ward No.14
248910,24148,15,Bijnor (MB) - Ward No.15
248910,24149,16,Bijnor (MB) - Ward No.16
248910,24150,17,Bijnor (MB) - Ward No.17
248910,24151,18,Bijnor (MB) - Ward No.18
248910,24152,19,Bijnor (MB) - Ward No.19
248910,24034,2,Bijnor (MB) - Ward No.2
248910,24153,20,Bijnor (MB) - Ward No.20
248910,24154,21,Bijnor (MB) - Ward No.21
248910,24155,22,Bijnor (MB) - Ward No.22
248910,24156,23,Bijnor (MB) - Ward No.23
248910,24157,24,Bijnor (MB) - Ward No.24
248910,24158,25,Bijnor (MB) - Ward No.25
248910,24035,3,Bijnor (MB) - Ward No.3
248910,24036,4,Bijnor (MB) - Ward No.4
248910,24037,5,Bijnor (MB) - Ward No.5
248910,24038,6,Bijnor (MB) - Ward No.6
248910,24140,7,Bijnor (MB) - Ward No.7
248910,24141,8,Bijnor (MB) - Ward No.8
248910,24142,9,Bijnor (MB) - Ward No.9
248913,24161,1,Jhalu (NP) - Ward No.1
248913,24170,10,Jhalu (NP) - Ward No.10
248913,24171,11,Jhalu (NP) - Ward No.11
248913,24172,12,Jhalu (NP) - Ward No.12
248913,24173,13,Jhalu (NP) - Ward No.13
248913,24162,2,Jhalu (NP) - Ward No.2
248913,24163,3,Jhalu (NP) - Ward No.3
248913,24164,4,Jhalu (NP) - Ward No.4
248913,24165,5,Jhalu (NP) - Ward No.5
248913,24166,6,Jhalu (NP) - Ward No.6
248913,24167,7,Jhalu (NP) - Ward No.7
248913,24168,8,Jhalu (NP) - Ward No.8
248913,24169,9,Jhalu (NP) - Ward No.9
248914,24174,1,Haldaur (MB) - Ward No.1
248914,24183,10,Haldaur (MB) - Ward No.10
248914,24184,11,Haldaur (MB) - Ward No.11
248914,24185,12,Haldaur (MB) - Ward No.12
248914,24186,13,Haldaur (MB) - Ward No.13
248914,24187,14,Haldaur (MB) - Ward No.14
248914,24188,15,Haldaur (MB) - Ward No.15
248914,24189,16,Haldaur (MB) - Ward No.16
248914,24190,17,Haldaur (MB) - Ward No.17
248914,24191,18,Haldaur (MB) - Ward No.18
248914,24192,19,Haldaur (MB) - Ward No.19
248914,24175,2,Haldaur (MB) - Ward No.2
248914,24193,20,Haldaur (MB) - Ward No.20
248914,24194,21,Haldaur (MB) - Ward No.21
248914,24195,22,Haldaur (MB) - Ward No.22
248914,24196,23,Haldaur (MB) - Ward No.23
248914,24197,24,Haldaur (MB) - Ward No.24
248914,24198,25,Haldaur (MB) - Ward No.25
248914,24176,3,Haldaur (MB) - Ward No.3
248914,24177,4,Haldaur (MB) - Ward No.4
248914,24178,5,Haldaur (MB) - Ward No.5
248914,24179,6,Haldaur (MB) - Ward No.6
248914,24180,7,Haldaur (MB) - Ward No.7
248914,24181,8,Haldaur (MB) - Ward No.8
248914,24182,9,Haldaur (MB) - Ward No.9
248915,24199,1,Nagina (MB) - Ward No.1
248915,24208,10,Nagina (MB) - Ward No.10
248915,24209,11,Nagina (MB) - Ward No.11
248915,24210,12,Nagina (MB) - Ward No.12
248915,24211,13,Nagina (MB) - Ward No.13
248915,24212,14,Nagina (MB) - Ward No.14
248915,24213,15,Nagina (MB) - Ward No.15
248915,24214,16,Nagina (MB) - Ward No.16
248915,24215,17,Nagina (MB) - Ward No.17
248915,24216,18,Nagina (MB) - Ward No.18
248915,24217,19,Nagina (MB) - Ward No.19
248915,24200,2,Nagina (MB) - Ward No.2
248915,24218,20,Nagina (MB) - Ward No.20
248915,24219,21,Nagina (MB) - Ward No.21
248915,24220,22,Nagina (MB) - Ward No.22
248915,24221,23,Nagina (MB) - Ward No.23
248915,24222,24,Nagina (MB) - Ward No.24
248915,24223,25,Nagina (MB) - Ward No.25
248915,24201,3,Nagina (MB) - Ward No.3
248915,24202,4,Nagina (MB) - Ward No.4
248915,24203,5,Nagina (MB) - Ward No.5
248915,24204,6,Nagina (MB) - Ward No.6
248915,24205,7,Nagina (MB) - Ward No.7
248915,24206,8,Nagina (MB) - Ward No.8
248915,24207,9,Nagina (MB) - Ward No.9
248916,24224,1,Warhapur (NP) - Ward No.1
248916,24233,10,Warhapur (NP) - Ward No.10
248916,24234,11,Warhapur (NP) - Ward No.11
248916,24235,12,Warhapur (NP) - Ward No.12
248916,24236,13,Warhapur (NP) - Ward No.13
248916,24237,14,Warhapur (NP) - Ward No.14
248916,24225,2,Warhapur (NP) - Ward No.2
248916,24226,3,Warhapur (NP) - Ward No.3
248916,24227,4,Warhapur (NP) - Ward No.4
248916,24228,5,Warhapur (NP) - Ward No.5
248916,24229,6,Warhapur (NP) - Ward No.6
248916,24230,7,Warhapur (NP) - Ward No.7
248916,24231,8,Warhapur (NP) - Ward No.8
248916,24232,9,Warhapur (NP) - Ward No.9
248917,24238,1,Afzalgarh (MB) - Ward No.1
248917,24247,10,Afzalgarh (MB) - Ward No.10
248917,24248,11,Afzalgarh (MB) - Ward No.11
248917,24249,12,Afzalgarh (MB) - Ward No.12
248917,24250,13,Afzalgarh (MB) - Ward No.13
248917,24251,14,Afzalgarh (MB) - Ward No.14
248917,24252,15,Afzalgarh (MB) - Ward No.15
248917,24253,16,Afzalgarh (MB) - Ward No.16
248917,24254,17,Afzalgarh (MB) - Ward No.17
248917,24255,18,Afzalgarh (MB) - Ward No.18
248917,24256,19,Afzalgarh (MB) - Ward No.19
248917,24239,2,Afzalgarh (MB) - Ward No.2
248917,24257,20,Afzalgarh (MB) - Ward No.20
248917,24258,21,Afzalgarh (MB) - Ward No.21
248917,24259,22,Afzalgarh (MB) - Ward No.22
248917,24260,23,Afzalgarh (MB) - Ward No.23
248917,24261,24,Afzalgarh (MB) - Ward No.24
248917,24262,25,Afzalgarh (MB) - Ward No.25
248917,24240,3,Afzalgarh (MB) - Ward No.3
248917,24241,4,Afzalgarh (MB) - Ward No.4
248917,24242,5,Afzalgarh (MB) - Ward No.5
248917,24243,6,Afzalgarh (MB) - Ward No.6
248917,24244,7,Afzalgarh (MB) - Ward No.7
248917,24245,8,Afzalgarh (MB) - Ward No.8
248917,24246,9,Afzalgarh (MB) - Ward No.9
248918,24263,1,Sherkot (MB) - Ward No.1
248918,24272,10,Sherkot (MB) - Ward No.10
248918,24273,11,Sherkot (MB) - Ward No.11
248918,24274,12,Sherkot (MB) - Ward No.12
248918,24275,13,Sherkot (MB) - Ward No.13
248918,24276,14,Sherkot (MB) - Ward No.14
248918,24277,15,Sherkot (MB) - Ward No.15
248918,24278,16,Sherkot (MB) - Ward No.16
248918,24279,17,Sherkot (MB) - Ward No.17
248918,24280,18,Sherkot (MB) - Ward No.18
248918,24281,19,Sherkot (MB) - Ward No.19
248918,24264,2,Sherkot (MB) - Ward No.2
248918,24282,20,Sherkot (MB) - Ward No.20
248918,24283,21,Sherkot (MB) - Ward No.21
248918,24284,22,Sherkot (MB) - Ward No.22
248918,24285,23,Sherkot (MB) - Ward No.23
248918,24286,24,Sherkot (MB) - Ward No.24
248918,24287,25,Sherkot (MB) - Ward No.25
248918,24265,3,Sherkot (MB) - Ward No.3
248918,24266,4,Sherkot (MB) - Ward No.4
248918,24267,5,Sherkot (MB) - Ward No.5
248918,24268,6,Sherkot (MB) - Ward No.6
248918,24269,7,Sherkot (MB) - Ward No.7
248918,24270,8,Sherkot (MB) - Ward No.8
248918,24271,9,Sherkot (MB) - Ward No.9
248919,63157,1,Dhampur (MB) - Ward No.1
248919,63166,10,Dhampur (MB) - Ward No.10
248919,63167,11,Dhampur (MB) - Ward No.11
248919,63168,12,Dhampur (MB) - Ward No.12
248919,63169,13,Dhampur (MB) - Ward No.13
248919,63170,14,Dhampur (MB) - Ward No.14
248919,63171,15,Dhampur (MB) - Ward No.15
248919,63172,16,Dhampur (MB) - Ward No.16
248919,63173,17,Dhampur (MB) - Ward No.17
248919,63174,18,Dhampur (MB) - Ward No.18
248919,63175,19,Dhampur (MB) - Ward No.19
248919,63158,2,Dhampur (MB) - Ward No.2
248919,63176,20,Dhampur (MB) - Ward No.20
248919,63177,21,Dhampur (MB) - Ward No.21
248919,63178,22,Dhampur (MB) - Ward No.22
248919,63179,23,Dhampur (MB) - Ward No.23
248919,63180,24,Dhampur (MB) - Ward No.24
248919,63181,25,Dhampur (MB) - Ward No.25
248919,63159,3,Dhampur (MB) - Ward No.3
248919,63160,4,Dhampur (MB) - Ward No.4
248919,63161,5,Dhampur (MB) - Ward No.5
248919,63162,6,Dhampur (MB) - Ward No.6
248919,63163,7,Dhampur (MB) - Ward No.7
248919,63164,8,Dhampur (MB) - Ward No.8
248919,63165,9,Dhampur (MB) - Ward No.9
248920,24288,1,Nehtaur (MB) - Ward No.1
248920,24297,10,Nehtaur (MB) - Ward No.10
248920,24298,11,Nehtaur (MB) - Ward No.11
248920,24299,12,Nehtaur (MB) - Ward No.12
248920,24300,13,Nehtaur (MB) - Ward No.13
248920,24301,14,Nehtaur (MB) - Ward No.14
248920,24302,15,Nehtaur (MB) - Ward No.15
248920,24303,16,Nehtaur (MB) - Ward No.16
248920,24304,17,Nehtaur (MB) - Ward No.17
248920,24305,18,Nehtaur (MB) - Ward No.18
248920,24306,19,Nehtaur (MB) - Ward No.19
248920,24289,2,Nehtaur (MB) - Ward No.2
248920,24307,20,Nehtaur (MB) - Ward No.20
248920,24308,21,Nehtaur (MB) - Ward No.21
248920,24309,22,Nehtaur (MB) - Ward No.22
248920,24310,23,Nehtaur (MB) - Ward No.23
248920,24311,24,Nehtaur (MB) - Ward No.24
248920,24312,25,Nehtaur (MB) - Ward No.25
248920,24290,3,Nehtaur (MB) - Ward No.3
248920,24291,4,Nehtaur (MB) - Ward No.4
248920,24292,5,Nehtaur (MB) - Ward No.5
248920,24293,6,Nehtaur (MB) - Ward No.6
248920,24294,7,Nehtaur (MB) - Ward No.7
248920,24295,8,Nehtaur (MB) - Ward No.8
248920,24296,9,Nehtaur (MB) - Ward No.9
248921,24313,1,Seohara (MB) - Ward No.1
248921,24322,10,Seohara (MB) - Ward No.10
248921,24323,11,Seohara (MB) - Ward No.11
248921,24324,12,Seohara (MB) - Ward No.12
248921,24325,13,Seohara (MB) - Ward No.13
248921,24326,14,Seohara (MB) - Ward No.14
248921,24327,15,Seohara (MB) - Ward No.15
248921,24328,16,Seohara (MB) - Ward No.16
248921,24329,17,Seohara (MB) - Ward No.17
248921,24330,18,Seohara (MB) - Ward No.18
248921,24331,19,Seohara (MB) - Ward No.19
248921,24314,2,Seohara (MB) - Ward No.2
248921,24332,20,Seohara (MB) - Ward No.20
248921,24333,21,Seohara (MB) - Ward No.21
248921,24334,22,Seohara (MB) - Ward No.22
248921,24416,23,Seohara (MB) - Ward No.23
248921,24417,24,Seohara (MB) - Ward No.24
248921,24418,25,Seohara (MB) - Ward No.25
248921,24419,26,"Usmannagar,Bijli Colony and Nai Abadi (OG) - Ward No.26"
248921,24315,3,Seohara (MB) - Ward No.3
248921,24316,4,Seohara (MB) - Ward No.4
248921,24317,5,Seohara (MB) - Ward No.5
248921,24318,6,Seohara (MB) - Ward No.6
248921,24319,7,Seohara (MB) - Ward No.7
248921,24320,8,Seohara (MB) - Ward No.8
248921,24321,9,Seohara (MB) - Ward No.9
248922,24420,1,Sahaspur (NP) - Ward No.1
248922,24429,10,Sahaspur (NP) - Ward No.10
248922,24430,11,Sahaspur (NP) - Ward No.11
248922,24431,12,Sahaspur (NP) - Ward No.12
248922,24432,13,Sahaspur (NP) - Ward No.13
248922,24433,14,Sahaspur (NP) - Ward No.14
248922,24421,2,Sahaspur (NP) - Ward No.2
248922,24422,3,Sahaspur (NP) - Ward No.3
248922,24423,4,Sahaspur (NP) - Ward No.4
248922,24424,5,Sahaspur (NP) - Ward No.5
248922,24425,6,Sahaspur (NP) - Ward No.6
248922,24426,7,Sahaspur (NP) - Ward No.7
248922,24427,8,Sahaspur (NP) - Ward No.8
248922,24428,9,Sahaspur (NP) - Ward No.9
248923,29224,1,Noorpur (MB) - Ward No.1
248923,29233,10,Noorpur (MB) - Ward No.10
248923,29234,11,Noorpur (MB) - Ward No.11
248923,29235,12,Noorpur (MB) - Ward No.12
248923,29236,13,Noorpur (MB) - Ward No.13
248923,29237,14,Noorpur (MB) - Ward No.14
248923,29238,15,Noorpur (MB) - Ward No.15
248923,29239,16,Noorpur (MB) - Ward No.16
248923,29240,17,Noorpur (MB) - Ward No.17
248923,29241,18,Noorpur (MB) - Ward No.18
248923,29242,19,Noorpur (MB) - Ward No.19
248923,29225,2,Noorpur (MB) - Ward No.2
248923,29243,20,Noorpur (MB) - Ward No.20
248923,29244,21,Noorpur (MB) - Ward No.21
248923,29245,22,Noorpur (MB) - Ward No.22
248923,29246,23,Noorpur (MB) - Ward No.23
248923,29247,24,Noorpur (MB) - Ward No.24
248923,29248,25,Noorpur (MB) - Ward No.25
248923,29226,3,Noorpur (MB) - Ward No.3
248923,29227,4,Noorpur (MB) - Ward No.4
248923,29228,5,Noorpur (MB) - Ward No.5
248923,29229,6,Noorpur (MB) - Ward No.6
248923,29230,7,Noorpur (MB) - Ward No.7
248923,29231,8,Noorpur (MB) - Ward No.8
248923,29232,9,Noorpur (MB) - Ward No.9
248924,65894,1,Chandpur (MB) - Ward No.1
248924,65903,10,Chandpur (MB) - Ward No.10
248924,65904,11,Chandpur (MB) - Ward No.11
248924,65905,12,Chandpur (MB) - Ward No.12
248924,65906,13,Chandpur (MB) - Ward No.13
248924,65907,14,Chandpur (MB) - Ward No.14
248924,65908,15,Chandpur (MB) - Ward No.15
248924,65909,16,Chandpur (MB) - Ward No.16
248924,65910,17,Chandpur (MB) - Ward No.17
248924,65911,18,Chandpur (MB) - Ward No.18
248924,65912,19,Chandpur (MB) - Ward No.19
248924,65895,2,Chandpur (MB) - Ward No.2
248924,65913,20,Chandpur (MB) - Ward No.20
248924,65914,21,Chandpur (MB) - Ward No.21
248924,65915,22,Chandpur (MB) - Ward No.22
248924,65916,23,Chandpur (MB) - Ward No.23
248924,65917,24,Chandpur (MB) - Ward No.24
248924,65918,25,Chandpur (MB) - Ward No.25
248924,65896,3,Chandpur (MB) - Ward No.3
248924,65897,4,Chandpur (MB) - Ward No.4
248924,65898,5,Chandpur (MB) - Ward No.5
248924,65899,6,Chandpur (MB) - Ward No.6
248924,65900,7,Chandpur (MB) - Ward No.7
248924,65901,8,Chandpur (MB) - Ward No.8
248924,65902,9,Chandpur (MB) - Ward No.9
248925,66105,1,Thakurdwara (MB) - Ward No.1
248925,66114,10,Thakurdwara (MB) - Ward No.10
248925,66115,11,Thakurdwara (MB) - Ward No.11
248925,66116,12,Thakurdwara (MB) - Ward No.12
248925,66117,13,Thakurdwara (MB) - Ward No.13
248925,66118,14,Thakurdwara (MB) - Ward No.14
248925,66119,15,Thakurdwara (MB) - Ward No.15
248925,66120,16,Thakurdwara (MB) - Ward No.16
248925,66121,17,Thakurdwara (MB) - Ward No.17
248925,66122,18,Thakurdwara (MB) - Ward No.18
248925,66123,19,Thakurdwara (MB) - Ward No.19
248925,66106,2,Thakurdwara (MB) - Ward No.2
248925,66124,20,Thakurdwara (MB) - Ward No.20
248925,66125,21,Thakurdwara (MB) - Ward No.21
248925,66126,22,Thakurdwara (MB) - Ward No.22
248925,66127,23,Thakurdwara (MB) - Ward No.23
248925,66128,24,Thakurdwara (MB) - Ward No.24
248925,66129,25,Thakurdwara (MB) - Ward No.25
248925,66107,3,Thakurdwara (MB) - Ward No.3
248925,66108,4,Thakurdwara (MB) - Ward No.4
248925,66109,5,Thakurdwara (MB) - Ward No.5
248925,66110,6,Thakurdwara (MB) - Ward No.6
248925,66111,7,Thakurdwara (MB) - Ward No.7
248925,66112,8,Thakurdwara (MB) - Ward No.8
248925,66113,9,Thakurdwara (MB) - Ward No.9
248926,29249,1,Kanth (NP) - Ward No.1
248926,29258,10,Kanth (NP) - Ward No.10
248926,29259,11,Kanth (NP) - Ward No.11
248926,29260,12,Kanth (NP) - Ward No.12
248926,29261,13,Kanth (NP) - Ward No.13
248926,29262,14,Kanth (NP) - Ward No.14
248926,29263,15,Kanth (NP) - Ward No.15
248926,29264,16,Kanth (NP) - Ward No.16
248926,29250,2,Kanth (NP) - Ward No.2
248926,29251,3,Kanth (NP) - Ward No.3
248926,29252,4,Kanth (NP) - Ward No.4
248926,29253,5,Kanth (NP) - Ward No.5
248926,29254,6,Kanth (NP) - Ward No.6
248926,29255,7,Kanth (NP) - Ward No.7
248926,29256,8,Kanth (NP) - Ward No.8
248926,29257,9,Kanth (NP) - Ward No.9
248927,66130,1,Umri Kalan (NP) - Ward No.1
248927,66139,10,Umri Kalan (NP) - Ward No.10
248927,66140,11,Umri Kalan (NP) - Ward No.11
248927,66131,2,Umri Kalan (NP) - Ward No.2
248927,66132,3,Umri Kalan (NP) - Ward No.3
248927,66133,4,Umri Kalan (NP) - Ward No.4
248927,66134,5,Umri Kalan (NP) - Ward No.5
248927,66135,6,Umri Kalan (NP) - Ward No.6
248927,66136,7,Umri Kalan (NP) - Ward No.7
248927,66137,8,Umri Kalan (NP) - Ward No.8
248927,66138,9,Umri Kalan (NP) - Ward No.9
248928,29265,1,Bhojpur Dharampur (NP) - Ward No.1
248928,29274,10,Bhojpur Dharampur (NP) - Ward No.10
248928,29275,11,Bhojpur Dharampur (NP) - Ward No.11
248928,29276,12,Bhojpur Dharampur (NP) - Ward No.12
248928,29277,13,Bhojpur Dharampur (NP) - Ward No.13
248928,29278,14,Bhojpur Dharampur (NP) - Ward No.14
248928,29266,2,Bhojpur Dharampur (NP) - Ward No.2
248928,29267,3,Bhojpur Dharampur (NP) - Ward No.3
248928,29268,4,Bhojpur Dharampur (NP) - Ward No.4
248928,29269,5,Bhojpur Dharampur (NP) - Ward No.5
248928,29270,6,Bhojpur Dharampur (NP) - Ward No.6
248928,29271,7,Bhojpur Dharampur (NP) - Ward No.7
248928,29272,8,Bhojpur Dharampur (NP) - Ward No.8
248928,29273,9,Bhojpur Dharampur (NP) - Ward No.9
248929,66141,1,Moradabad (M Corp.) - Ward No.1
248929,66150,10,Moradabad (M Corp.) - Ward No.10
248929,66151,11,Moradabad (M Corp.) - Ward No.11
248929,66152,12,Moradabad (M Corp.) - Ward No.12
248929,66153,13,Moradabad (M Corp.) - Ward No.13
248929,66154,14,Moradabad (M Corp.) - Ward No.14
248929,66155,15,Moradabad (M Corp.) - Ward No.15
248929,66156,16,Moradabad (M Corp.) - Ward No.16
248929,66157,17,Moradabad (M Corp.) - Ward No.17
248929,66158,18,Moradabad (M Corp.) - Ward No.18
248929,66159,19,Moradabad (M Corp.) - Ward No.19
248929,66142,2,Moradabad (M Corp.) - Ward No.2
248929,66160,20,Moradabad (M Corp.) - Ward No.20
248929,66161,21,Moradabad (M Corp.) - Ward No.21
248929,66162,22,Moradabad (M Corp.) - Ward No.22
248929,66163,23,Moradabad (M Corp.) - Ward No.23
248929,66164,24,Moradabad (M Corp.) - Ward No.24
248929,66165,25,Moradabad (M Corp.) - Ward No.25
248929,66166,26,Moradabad (M Corp.) - Ward No.26
248929,66167,27,Moradabad (M Corp.) - Ward No.27
248929,66168,28,Moradabad (M Corp.) - Ward No.28
248929,66169,29,Moradabad (M Corp.) - Ward No.29
248929,66143,3,Moradabad (M Corp.) - Ward No.3
248929,66170,30,Moradabad (M Corp.) - Ward No.30
248929,66171,31,Moradabad (M Corp.) - Ward No.31
248929,66172,32,Moradabad (M Corp.) - Ward No.32
248929,66173,33,Moradabad (M Corp.) - Ward No.33
248929,66174,34,Moradabad (M Corp.) - Ward No.34
248929,66175,35,Moradabad (M Corp.) - Ward No.35
248929,66176,36,Moradabad (M Corp.) - Ward No.36
248929,66177,37,Moradabad (M Corp.) - Ward No.37
248929,66178,38,Moradabad (M Corp.) - Ward No.38
248929,66179,39,Moradabad (M Corp.) - Ward No.39
248929,66144,4,Moradabad (M Corp.) - Ward No.4
248929,66180,40,Moradabad (M Corp.) - Ward No.40
248929,66181,41,Moradabad (M Corp.) - Ward No.41
248929,66182,42,Moradabad (M Corp.) - Ward No.42
248929,66183,43,Moradabad (M Corp.) - Ward No.43
248929,66184,44,Moradabad (M Corp.) - Ward No.44
248929,66185,45,Moradabad (M Corp.) - Ward No.45
248929,66186,46,Moradabad (M Corp.) - Ward No.46
248929,66187,47,Moradabad (M Corp.) - Ward No.47
248929,66188,48,Moradabad (M Corp.) - Ward No.48
248929,66189,49,Moradabad (M Corp.) - Ward No.49
248929,66145,5,Moradabad (M Corp.) - Ward No.5
248929,56723,50,Moradabad (M Corp.) - Ward No.50
248929,56724,51,Moradabad (M Corp.) - Ward No.51
248929,56725,52,Moradabad (M Corp.) - Ward No.52
248929,56726,53,Moradabad (M Corp.) - Ward No.53
248929,56727,54,Moradabad (M Corp.) - Ward No.54
248929,56728,55,Moradabad (M Corp.) - Ward No.55
248929,56729,56,Moradabad (M Corp.) - Ward No.56
248929,56730,57,Moradabad (M Corp.) - Ward No.57
248929,56731,58,Moradabad (M Corp.) - Ward No.58
248929,56732,59,Moradabad (M Corp.) - Ward No.59
248929,66146,6,Moradabad (M Corp.) - Ward No.6
248929,56733,60,Moradabad (M Corp.) - Ward No.60
248929,66147,7,Moradabad (M Corp.) - Ward No.7
248929,66148,8,Moradabad (M Corp.) - Ward No.8
248929,66149,9,Moradabad (M Corp.) - Ward No.9
248930,29279,1,Kundarki (NP) - Ward No.1
248930,29288,10,Kundarki (NP) - Ward No.10
248930,29289,11,Kundarki (NP) - Ward No.11
248930,29290,12,Kundarki (NP) - Ward No.12
248930,29291,13,Kundarki (NP) - Ward No.13
248930,29292,14,Kundarki (NP) - Ward No.14
248930,29293,15,Kundarki (NP) - Ward No.15
248930,29280,2,Kundarki (NP) - Ward No.2
248930,29281,3,Kundarki (NP) - Ward No.3
248930,29282,4,Kundarki (NP) - Ward No.4
248930,29283,5,Kundarki (NP) - Ward No.5
248930,29284,6,Kundarki (NP) - Ward No.6
248930,29285,7,Kundarki (NP) - Ward No.7
248930,29286,8,Kundarki (NP) - Ward No.8
248930,29287,9,Kundarki (NP) - Ward No.9
248931,29294,1,Bilari (MB) - Ward No.1
248931,29303,10,Bilari (MB) - Ward No.10
248931,29304,11,Bilari (MB) - Ward No.11
248931,29305,12,Bilari (MB) - Ward No.12
248931,29306,13,Bilari (MB) - Ward No.13
248931,29307,14,Bilari (MB) - Ward No.14
248931,29308,15,Bilari (MB) - Ward No.15
248931,29309,16,Bilari (MB) - Ward No.16
248931,29310,17,Bilari (MB) - Ward No.17
248931,29311,18,Bilari (MB) - Ward No.18
248931,29312,19,Bilari (MB) - Ward No.19
248931,29295,2,Bilari (MB) - Ward No.2
248931,29313,20,Bilari (MB) - Ward No.20
248931,29314,21,Bilari (MB) - Ward No.21
248931,29315,22,Bilari (MB) - Ward No.22
248931,29316,23,Bilari (MB) - Ward No.23
248931,29317,24,Bilari (MB) - Ward No.24
248931,29318,25,Bilari (MB) - Ward No.25
248931,29296,3,Bilari (MB) - Ward No.3
248931,29297,4,Bilari (MB) - Ward No.4
248931,29298,5,Bilari (MB) - Ward No.5
248931,29299,6,Bilari (MB) - Ward No.6
248931,29300,7,Bilari (MB) - Ward No.7
248931,29301,8,Bilari (MB) - Ward No.8
248931,29302,9,Bilari (MB) - Ward No.9
248933,29320,1,Sirsi (NP) - Ward No.1
248933,29329,10,Sirsi (NP) - Ward No.10
248933,29330,11,Sirsi (NP) - Ward No.11
248933,29331,12,Sirsi (NP) - Ward No.12
248933,29332,13,Sirsi (NP) - Ward No.13
248933,29333,14,Sirsi (NP) - Ward No.14
248933,29334,15,Sirsi (NP) - Ward No.15
248933,29321,2,Sirsi (NP) - Ward No.2
248933,29322,3,Sirsi (NP) - Ward No.3
248933,29323,4,Sirsi (NP) - Ward No.4
248933,29324,5,Sirsi (NP) - Ward No.5
248933,29325,6,Sirsi (NP) - Ward No.6
248933,29326,7,Sirsi (NP) - Ward No.7
248933,29327,8,Sirsi (NP) - Ward No.8
248933,29328,9,Sirsi (NP) - Ward No.9
248934,29335,1,Sambhal (MB) - Ward No.1
248934,29344,10,Sambhal (MB) - Ward No.10
248934,29345,11,Sambhal (MB) - Ward No.11
248934,29346,12,Sambhal (MB) - Ward No.12
248934,29347,13,Sambhal (MB) - Ward No.13
248934,29348,14,Sambhal (MB) - Ward No.14
248934,29349,15,Sambhal (MB) - Ward No.15
248934,30503,16,Sambhal (MB) - Ward No.16
248934,30504,17,Sambhal (MB) - Ward No.17
248934,30505,18,Sambhal (MB) - Ward No.18
248934,30506,19,Sambhal (MB) - Ward No.19
248934,29336,2,Sambhal (MB) - Ward No.2
248934,30507,20,Sambhal (MB) - Ward No.20
248934,30508,21,Sambhal (MB) - Ward No.21
248934,30509,22,Sambhal (MB) - Ward No.22
248934,30510,23,Sambhal (MB) - Ward No.23
248934,30511,24,Sambhal (MB) - Ward No.24
248934,30512,25,Sambhal (MB) - Ward No.25
248934,30513,26,Sambhal (MB) - Ward No.26
248934,30514,27,Sambhal (MB) - Ward No.27
248934,29337,3,Sambhal (MB) - Ward No.3
248934,29338,4,Sambhal (MB) - Ward No.4
248934,29339,5,Sambhal (MB) - Ward No.5
248934,29340,6,Sambhal (MB) - Ward No.6
248934,29341,7,Sambhal (MB) - Ward No.7
248934,29342,8,Sambhal (MB) - Ward No.8
248934,29343,9,Sambhal (MB) - Ward No.9
248935,30515,1,Bahjoi (MB) - Ward No.1
248935,30524,10,Bahjoi (MB) - Ward No.10
248935,30525,11,Bahjoi (MB) - Ward No.11
248935,30526,12,Bahjoi (MB) - Ward No.12
248935,30527,13,Bahjoi (MB) - Ward No.13
248935,30528,14,Bahjoi (MB) - Ward No.14
248935,30529,15,Bahjoi (MB) - Ward No.15
248935,30530,16,Bahjoi (MB) - Ward No.16
248935,30531,17,Bahjoi (MB) - Ward No.17
248935,30532,18,Bahjoi (MB) - Ward No.18
248935,30533,19,Bahjoi (MB) - Ward No.19
248935,30516,2,Bahjoi (MB) - Ward No.2
248935,30534,20,Bahjoi (MB) - Ward No.20
248935,30535,21,Bahjoi (MB) - Ward No.21
248935,30536,22,Bahjoi (MB) - Ward No.22
248935,30537,23,Bahjoi (MB) - Ward No.23
248935,30538,24,Bahjoi (MB) - Ward No.24
248935,30539,25,Bahjoi (MB) - Ward No.25
248935,30517,3,Bahjoi (MB) - Ward No.3
248935,30518,4,Bahjoi (MB) - Ward No.4
248935,30519,5,Bahjoi (MB) - Ward No.5
248935,30520,6,Bahjoi (MB) - Ward No.6
248935,30521,7,Bahjoi (MB) - Ward No.7
248935,30522,8,Bahjoi (MB) - Ward No.8
248935,30523,9,Bahjoi (MB) - Ward No.9
248936,30540,1,Narauli (NP) - Ward No.1
248936,30549,10,Narauli (NP) - Ward No.10
248936,30550,11,Narauli (NP) - Ward No.11
248936,30551,12,Narauli (NP) - Ward No.12
248936,30541,2,Narauli (NP) - Ward No.2
248936,30542,3,Narauli (NP) - Ward No.3
248936,30543,4,Narauli (NP) - Ward No.4
248936,30544,5,Narauli (NP) - Ward No.5
248936,30545,6,Narauli (NP) - Ward No.6
248936,30546,7,Narauli (NP) - Ward No.7
248936,30547,8,Narauli (NP) - Ward No.8
248936,30548,9,Narauli (NP) - Ward No.9
248937,30552,1,Chandausi (MB) - Ward No.1
248937,30561,10,Chandausi (MB) - Ward No.10
248937,30562,11,Chandausi (MB) - Ward No.11
248937,30563,12,Chandausi (MB) - Ward No.12
248937,30564,13,Chandausi (MB) - Ward No.13
248937,30565,14,Chandausi (MB) - Ward No.14
248937,30566,15,Chandausi (MB) - Ward No.15
248937,30567,16,Chandausi (MB) - Ward No.16
248937,30568,17,Chandausi (MB) - Ward No.17
248937,30569,18,Chandausi (MB) - Ward No.18
248937,30570,19,Chandausi (MB) - Ward No.19
248937,30553,2,Chandausi (MB) - Ward No.2
248937,30571,20,Chandausi (MB) - Ward No.20
248937,30572,21,Chandausi (MB) - Ward No.21
248937,30573,22,Chandausi (MB) - Ward No.22
248937,30574,23,Chandausi (MB) - Ward No.23
248937,30575,24,Chandausi (MB) - Ward No.24
248937,30576,25,Chandausi (MB) - Ward No.25
248937,30554,3,Chandausi (MB) - Ward No.3
248937,30555,4,Chandausi (MB) - Ward No.4
248937,30556,5,Chandausi (MB) - Ward No.5
248937,30557,6,Chandausi (MB) - Ward No.6
248937,30558,7,Chandausi (MB) - Ward No.7
248937,30559,8,Chandausi (MB) - Ward No.8
248937,30560,9,Chandausi (MB) - Ward No.9
248938,30577,1,Maswasi (NP) - Ward No.1
248938,30586,10,Maswasi (NP) - Ward No.10
248938,30587,11,Maswasi (NP) - Ward No.11
248938,30578,2,Maswasi (NP) - Ward No.2
248938,30579,3,Maswasi (NP) - Ward No.3
248938,30580,4,Maswasi (NP) - Ward No.4
248938,30581,5,Maswasi (NP) - Ward No.5
248938,30582,6,Maswasi (NP) - Ward No.6
248938,30583,7,Maswasi (NP) - Ward No.7
248938,30584,8,Maswasi (NP) - Ward No.8
248938,30585,9,Maswasi (NP) - Ward No.9
248939,56734,1,Suar (MB) - Ward No.1
248939,56743,10,Suar (MB) - Ward No.10
248939,56744,11,Suar (MB) - Ward No.11
248939,56745,12,Suar (MB) - Ward No.12
248939,56746,13,Suar (MB) - Ward No.13
248939,56747,14,Suar (MB) - Ward No.14
248939,56748,15,Suar (MB) - Ward No.15
248939,56749,16,Suar (MB) - Ward No.16
248939,56750,17,Suar (MB) - Ward No.17
248939,56751,18,Suar (MB) - Ward No.18
248939,56752,19,Suar (MB) - Ward No.19
248939,56735,2,Suar (MB) - Ward No.2
248939,56753,20,Suar (MB) - Ward No.20
248939,56754,21,Suar (MB) - Ward No.21
248939,56755,22,Suar (MB) - Ward No.22
248939,56756,23,Suar (MB) - Ward No.23
248939,56757,24,Suar (MB) - Ward No.24
248939,56758,25,Suar (MB) - Ward No.25
248939,56736,3,Suar (MB) - Ward No.3
248939,56737,4,Suar (MB) - Ward No.4
248939,56738,5,Suar (MB) - Ward No.5
248939,56739,6,Suar (MB) - Ward No.6
248939,56740,7,Suar (MB) - Ward No.7
248939,56741,8,Suar (MB) - Ward No.8
248939,56742,9,Suar (MB) - Ward No.9
248940,30588,1,Tanda (MB) - Ward No.1
248940,30597,10,Tanda (MB) - Ward No.10
248940,30598,11,Tanda (MB) - Ward No.11
248940,30599,12,Tanda (MB) - Ward No.12
248940,30600,13,Tanda (MB) - Ward No.13
248940,30690,14,Tanda (MB) - Ward No.14
248940,30691,15,Tanda (MB) - Ward No.15
248940,30692,16,Tanda (MB) - Ward No.16
248940,30693,17,Tanda (MB) - Ward No.17
248940,30694,18,Tanda (MB) - Ward No.18
248940,30695,19,Tanda (MB) - Ward No.19
248940,30589,2,Tanda (MB) - Ward No.2
248940,30696,20,Tanda (MB) - Ward No.20
248940,30697,21,Tanda (MB) - Ward No.21
248940,30698,22,Tanda (MB) - Ward No.22
248940,30699,23,Tanda (MB) - Ward No.23
248940,30700,24,Tanda (MB) - Ward No.24
248940,30701,25,Tanda (MB) - Ward No.25
248940,30590,3,Tanda (MB) - Ward No.3
248940,30591,4,Tanda (MB) - Ward No.4
248940,30592,5,Tanda (MB) - Ward No.5
248940,30593,6,Tanda (MB) - Ward No.6
248940,30594,7,Tanda (MB) - Ward No.7
248940,30595,8,Tanda (MB) - Ward No.8
248940,30596,9,Tanda (MB) - Ward No.9
248941,56759,1,Bilaspur (MB) - Ward No.1
248941,56768,10,Bilaspur (MB) - Ward No.10
248941,56769,11,Bilaspur (MB) - Ward No.11
248941,56770,12,Bilaspur (MB) - Ward No.12
248941,56771,13,Bilaspur (MB) - Ward No.13
248941,56772,14,Bilaspur (MB) - Ward No.14
248941,56773,15,Bilaspur (MB) - Ward No.15
248941,56774,16,Bilaspur (MB) - Ward No.16
248941,56775,17,Bilaspur (MB) - Ward No.17
248941,56776,18,Bilaspur (MB) - Ward No.18
248941,56777,19,Bilaspur (MB) - Ward No.19
248941,56760,2,Bilaspur (MB) - Ward No.2
248941,56778,20,Bilaspur (MB) - Ward No.20
248941,56779,21,Bilaspur (MB) - Ward No.21
248941,56780,22,Bilaspur (MB) - Ward No.22
248941,56781,23,Bilaspur (MB) - Ward No.23
248941,56782,24,Bilaspur (MB) - Ward No.24
248941,56783,25,Bilaspur (MB) - Ward No.25
248941,56761,3,Bilaspur (MB) - Ward No.3
248941,56762,4,Bilaspur (MB) - Ward No.4
248941,56763,5,Bilaspur (MB) - Ward No.5
248941,56764,6,Bilaspur (MB) - Ward No.6
248941,56765,7,Bilaspur (MB) - Ward No.7
248941,56766,8,Bilaspur (MB) - Ward No.8
248941,56767,9,Bilaspur (MB) - Ward No.9
248942,30702,1,Kemri (NP) - Ward No.1
248942,30711,10,Kemri (NP) - Ward No.10
248942,30712,11,Kemri (NP) - Ward No.11
248942,30713,12,Kemri (NP) - Ward No.12
248942,30714,13,Kemri (NP) - Ward No.13
248942,30715,14,Kemri (NP) - Ward No.14
248942,30703,2,Kemri (NP) - Ward No.2
248942,30704,3,Kemri (NP) - Ward No.3
248942,30705,4,Kemri (NP) - Ward No.4
248942,30706,5,Kemri (NP) - Ward No.5
248942,30707,6,Kemri (NP) - Ward No.6
248942,30708,7,Kemri (NP) - Ward No.7
248942,30709,8,Kemri (NP) - Ward No.8
248942,30710,9,Kemri (NP) - Ward No.9
248943,30716,1,Rampur (MB) - Ward No.1
248943,30725,10,Rampur (MB) - Ward No.10
248943,30726,11,Rampur (MB) - Ward No.11
248943,30727,12,Rampur (MB) - Ward No.12
248943,30728,13,Rampur (MB) - Ward No.13
248943,30729,14,Rampur (MB) - Ward No.14
248943,30730,15,Rampur (MB) - Ward No.15
248943,30731,16,Rampur (MB) - Ward No.16
248943,30732,17,Rampur (MB) - Ward No.17
248943,30733,18,Rampur (MB) - Ward No.18
248943,30734,19,Rampur (MB) - Ward No.19
248943,30717,2,Rampur (MB) - Ward No.2
248943,30735,20,Rampur (MB) - Ward No.20
248943,30736,21,Rampur (MB) - Ward No.21
248943,30737,22,Rampur (MB) - Ward No.22
248943,30738,23,Rampur (MB) - Ward No.23
248943,30739,24,Rampur (MB) - Ward No.24
248943,30740,25,Rampur (MB) - Ward No.25
248943,30741,26,Rampur (MB) - Ward No.26
248943,30742,27,Rampur (MB) - Ward No.27
248943,30743,28,Rampur (MB) - Ward No.28
248943,30744,29,Rampur (MB) - Ward No.29
248943,30718,3,Rampur (MB) - Ward No.3
248943,30745,30,Rampur (MB) - Ward No.30
248943,30746,31,Rampur (MB) - Ward No.31
248943,30747,32,Rampur (MB) - Ward No.32
248943,30719,4,Rampur (MB) - Ward No.4
248943,30720,5,Rampur (MB) - Ward No.5
248943,30721,6,Rampur (MB) - Ward No.6
248943,30722,7,Rampur (MB) - Ward No.7
248943,30723,8,Rampur (MB) - Ward No.8
248943,30724,9,Rampur (MB) - Ward No.9
248944,30748,1,Shahabad (NP) - Ward No.1
248944,30757,10,Shahabad (NP) - Ward No.10
248944,30758,11,Shahabad (NP) - Ward No.11
248944,30759,12,Shahabad (NP) - Ward No.12
248944,30760,13,Shahabad (NP) - Ward No.13
248944,30761,14,Shahabad (NP) - Ward No.14
248944,30762,15,Shahabad (NP) - Ward No.15
248944,30763,16,Shahabad (NP) - Ward No.16
248944,30764,17,Shahabad (NP) - Ward No.17
248944,30749,2,Shahabad (NP) - Ward No.2
248944,30750,3,Shahabad (NP) - Ward No.3
248944,30751,4,Shahabad (NP) - Ward No.4
248944,30752,5,Shahabad (NP) - Ward No.5
248944,30753,6,Shahabad (NP) - Ward No.6
248944,30754,7,Shahabad (NP) - Ward No.7
248944,30755,8,Shahabad (NP) - Ward No.8
248944,30756,9,Shahabad (NP) - Ward No.9
248945,30765,1,Milak (MB) - Ward No.1
248945,30774,10,Milak (MB) - Ward No.10
248945,30775,11,Milak (MB) - Ward No.11
248945,30776,12,Milak (MB) - Ward No.12
248945,30777,13,Milak (MB) - Ward No.13
248945,30778,14,Milak (MB) - Ward No.14
248945,30779,15,Milak (MB) - Ward No.15
248945,30780,16,Milak (MB) - Ward No.16
248945,30781,17,Milak (MB) - Ward No.17
248945,30782,18,Milak (MB) - Ward No.18
248945,30783,19,Milak (MB) - Ward No.19
248945,30766,2,Milak (MB) - Ward No.2
248945,30784,20,Milak (MB) - Ward No.20
248945,30785,21,Milak (MB) - Ward No.21
248945,30786,22,Milak (MB) - Ward No.22
248945,30787,23,Milak (MB) - Ward No.23
248945,30788,24,Milak (MB) - Ward No.24
248945,30789,25,Milak (MB) - Ward No.25
248945,30767,3,Milak (MB) - Ward No.3
248945,30768,4,Milak (MB) - Ward No.4
248945,30769,5,Milak (MB) - Ward No.5
248945,30770,6,Milak (MB) - Ward No.6
248945,30771,7,Milak (MB) - Ward No.7
248945,30772,8,Milak (MB) - Ward No.8
248945,30773,9,Milak (MB) - Ward No.9
248946,56784,1,Dhanaura (MB) - Ward No.1
248946,56793,10,Dhanaura (MB) - Ward No.10
248946,56794,11,Dhanaura (MB) - Ward No.11
248946,56795,12,Dhanaura (MB) - Ward No.12
248946,56796,13,Dhanaura (MB) - Ward No.13
248946,56797,14,Dhanaura (MB) - Ward No.14
248946,56798,15,Dhanaura (MB) - Ward No.15
248946,58316,16,Dhanaura (MB) - Ward No.16
248946,58317,17,Dhanaura (MB) - Ward No.17
248946,58318,18,Dhanaura (MB) - Ward No.18
248946,58319,19,Dhanaura (MB) - Ward No.19
248946,56785,2,Dhanaura (MB) - Ward No.2
248946,58320,20,Dhanaura (MB) - Ward No.20
248946,58321,21,Dhanaura (MB) - Ward No.21
248946,58322,22,Dhanaura (MB) - Ward No.22
248946,58323,23,Dhanaura (MB) - Ward No.23
248946,58324,24,Dhanaura (MB) - Ward No.24
248946,58325,25,Dhanaura (MB) - Ward No.25
248946,56786,3,Dhanaura (MB) - Ward No.3
248946,56787,4,Dhanaura (MB) - Ward No.4
248946,56788,5,Dhanaura (MB) - Ward No.5
248946,56789,6,Dhanaura (MB) - Ward No.6
248946,56790,7,Dhanaura (MB) - Ward No.7
248946,56791,8,Dhanaura (MB) - Ward No.8
248946,56792,9,Dhanaura (MB) - Ward No.9
248947,30790,1,Bachhraon (MB) - Ward No.1
248947,31363,10,Bachhraon (MB) - Ward No.10
248947,31364,11,Bachhraon (MB) - Ward No.11
248947,31365,12,Bachhraon (MB) - Ward No.12
248947,31366,13,Bachhraon (MB) - Ward No.13
248947,31367,14,Bachhraon (MB) - Ward No.14
248947,31368,15,Bachhraon (MB) - Ward No.15
248947,31369,16,Bachhraon (MB) - Ward No.16
248947,31370,17,Bachhraon (MB) - Ward No.17
248947,31371,18,Bachhraon (MB) - Ward No.18
248947,31372,19,Bachhraon (MB) - Ward No.19
248947,31355,2,Bachhraon (MB) - Ward No.2
248947,31373,20,Bachhraon (MB) - Ward No.20
248947,31374,21,Bachhraon (MB) - Ward No.21
248947,31375,22,Bachhraon (MB) - Ward No.22
248947,31376,23,Bachhraon (MB) - Ward No.23
248947,31377,24,Bachhraon (MB) - Ward No.24
248947,31378,25,Bachhraon (MB) - Ward No.25
248947,31356,3,Bachhraon (MB) - Ward No.3
248947,31357,4,Bachhraon (MB) - Ward No.4
248947,31358,5,Bachhraon (MB) - Ward No.5
248947,31359,6,Bachhraon (MB) - Ward No.6
248947,31360,7,Bachhraon (MB) - Ward No.7
248947,31361,8,Bachhraon (MB) - Ward No.8
248947,31362,9,Bachhraon (MB) - Ward No.9
248949,31395,1,Naugawan Sadat (NP) - Ward No.1
248949,31404,10,Naugawan Sadat (NP) - Ward No.10
248949,31405,11,Naugawan Sadat (NP) - Ward No.11
248949,31406,12,Naugawan Sadat (NP) - Ward No.12
248949,31407,13,Naugawan Sadat (NP) - Ward No.13
248949,31408,14,Naugawan Sadat (NP) - Ward No.14
248949,31409,15,Naugawan Sadat (NP) - Ward No.15
248949,31410,16,Naugawan Sadat (NP) - Ward No.16
248949,31396,2,Naugawan Sadat (NP) - Ward No.2
248949,31397,3,Naugawan Sadat (NP) - Ward No.3
248949,31398,4,Naugawan Sadat (NP) - Ward No.4
248949,31399,5,Naugawan Sadat (NP) - Ward No.5
248949,31400,6,Naugawan Sadat (NP) - Ward No.6
248949,31401,7,Naugawan Sadat (NP) - Ward No.7
248949,31402,8,Naugawan Sadat (NP) - Ward No.8
248949,31403,9,Naugawan Sadat (NP) - Ward No.9
248950,31411,1,Amroha (MB) - Ward No.1
248950,31420,10,Amroha (MB) - Ward No.10
248950,31421,11,Amroha (MB) - Ward No.11
248950,31422,12,Amroha (MB) - Ward No.12
248950,31423,13,Amroha (MB) - Ward No.13
248950,31424,14,Amroha (MB) - Ward No.14
248950,31425,15,Amroha (MB) - Ward No.15
248950,31426,16,Amroha (MB) - Ward No.16
248950,31427,17,Amroha (MB) - Ward No.17
248950,31428,18,Amroha (MB) - Ward No.18
248950,31429,19,Amroha (MB) - Ward No.19
248950,31412,2,Amroha (MB) - Ward No.2
248950,31430,20,Amroha (MB) - Ward No.20
248950,31431,21,Amroha (MB) - Ward No.21
248950,31432,22,Amroha (MB) - Ward No.22
248950,31433,23,Amroha (MB) - Ward No.23
248950,31434,24,Amroha (MB) - Ward No.24
248950,31435,25,Amroha (MB) - Ward No.25
248950,31436,26,Amroha (MB) - Ward No.26
248950,3299314,27,Amroha (MB) - Ward No.27
248950,3299315,28,Amroha (MB) - Ward No.28
248950,3299316,29,Amroha (MB) - Ward No.29
248950,31413,3,Amroha (MB) - Ward No.3
248950,3299317,30,Amroha (MB) - Ward No.30
248950,3299318,31,Amroha (MB) - Ward No.31
248950,3299319,32,Amroha (MB) - Ward No.32
248950,3299320,33,Amroha (MB) - Ward No.33
248950,3299321,34,Amroha (MB) - Ward No.34
248950,3299322,35,Amroha (MB) - Ward No.35
248950,3299323,36,Amroha (MB) - Ward No.36
248950,3299327,37,Amroha (MB) - Ward No.37
248950,3299324,38,Amroha (MB) - Ward No.38
248950,3299325,39,Amroha (MB) - Ward No.39
248950,31414,4,Amroha (MB) - Ward No.4
248950,3299326,40,Amroha (MB) - Ward No.40
248950,31415,5,Amroha (MB) - Ward No.5
248950,31416,6,Amroha (MB) - Ward No.6
248950,31417,7,Amroha (MB) - Ward No.7
248950,31418,8,Amroha (MB) - Ward No.8
248950,31419,9,Amroha (MB) - Ward No.9
248951,31437,1,Joya (NP) - Ward No.1
248951,31446,10,Joya (NP) - Ward No.10
248951,3299329,11,Joya (NP) - Ward No.11
248951,3299330,12,Joya (NP) - Ward No.12
248951,31438,2,Joya (NP) - Ward No.2
248951,31439,3,Joya (NP) - Ward No.3
248951,31440,4,Joya (NP) - Ward No.4
248951,31441,5,Joya (NP) - Ward No.5
248951,31442,6,Joya (NP) - Ward No.6
248951,31443,7,Joya (NP) - Ward No.7
248951,31444,8,Joya (NP) - Ward No.8
248951,31445,9,Joya (NP) - Ward No.9
248952,31447,1,Hasanpur (MB) - Ward No.1
248952,31634,10,Hasanpur (MB) - Ward No.10
248952,31635,11,Hasanpur (MB) - Ward No.11
248952,31636,12,Hasanpur (MB) - Ward No.12
248952,31637,13,Hasanpur (MB) - Ward No.13
248952,31638,14,Hasanpur (MB) - Ward No.14
248952,31639,15,Hasanpur (MB) - Ward No.15
248952,31640,16,Hasanpur (MB) - Ward No.16
248952,31641,17,Hasanpur (MB) - Ward No.17
248952,31642,18,Hasanpur (MB) - Ward No.18
248952,31643,19,Hasanpur (MB) - Ward No.19
248952,31448,2,Hasanpur (MB) - Ward No.2
248952,31644,20,Hasanpur (MB) - Ward No.20
248952,31645,21,Hasanpur (MB) - Ward No.21
248952,31646,22,Hasanpur (MB) - Ward No.22
248952,31647,23,Hasanpur (MB) - Ward No.23
248952,31648,24,Hasanpur (MB) - Ward No.24
248952,31649,25,Hasanpur (MB) - Ward No.25
248952,31449,3,Hasanpur (MB) - Ward No.3
248952,31628,4,Hasanpur (MB) - Ward No.4
248952,31629,5,Hasanpur (MB) - Ward No.5
248952,31630,6,Hasanpur (MB) - Ward No.6
248952,31631,7,Hasanpur (MB) - Ward No.7
248952,31632,8,Hasanpur (MB) - Ward No.8
248952,31633,9,Hasanpur (MB) - Ward No.9
248953,58326,1,Ujhari (NP) - Ward No.1
248953,58335,10,Ujhari (NP) - Ward No.10
248953,58336,11,Ujhari (NP) - Ward No.11
248953,58337,12,Ujhari (NP) - Ward No.12
248953,58338,13,Ujhari (NP) - Ward No.13
248953,3299328,14,Ujhari (NP) - Ward No.14
248953,58327,2,Ujhari (NP) - Ward No.2
248953,58328,3,Ujhari (NP) - Ward No.3
248953,58329,4,Ujhari (NP) - Ward No.4
248953,58330,5,Ujhari (NP) - Ward No.5
248953,58331,6,Ujhari (NP) - Ward No.6
248953,58332,7,Ujhari (NP) - Ward No.7
248953,58333,8,Ujhari (NP) - Ward No.8
248953,58334,9,Ujhari (NP) - Ward No.9
248954,31650,1,Karnawal (NP) - Ward No.1
248954,31659,10,Karnawal (NP) - Ward No.10
248954,31660,11,Karnawal (NP) - Ward No.11
248954,31651,2,Karnawal (NP) - Ward No.2
248954,31652,3,Karnawal (NP) - Ward No.3
248954,31653,4,Karnawal (NP) - Ward No.4
248954,31654,5,Karnawal (NP) - Ward No.5
248954,31655,6,Karnawal (NP) - Ward No.6
248954,31656,7,Karnawal (NP) - Ward No.7
248954,31657,8,Karnawal (NP) - Ward No.8
248954,31658,9,Karnawal (NP) - Ward No.9
248955,31661,1,Sardhana (MB) - Ward No.1
248955,31670,10,Sardhana (MB) - Ward No.10
248955,31671,11,Sardhana (MB) - Ward No.11
248955,31672,12,Sardhana (MB) - Ward No.12
248955,31673,13,Sardhana (MB) - Ward No.13
248955,31674,14,Sardhana (MB) - Ward No.14
248955,31675,15,Sardhana (MB) - Ward No.15
248955,31676,16,Sardhana (MB) - Ward No.16
248955,31677,17,Sardhana (MB) - Ward No.17
248955,31678,18,Sardhana (MB) - Ward No.18
248955,31679,19,Sardhana (MB) - Ward No.19
248955,31662,2,Sardhana (MB) - Ward No.2
248955,31680,20,Sardhana (MB) - Ward No.20
248955,31681,21,Sardhana (MB) - Ward No.21
248955,31682,22,Sardhana (MB) - Ward No.22
248955,31683,23,Sardhana (MB) - Ward No.23
248955,31684,24,Sardhana (MB) - Ward No.24
248955,31685,25,Sardhana (MB) - Ward No.25
248955,31663,3,Sardhana (MB) - Ward No.3
248955,31664,4,Sardhana (MB) - Ward No.4
248955,31665,5,Sardhana (MB) - Ward No.5
248955,31666,6,Sardhana (MB) - Ward No.6
248955,31667,7,Sardhana (MB) - Ward No.7
248955,31668,8,Sardhana (MB) - Ward No.8
248955,31669,9,Sardhana (MB) - Ward No.9
248956,31686,1,Daurala (NP) - Ward No.1
248956,31695,10,Daurala (NP) - Ward No.10
248956,31696,11,Daurala (NP) - Ward No.11
248956,31687,2,Daurala (NP) - Ward No.2
248956,31688,3,Daurala (NP) - Ward No.3
248956,31689,4,Daurala (NP) - Ward No.4
248956,31690,5,Daurala (NP) - Ward No.5
248956,31691,6,Daurala (NP) - Ward No.6
248956,31692,7,Daurala (NP) - Ward No.7
248956,31693,8,Daurala (NP) - Ward No.8
248956,31694,9,Daurala (NP) - Ward No.9
248957,31697,1,Lawar (NP) - Ward No.1
248957,31706,10,Lawar (NP) - Ward No.10
248957,31707,11,Lawar (NP) - Ward No.11
248957,31708,12,Lawar (NP) - Ward No.12
248957,31709,13,Lawar (NP) - Ward No.13
248957,31698,2,Lawar (NP) - Ward No.2
248957,31699,3,Lawar (NP) - Ward No.3
248957,31700,4,Lawar (NP) - Ward No.4
248957,31701,5,Lawar (NP) - Ward No.5
248957,31702,6,Lawar (NP) - Ward No.6
248957,31703,7,Lawar (NP) - Ward No.7
248957,31704,8,Lawar (NP) - Ward No.8
248957,31705,9,Lawar (NP) - Ward No.9
248958,31710,1,Phalauda (NP) - Ward No.1
248958,31719,10,Phalauda (NP) - Ward No.10
248958,31720,11,Phalauda (NP) - Ward No.11
248958,31721,12,Phalauda (NP) - Ward No.12
248958,31711,2,Phalauda (NP) - Ward No.2
248958,31712,3,Phalauda (NP) - Ward No.3
248958,31713,4,Phalauda (NP) - Ward No.4
248958,31714,5,Phalauda (NP) - Ward No.5
248958,31715,6,Phalauda (NP) - Ward No.6
248958,31716,7,Phalauda (NP) - Ward No.7
248958,31717,8,Phalauda (NP) - Ward No.8
248958,31718,9,Phalauda (NP) - Ward No.9
248959,31722,1,Bahsuma (NP) - Ward No.1
248959,32118,10,Bahsuma (NP) - Ward No.10
248959,31723,2,Bahsuma (NP) - Ward No.2
248959,31724,3,Bahsuma (NP) - Ward No.3
248959,31725,4,Bahsuma (NP) - Ward No.4
248959,32113,5,Bahsuma (NP) - Ward No.5
248959,32114,6,Bahsuma (NP) - Ward No.6
248959,32115,7,Bahsuma (NP) - Ward No.7
248959,32116,8,Bahsuma (NP) - Ward No.8
248959,32117,9,Bahsuma (NP) - Ward No.9
248960,58339,1,Hastinapur (NP) - Ward No.1
248960,58348,10,Hastinapur (NP) - Ward No.10
248960,58349,11,Hastinapur (NP) - Ward No.11
248960,58350,12,Hastinapur (NP) - Ward No.12
248960,58351,13,Hastinapur (NP) - Ward No.13
248960,58340,2,Hastinapur (NP) - Ward No.2
248960,58341,3,Hastinapur (NP) - Ward No.3
248960,58342,4,Hastinapur (NP) - Ward No.4
248960,58343,5,Hastinapur (NP) - Ward No.5
248960,58344,6,Hastinapur (NP) - Ward No.6
248960,58345,7,Hastinapur (NP) - Ward No.7
248960,58346,8,Hastinapur (NP) - Ward No.8
248960,58347,9,Hastinapur (NP) - Ward No.9
248961,32119,1,Mawana (MB) - Ward No.1
248961,32128,10,Mawana (MB) - Ward No.10
248961,32129,11,Mawana (MB) - Ward No.11
248961,32130,12,Mawana (MB) - Ward No.12
248961,32131,13,Mawana (MB) - Ward No.13
248961,32132,14,Mawana (MB) - Ward No.14
248961,32133,15,Mawana (MB) - Ward No.15
248961,32134,16,Mawana (MB) - Ward No.16
248961,32135,17,Mawana (MB) - Ward No.17
248961,32136,18,Mawana (MB) - Ward No.18
248961,32137,19,Mawana (MB) - Ward No.19
248961,32120,2,Mawana (MB) - Ward No.2
248961,32138,20,Mawana (MB) - Ward No.20
248961,32139,21,Mawana (MB) - Ward No.21
248961,32140,22,Mawana (MB) - Ward No.22
248961,32141,23,Mawana (MB) - Ward No.23
248961,32142,24,Mawana (MB) - Ward No.24
248961,32143,25,Mawana (MB) - Ward No.25
248961,32121,3,Mawana (MB) - Ward No.3
248961,32122,4,Mawana (MB) - Ward No.4
248961,32123,5,Mawana (MB) - Ward No.5
248961,32124,6,Mawana (MB) - Ward No.6
248961,32125,7,Mawana (MB) - Ward No.7
248961,32126,8,Mawana (MB) - Ward No.8
248961,32127,9,Mawana (MB) - Ward No.9
248962,58352,1,Parikshitgarh (NP) - Ward No.1
248962,58361,10,Parikshitgarh (NP) - Ward No.10
248962,58362,11,Parikshitgarh (NP) - Ward No.11
248962,58363,12,Parikshitgarh (NP) - Ward No.12
248962,58353,2,Parikshitgarh (NP) - Ward No.2
248962,58354,3,Parikshitgarh (NP) - Ward No.3
248962,58355,4,Parikshitgarh (NP) - Ward No.4
248962,58356,5,Parikshitgarh (NP) - Ward No.5
248962,58357,6,Parikshitgarh (NP) - Ward No.6
248962,58358,7,Parikshitgarh (NP) - Ward No.7
248962,58359,8,Parikshitgarh (NP) - Ward No.8
248962,58360,9,Parikshitgarh (NP) - Ward No.9
248963,32144,1,Kithaur (NP) - Ward No.1
248963,32153,10,Kithaur (NP) - Ward No.10
248963,32154,11,Kithaur (NP) - Ward No.11
248963,32155,12,Kithaur (NP) - Ward No.12
248963,32156,13,Kithaur (NP) - Ward No.13
248963,32157,14,Kithaur (NP) - Ward No.14
248963,32158,15,Kithaur (NP) - Ward No.15
248963,32145,2,Kithaur (NP) - Ward No.2
248963,32146,3,Kithaur (NP) - Ward No.3
248963,32147,4,Kithaur (NP) - Ward No.4
248963,32148,5,Kithaur (NP) - Ward No.5
248963,32149,6,Kithaur (NP) - Ward No.6
248963,32150,7,Kithaur (NP) - Ward No.7
248963,32151,8,Kithaur (NP) - Ward No.8
248963,32152,9,Kithaur (NP) - Ward No.9
248964,58364,1,Meerut (M Corp.) - Ward No.1
248964,58373,10,Meerut (M Corp.) - Ward No.10
248964,58374,11,Meerut (M Corp.) - Ward No.11
248964,58375,12,Meerut (M Corp.) - Ward No.12
248964,58376,13,Meerut (M Corp.) - Ward No.13
248964,58377,14,Meerut (M Corp.) - Ward No.14
248964,58378,15,Meerut (M Corp.) - Ward No.15
248964,58379,16,Meerut (M Corp.) - Ward No.16
248964,58380,17,Meerut (M Corp.) - Ward No.17
248964,58381,18,Meerut (M Corp.) - Ward No.18
248964,58382,19,Meerut (M Corp.) - Ward No.19
248964,58365,2,Meerut (M Corp.) - Ward No.2
248964,58383,20,Meerut (M Corp.) - Ward No.20
248964,58384,21,Meerut (M Corp.) - Ward No.21
248964,58385,22,Meerut (M Corp.) - Ward No.22
248964,58386,23,Meerut (M Corp.) - Ward No.23
248964,58387,24,Meerut (M Corp.) - Ward No.24
248964,58388,25,Meerut (M Corp.) - Ward No.25
248964,58389,26,Meerut (M Corp.) - Ward No.26
248964,58390,27,Meerut (M Corp.) - Ward No.27
248964,58391,28,Meerut (M Corp.) - Ward No.28
248964,58392,29,Meerut (M Corp.) - Ward No.29
248964,58366,3,Meerut (M Corp.) - Ward No.3
248964,58393,30,Meerut (M Corp.) - Ward No.30
248964,58394,31,Meerut (M Corp.) - Ward No.31
248964,58395,32,Meerut (M Corp.) - Ward No.32
248964,58396,33,Meerut (M Corp.) - Ward No.33
248964,58397,34,Meerut (M Corp.) - Ward No.34
248964,58398,35,Meerut (M Corp.) - Ward No.35
248964,58399,36,Meerut (M Corp.) - Ward No.36
248964,58400,37,Meerut (M Corp.) - Ward No.37
248964,58401,38,Meerut (M Corp.) - Ward No.38
248964,58402,39,Meerut (M Corp.) - Ward No.39
248964,58367,4,Meerut (M Corp.) - Ward No.4
248964,58403,40,Meerut (M Corp.) - Ward No.40
248964,58404,41,Meerut (M Corp.) - Ward No.41
248964,58405,42,Meerut (M Corp.) - Ward No.42
248964,58406,43,Meerut (M Corp.) - Ward No.43
248964,59676,44,Meerut (M Corp.) - Ward No.44
248964,59677,45,Meerut (M Corp.) - Ward No.45
248964,59678,46,Meerut (M Corp.) - Ward No.46
248964,59679,47,Meerut (M Corp.) - Ward No.47
248964,59680,48,Meerut (M Corp.) - Ward No.48
248964,59681,49,Meerut (M Corp.) - Ward No.49
248964,58368,5,Meerut (M Corp.) - Ward No.5
248964,59682,50,Meerut (M Corp.) - Ward No.50
248964,59683,51,Meerut (M Corp.) - Ward No.51
248964,59684,52,Meerut (M Corp.) - Ward No.52
248964,59685,53,Meerut (M Corp.) - Ward No.53
248964,59686,54,Meerut (M Corp.) - Ward No.54
248964,59687,55,Meerut (M Corp.) - Ward No.55
248964,59688,56,Meerut (M Corp.) - Ward No.56
248964,59689,57,Meerut (M Corp.) - Ward No.57
248964,59690,58,Meerut (M Corp.) - Ward No.58
248964,59691,59,Meerut (M Corp.) - Ward No.59
248964,58369,6,Meerut (M Corp.) - Ward No.6
248964,59692,60,Meerut (M Corp.) - Ward No.60
248964,59693,61,Meerut (M Corp.) - Ward No.61
248964,59694,62,Meerut (M Corp.) - Ward No.62
248964,59695,63,Meerut (M Corp.) - Ward No.63
248964,59696,64,Meerut (M Corp.) - Ward No.64
248964,59697,65,Meerut (M Corp.) - Ward No.65
248964,59698,66,Meerut (M Corp.) - Ward No.66
248964,59699,67,Meerut (M Corp.) - Ward No.67
248964,59700,68,Meerut (M Corp.) - Ward No.68
248964,59701,69,Meerut (M Corp.) - Ward No.69
248964,58370,7,Meerut (M Corp.) - Ward No.7
248964,59702,70,Meerut (M Corp.) - Ward No.70
248964,58371,8,Meerut (M Corp.) - Ward No.8
248964,58372,9,Meerut (M Corp.) - Ward No.9
248967,32161,1,Sewalkhas (NP) - Ward No.1
248967,32170,10,Sewalkhas (NP) - Ward No.10
248967,32171,11,Sewalkhas (NP) - Ward No.11
248967,32172,12,Sewalkhas (NP) - Ward No.12
248967,32173,13,Sewalkhas (NP) - Ward No.13
248967,32162,2,Sewalkhas (NP) - Ward No.2
248967,32163,3,Sewalkhas (NP) - Ward No.3
248967,32164,4,Sewalkhas (NP) - Ward No.4
248967,32165,5,Sewalkhas (NP) - Ward No.5
248967,32166,6,Sewalkhas (NP) - Ward No.6
248967,32167,7,Sewalkhas (NP) - Ward No.7
248967,32168,8,Sewalkhas (NP) - Ward No.8
248967,32169,9,Sewalkhas (NP) - Ward No.9
248968,32174,1,Kharkhoda (NP) - Ward No.1
248968,32183,10,Kharkhoda (NP) - Ward No.10
248968,32184,11,Kharkhoda (NP) - Ward No.11
248968,32175,2,Kharkhoda (NP) - Ward No.2
248968,32176,3,Kharkhoda (NP) - Ward No.3
248968,32177,4,Kharkhoda (NP) - Ward No.4
248968,32178,5,Kharkhoda (NP) - Ward No.5
248968,32179,6,Kharkhoda (NP) - Ward No.6
248968,32180,7,Kharkhoda (NP) - Ward No.7
248968,32181,8,Kharkhoda (NP) - Ward No.8
248968,32182,9,Kharkhoda (NP) - Ward No.9
248969,59703,1,Chhaprauli (NP) - Ward No.1
248969,59712,10,Chhaprauli (NP) - Ward No.10
248969,59713,11,Chhaprauli (NP) - Ward No.11
248969,59714,12,Chhaprauli (NP) - Ward No.12
248969,59715,13,Chhaprauli (NP) - Ward No.13
248969,59716,14,Chhaprauli (NP) - Ward No.14
248969,59704,2,Chhaprauli (NP) - Ward No.2
248969,59705,3,Chhaprauli (NP) - Ward No.3
248969,59706,4,Chhaprauli (NP) - Ward No.4
248969,59707,5,Chhaprauli (NP) - Ward No.5
248969,59708,6,Chhaprauli (NP) - Ward No.6
248969,59709,7,Chhaprauli (NP) - Ward No.7
248969,59710,8,Chhaprauli (NP) - Ward No.8
248969,59711,9,Chhaprauli (NP) - Ward No.9
248970,32185,1,Tikri (NP) - Ward No.1
248970,32194,10,Tikri (NP) - Ward No.10
248970,32195,11,Tikri (NP) - Ward No.11
248970,32196,12,Tikri (NP) - Ward No.12
248970,32186,2,Tikri (NP) - Ward No.2
248970,32187,3,Tikri (NP) - Ward No.3
248970,32188,4,Tikri (NP) - Ward No.4
248970,32189,5,Tikri (NP) - Ward No.5
248970,32190,6,Tikri (NP) - Ward No.6
248970,32191,7,Tikri (NP) - Ward No.7
248970,32192,8,Tikri (NP) - Ward No.8
248970,32193,9,Tikri (NP) - Ward No.9
248971,59717,1,Doghat (NP) - Ward No.1
248971,59726,10,Doghat (NP) - Ward No.10
248971,59727,11,Doghat (NP) - Ward No.11
248971,59728,12,Doghat (NP) - Ward No.12
248971,59718,2,Doghat (NP) - Ward No.2
248971,59719,3,Doghat (NP) - Ward No.3
248971,59720,4,Doghat (NP) - Ward No.4
248971,59721,5,Doghat (NP) - Ward No.5
248971,59722,6,Doghat (NP) - Ward No.6
248971,59723,7,Doghat (NP) - Ward No.7
248971,59724,8,Doghat (NP) - Ward No.8
248971,59725,9,Doghat (NP) - Ward No.9
248972,32197,1,Baraut (MB) - Ward No.1
248972,32206,10,Baraut (MB) - Ward No.10
248972,32207,11,Baraut (MB) - Ward No.11
248972,32208,12,Baraut (MB) - Ward No.12
248972,32209,13,Baraut (MB) - Ward No.13
248972,32210,14,Baraut (MB) - Ward No.14
248972,32211,15,Baraut (MB) - Ward No.15
248972,32212,16,Baraut (MB) - Ward No.16
248972,32213,17,Baraut (MB) - Ward No.17
248972,32214,18,Baraut (MB) - Ward No.18
248972,32215,19,Baraut (MB) - Ward No.19
248972,32198,2,Baraut (MB) - Ward No.2
248972,32216,20,Baraut (MB) - Ward No.20
248972,32217,21,Baraut (MB) - Ward No.21
248972,32218,22,Baraut (MB) - Ward No.22
248972,32219,23,Baraut (MB) - Ward No.23
248972,32220,24,Baraut (MB) - Ward No.24
248972,32221,25,Baraut (MB) - Ward No.25
248972,32199,3,Baraut (MB) - Ward No.3
248972,32200,4,Baraut (MB) - Ward No.4
248972,32201,5,Baraut (MB) - Ward No.5
248972,32202,6,Baraut (MB) - Ward No.6
248972,32203,7,Baraut (MB) - Ward No.7
248972,32204,8,Baraut (MB) - Ward No.8
248972,32205,9,Baraut (MB) - Ward No.9
248973,32222,1,Baghpat (MB) - Ward No.1
248973,32231,10,Baghpat (MB) - Ward No.10
248973,32232,11,Baghpat (MB) - Ward No.11
248973,32233,12,Baghpat (MB) - Ward No.12
248973,32234,13,Baghpat (MB) - Ward No.13
248973,32235,14,Baghpat (MB) - Ward No.14
248973,32236,15,Baghpat (MB) - Ward No.15
248973,32237,16,Baghpat (MB) - Ward No.16
248973,32238,17,Baghpat (MB) - Ward No.17
248973,32239,18,Baghpat (MB) - Ward No.18
248973,32240,19,Baghpat (MB) - Ward No.19
248973,32223,2,Baghpat (MB) - Ward No.2
248973,32241,20,Baghpat (MB) - Ward No.20
248973,32242,21,Baghpat (MB) - Ward No.21
248973,32243,22,Baghpat (MB) - Ward No.22
248973,32244,23,Baghpat (MB) - Ward No.23
248973,32245,24,Baghpat (MB) - Ward No.24
248973,32246,25,Baghpat (MB) - Ward No.25
248973,32224,3,Baghpat (MB) - Ward No.3
248973,32225,4,Baghpat (MB) - Ward No.4
248973,32226,5,Baghpat (MB) - Ward No.5
248973,32227,6,Baghpat (MB) - Ward No.6
248973,32228,7,Baghpat (MB) - Ward No.7
248973,32229,8,Baghpat (MB) - Ward No.8
248973,32230,9,Baghpat (MB) - Ward No.9
248974,32247,1,Agarwal Mandi (NP) - Ward No.1
248974,32256,10,Agarwal Mandi (NP) - Ward No.10
248974,32257,11,Agarwal Mandi (NP) - Ward No.11
248974,32248,2,Agarwal Mandi (NP) - Ward No.2
248974,32249,3,Agarwal Mandi (NP) - Ward No.3
248974,32250,4,Agarwal Mandi (NP) - Ward No.4
248974,32251,5,Agarwal Mandi (NP) - Ward No.5
248974,32252,6,Agarwal Mandi (NP) - Ward No.6
248974,32253,7,Agarwal Mandi (NP) - Ward No.7
248974,32254,8,Agarwal Mandi (NP) - Ward No.8
248974,32255,9,Agarwal Mandi (NP) - Ward No.9
248975,59729,1,Aminagar Sarai (NP) - Ward No.1
248975,59738,10,Aminagar Sarai (NP) - Ward No.10
248975,59730,2,Aminagar Sarai (NP) - Ward No.2
248975,59731,3,Aminagar Sarai (NP) - Ward No.3
248975,59732,4,Aminagar Sarai (NP) - Ward No.4
248975,59733,5,Aminagar Sarai (NP) - Ward No.5
248975,59734,6,Aminagar Sarai (NP) - Ward No.6
248975,59735,7,Aminagar Sarai (NP) - Ward No.7
248975,59736,8,Aminagar Sarai (NP) - Ward No.8
248975,59737,9,Aminagar Sarai (NP) - Ward No.9
248977,32276,1,Harijanan-1
248977,32285,10,Jattan-10
248977,32277,2,Bhangiyan-2
248977,32278,3,Pulwala-3
248977,32279,4,Painthwala-4
248977,32280,5,Peerwala-5
248977,32281,6,Mandirwala-6
248977,32282,7,Kutiwala-7
248977,32283,8,Kashyap Rajputan-8
248977,32284,9,Unchigal-9
248978,32286,1,Visnupuri - Ward No.1
248978,32295,10,Kailashpuri-10
248978,32287,2,Niwari (NP) - Ward No.2
248978,32288,3,Maheshpuri- Ward No.3
248978,32289,4,Kashewpuri - Ward No.4
248978,32290,5,Inderpuri Bhag-2 - - Ward No.5
248978,32291,6,Shankarpuri-6
248978,32292,7,Mohanpuri-7
248978,32293,8,Bharampuri-8
248978,32294,9,Shivpuri-9
248981,32297,1,Indrapuri- Ward No.1
248981,32306,10,Kevadainagar - Ward No.10
248981,32307,11,Chotti Market - Ward No.11
248981,32308,12,Govindpuri - Ward No.12
248981,32309,13,Duble Story- Ward No.13
248981,32310,14,Bag Colony- Ward No.14
248981,32311,15,Modi Steel Colony- Ward No.15
248981,32312,16,Badi Market- Ward No.16
248981,32313,17,Multanipura - Ward No.17
248981,32314,18,Satish Park- Ward No.18
248981,32315,19,Bhagwanganjmandi- Ward No.19
248981,32298,2,Bhupanderpuri Chunna Bhatti- Ward No.2
248981,32316,20,Schatapuri- Ward No.20
248981,32317,21,Shvipuri - Ward No.21
248981,32318,22,Mhenderpuri - Ward No.22
248981,32319,23,Modipon Colony - Ward No.23
248981,32320,24,Devenderpuri- Ward No.24
248981,32321,25,Bhrampuri - Ward No.25
248981,32299,3,Faffrana Basti- Ward No.3
248981,32300,4,Nand Nagri- Ward No.4
248981,32301,5,Hanumanpuri - Ward No.5
248981,32302,6,Bhupanderpuri- Ward No.6
248981,32303,7,Gurunanakpura - Ward No.7
248981,32304,8,Vishivkarma Basti - Ward No.8
248981,32305,9,Santpura- Ward No.9
248982,32322,1,Rajputan Bijliwala-1
248982,32331,10,Vyapariyan-10
248982,32332,11,Taliyan West-11
248982,32323,2,Naya Bans-2
248982,32324,3,Gautampuri-3
248982,32325,4,Lodhan-4
248982,32326,5,Gadi Vilayan-5
248982,32327,6,Rajputan-6
248982,32328,7,Taliyan East-7
248982,32329,8,Bhajpuriyan-8
248982,32330,9,Pust Chawki-9
248983,32333,1,Sheetalpuri - Ward No.1
248983,32342,10,Highdal Uklarshi - Ward No.10
248983,32343,11,Pattanan Idgha Basti Pachem- Ward No.11
248983,32344,12,Indrapuri Santlok Assram - Ward No.12
248983,32345,13,Adersh Colony - Ward No.13
248983,32346,14,Gaundhi Colony - Ward No.14
248983,32347,15,Adersh Nagar - Ward No.15
248983,32348,16,Malik Nagar - Ward No.16
248983,32349,17,Kumharan- Ward No.17
248983,32350,18,Vikash Chatra Colony Adershnagar Ansik -.18
248983,32351,19,Tower Wala- Ward No.19
248983,32334,2,"Mho. Jeetpur, Koribastimamta Colony- .2"
248983,32352,20,Mahajannan Bhramnan - Ward No.20
248983,32353,21,Idgha Basti Nujganj Ansik- Ward No.21
248983,32354,22,Code Mugliyan - Ward No.22
248983,32355,23,Code Yaparin Jwaharmandi- Ward No.23
248983,32356,24,Bariwala- Ward No.24
248983,32357,25,Cot Mugliyan - Ward No.25
248983,32335,3,"Dargha Chvand, Bichpara,Kacchi Saray Ansik-.3"
248983,32336,4,Defence Colony - Ward No.4
248983,32337,5,Vijaymadi Pretvihar - Ward No.5
248983,32338,6,Bhrampuri Gadriyan- Ward No.6
248983,32339,7,Yapariyan Bada Mandir - Ward No.7
248983,32340,8,Uklarshi Ansik Defence Colony - Ward No.8
248983,32341,9,Jalpurroad Gangavihar - Ward No.9
248985,32358,1,"Sale Nagar, Vikasnagar- Ward No.1"
248985,32367,10,"Indrapuri A B C Block ,Lalbagh - Ward No.10"
248985,32368,11,Dahma Inclave - Ward No.11
248985,32369,12,Sadullabad-Nasbandicalony- Ward No.12
248985,32370,13,"Jawah Nagar, Balraj Nagar D,N 2- Ward No.13"
248985,32371,14,"Jawahar Nagar, Kesav Nagar Uttri No.1- Ward No.14"
248985,32372,15,"Tilakram Caloney, Sosayeti- Ward No.15"
248985,32373,16,Param Vihar Dashin No2 - Ward No.16
248985,32374,17,"Lakhmi Gardun, Sangam Vihar No 1 - Ward No.17"
248985,32375,18,"Jawahar Nagar D,No-1- Ward No.18"
248985,32359,2,Bhata Hajipur- Ward No.2
248985,32360,3,Panchwati- Ward No.3
248985,32361,4,Amit Vihar- Ward No.4
248985,32362,5,Rana New Vikas Nagar - Ward No.5
248985,32363,6,Uttrachal Vihar - Ward No.6
248985,32364,7,Rahul Gardun - Ward No.7
248985,32365,8,Balram Nagar X0- Daber Talab- Ward No.8
248985,32366,9,"Rajnagar, Rajpuri- Ward No.9"
248988,32378,1,Kalkagarh Jatwara- Ward No.1
248988,32387,10,Nandgram Dendyalpuri- Ward No.10
248988,32388,11,Patelnagar Mukandnagar- Ward No.11
248988,32389,12,Sarvodyanagar - Ward No.12
248988,32390,13,Kalashnagar- Ward No.13
248988,32391,14,Gaganvihar- Ward No.14
248988,32392,15,Madhopura Sundarpuri- Ward No.15
248988,32393,16,Maharoli - Ward No.16
248988,32394,17,Kerhada- Ward No.17
248988,32395,18,Ambedkarnagar - Ward No.18
248988,32396,19,Ghugna- Ward No.19
248988,32379,2,Purana Vijaynagar- Ward No.2
248988,32397,20,Morta- Ward No.20
248988,32398,21,Shastrinagar Rajapur - Ward No.21
248988,32399,22,Duhai - Ward No.22
248988,32400,23,Dundhahara - Ward No.23
248988,32401,24,Pasonda - Ward No.24
248988,32402,25,Arthala Pal Road- Ward No.25
248988,32403,26,Vijaynagar Sec-9 (I) - Ward No.26
248988,32404,27,Saraynazarali - Ward No.27
248988,32405,28,Mharapur Kadkadmodal - Ward No.28
248988,33057,29,Vasundhra Colony - Ward No.29
248988,32380,3,Baghu Kirichyannagar- Ward No.3
248988,33058,30,Saddiknagar Nurnagar - Ward No.30
248988,33059,31,Aryanagar Cotgaw- Ward No.31
248988,33060,32,Nangram Sihani - Ward No.32
248988,33061,33,"Rahishpur, Sanjaynagar - Ward No.33"
248988,33062,34,Shastrinagar Chrainjevvihar - Ward No.34
248988,33063,35,Sadarpur Govindpuram - Ward No.35
248988,33064,36,Shaibabad Jhandapur- Ward No.36
248988,33065,37,Sanjay Colony - Ward No.37
248988,33066,38,Shapur Bamhata - Ward No.38
248988,33067,39,Nahirpur - Ward No.39
248988,32381,4,Sibbanpura Harwanshnagar - Ward No.4
248988,33068,40,Shyampark Main - Ward No.40
248988,33069,41,Bhowapur Kaushyambi- Ward No.41
248988,33070,42,Harshaw Govindpuram - Ward No.42
248988,33071,43,Kela Islamnagar- Ward No.43
248988,33072,44,Saheednagar(I)- Ward No.44
248988,33073,45,"Vijaynagar Sec-11, A Block- Ward No.45"
248988,33074,46,Garima Gardian- Ward No.46
248988,33075,47,Naharunagar (Ii) - Ward No.47
248988,33076,48,Bhowpura - Ward No.48
248988,33077,49,Makanpur Indrapuram- Ward No.49
248988,32382,5,Maliwara Prangarhi - Ward No.5
248988,33078,50,Petalnagar (Ii) Bongha- Ward No.50
248988,33079,51,Mirzapur- Ward No.51
248988,33080,52,Shivpuri - Ward No.52
248988,33081,53,Rajnagar Kamlanahrunagar - Ward No.53
248988,33082,54,Chanderpuri- Ward No.54
248988,33083,55,Bazarya- Ward No.55
248988,33084,56,Sewanagar - Ward No.56
248988,33085,57,Jawaharpark - Ward No.57
248988,33086,58,Vaishali- Ward No.58
248988,33087,59,Sanjaynagar Guldhar - Ward No.59
248988,32383,6,Akbarpur Bharampur- Ward No.6
248988,33088,60,"Rajendernagar, Sec-3 - Ward No.60"
248988,32384,7,Dolatpura- Ward No.7
248988,32385,8,Sector12 Matacolony- Ward No.8
248988,32386,9,Papu Colony- Ward No.9
248989,33089,1,Harijan Basti-1
248989,33098,10,Shri Ram Collony-10
248989,33099,11,Murgi Farm-11
248989,33100,12,Dus Bisa-12
248989,33101,13,Hanuman Mandir-13
248989,33102,14,Jalalkhani-14
248989,33090,2,Yasingari-2
248989,33091,3,Purani Painthwala-3
248989,33092,4,Hindon Nagar-4
248989,33093,5,Bharbhujowala-5
248989,33094,6,Charbisa-6
248989,33095,7,Adhyatmik Nagar-7
248989,33096,8,Qurasiyan-8
248989,33097,9,Bajigran-9
248990,33103,1,Aryanagar- Ward No.1
248990,33112,10,Mandi Ganj - Ward No.10
248990,33113,11,Gar Hi Main- Ward No.11
248990,33114,12,Mandi Purav(Chiddapuri) - Ward No.12
248990,33115,13,Garhi Partapur - Ward No.13
248990,33116,14,Dabriya- Ward No.14
248990,33117,15,Sarvodyanagar - Ward No.15
248990,33118,16,Kirishnaganj Paschim- Ward No.16
248990,33119,17,Mandi Railway Road - Ward No.17
248990,33120,18,Moter Stand - Ward No.18
248990,33121,19,Kirishnaganj Main- Ward No.19
248990,33104,2,Rampura - Ward No.2
248990,33122,20,Mandi Main - Ward No.20
248990,33123,21,Krishnaganj Saddekpura - Ward No.21
248990,33124,22,Madmaliyan - Ward No.22
248990,33125,23,Shivajinagar - Ward No.23
248990,33126,24,Chipiwada Pachim- Ward No.24
248990,33127,25,Chipiwada Purav- Ward No.25
248990,33105,3,Suklan- Ward No.3
248990,33106,4,Mandi Rampura- Ward No.4
248990,33107,5,Garhi Kankhali - Ward No.5
248990,33108,6,Pura - Ward No.6
248990,33109,7,New Aryanagar - Ward No.7
248990,33110,8,Chamran Sumali- Ward No.8
248990,33111,9,Mhadev- Ward No.9
248991,59741,1,Bhemnagar - Ward No.1
248991,59750,10,Patrapuri - Ward No.10
248991,59751,11,Kotla Sadat- Ward No.11
248991,59752,12,Collectorganj - Ward No.12
248991,59753,13,Ramagarhi - Ward No.13
248991,59754,14,Indergarhi- Ward No.14
248991,59755,15,Preampura - Ward No.15
248991,59756,16,Tagasaray - Ward No.16
248991,59757,17,Fulgarhi - Ward No.17
248991,59758,18,Chammri- Ward No.18
248991,59759,19,Nayi Abadhi - Ward No.19
248991,59742,2,Sotawali- Ward No.2
248991,59760,20,Ghandhi Vihar - Ward No.20
248991,59761,21,Gopipura - Ward No.21
248991,59762,22,Rajeev Vihar- Ward No.22
248991,59763,23,A V Ka Mureetroad- Ward No.23
248991,59764,24,Bhattapatti- Ward No.24
248991,59765,25,Channapuri- Ward No.25
248991,59766,26,Mazidapura - Ward No.26
248991,59767,27,A V Ka Bulandshar Road - Ward No.27
248991,59743,3,Chanderlok - Ward No.3
248991,59744,4,Adershnagar - Ward No.4
248991,59745,5,Ganeshpura - Ward No.5
248991,59746,6,Lazzapuri - Ward No.6
248991,59747,7,Asgarpura - Ward No.7
248991,59748,8,Shivgarhi- Ward No.8
248991,59749,9,Navikaream- Ward No.9
248992,33128,1,Mahatran
248992,33137,10,Lodan Gujran
248992,33129,2,Jattwan Purviyan
248992,33130,3,Imlewala
248992,33131,4,Harijan Wala
248992,33132,5,Musalman
248992,33133,6,Naye Basti
248992,33134,7,Jatav Wala
248992,33135,8,Idha Ghha
248992,33136,9,Wasyan
248993,33138,1,Ahatabastiram Madya) - Ward No.1
248993,33147,10,"Railwaystation,Indernagar Bijligar Choraha No.10"
248993,33148,11,Adershnagar Paschim - Ward No.11
248993,33149,12,Adershnagar Purav- Ward No.12
248993,33150,13,Refujee Colony - Ward No.13
248993,33151,14,Nayabast Baktawarpur- Ward No.14
248993,33152,15,Naya Basti Purav - Ward No.15
248993,33153,16,Brijghat South - Ward No.16
248993,33154,17,Midrapada- Ward No.17
248993,33155,18,Thakurdwar - Ward No.18
248993,33156,19,Brijghat North- Ward No.19
248993,33139,2,Ahatabastiram Purav() - Ward No.2
248993,33897,20,Darghasarif - Ward No.20
248993,33898,21,Nazim Colony Mandi Jawaharganj - Ward No.21
248993,33899,22,Madarsha Purav - Ward No.22
248993,33900,23,Jamidaran Musalman- Ward No.23
248993,33901,24,Rameshwarvan Ghosiyan - Ward No.24
248993,33902,25,Holi Jamidaran Hanud - Ward No.25
248993,33140,3,Rajeevnagar Purav) - Ward No.3
248993,33141,4,Ahatabastiram-Paschim- Ward No.4
248993,33142,5,Rajeevnagar Paschim - Ward No.5
248993,33143,6,Naya Basti West) - Ward No.6
248993,33144,7,Sanganwala - Ward No.7
248993,33145,8,Madhya Kishansingh - Ward No.8
248993,33146,9,Upadyaynagar) - Ward No.9
248996,33904,1,Dadri (MB) - Ward No.1
248996,33913,10,Dadri (MB) - Ward No.10
248996,33914,11,Dadri (MB) - Ward No.11
248996,33915,12,Dadri (MB) - Ward No.12
248996,33916,13,Dadri (MB) - Ward No.13
248996,33917,14,Dadri (MB) - Ward No.14
248996,33918,15,Dadri (MB) - Ward No.15
248996,33919,16,Dadri (MB) - Ward No.16
248996,33920,17,Dadri (MB) - Ward No.17
248996,33921,18,Dadri (MB) - Ward No.18
248996,33922,19,Dadri (MB) - Ward No.19
248996,33905,2,Dadri (MB) - Ward No.2
248996,33923,20,Dadri (MB) - Ward No.20
248996,33924,21,Dadri (MB) - Ward No.21
248996,33925,22,Dadri (MB) - Ward No.22
248996,33926,23,Dadri (MB) - Ward No.23
248996,33927,24,Dadri (MB) - Ward No.24
248996,33928,25,Dadri (MB) - Ward No.25
248996,33906,3,Dadri (MB) - Ward No.3
248996,33907,4,Dadri (MB) - Ward No.4
248996,33908,5,Dadri (MB) - Ward No.5
248996,33909,6,Dadri (MB) - Ward No.6
248996,33910,7,Dadri (MB) - Ward No.7
248996,33911,8,Dadri (MB) - Ward No.8
248996,33912,9,Dadri (MB) - Ward No.9
248997,33929,1,Bilaspur (NP) - Ward No.1
248997,33938,10,Bilaspur (NP) - Ward No.10
248997,33930,2,Bilaspur (NP) - Ward No.2
248997,33931,3,Bilaspur (NP) - Ward No.3
248997,33932,4,Bilaspur (NP) - Ward No.4
248997,33933,5,Bilaspur (NP) - Ward No.5
248997,33934,6,Bilaspur (NP) - Ward No.6
248997,33935,7,Bilaspur (NP) - Ward No.7
248997,33936,8,Bilaspur (NP) - Ward No.8
248997,33937,9,Bilaspur (NP) - Ward No.9
248998,59769,1,Dankaur (NP) - Ward No.1
248998,59778,10,Dankaur (NP) - Ward No.10
248998,59770,2,Dankaur (NP) - Ward No.2
248998,59771,3,Dankaur (NP) - Ward No.3
248998,59772,4,Dankaur (NP) - Ward No.4
248998,59773,5,Dankaur (NP) - Ward No.5
248998,59774,6,Dankaur (NP) - Ward No.6
248998,59775,7,Dankaur (NP) - Ward No.7
248998,59776,8,Dankaur (NP) - Ward No.8
248998,59777,9,Dankaur (NP) - Ward No.9
248999,33939,1,Kakod (NP) - Ward No.1
248999,33948,10,Kakod (NP) - Ward No.10
248999,33940,2,Kakod (NP) - Ward No.2
248999,33941,3,Kakod (NP) - Ward No.3
248999,33942,4,Kakod (NP) - Ward No.4
248999,33943,5,Kakod (NP) - Ward No.5
248999,33944,6,Kakod (NP) - Ward No.6
248999,33945,7,Kakod (NP) - Ward No.7
248999,33946,8,Kakod (NP) - Ward No.8
248999,33947,9,Kakod (NP) - Ward No.9
249000,33949,1,Rabupura (NP) - Ward No.1
249000,33958,10,Rabupura (NP) - Ward No.10
249000,33959,11,Rabupura (NP) - Ward No.11
249000,33950,2,Rabupura (NP) - Ward No.2
249000,33951,3,Rabupura (NP) - Ward No.3
249000,33952,4,Rabupura (NP) - Ward No.4
249000,33953,5,Rabupura (NP) - Ward No.5
249000,33954,6,Rabupura (NP) - Ward No.6
249000,33955,7,Rabupura (NP) - Ward No.7
249000,33956,8,Rabupura (NP) - Ward No.8
249000,33957,9,Rabupura (NP) - Ward No.9
249001,33960,1,Jahangirpur (NP) - Ward No.1
249001,33969,10,Jahangirpur (NP) - Ward No.10
249001,33961,2,Jahangirpur (NP) - Ward No.2
249001,33962,3,Jahangirpur (NP) - Ward No.3
249001,33963,4,Jahangirpur (NP) - Ward No.4
249001,33964,5,Jahangirpur (NP) - Ward No.5
249001,33965,6,Jahangirpur (NP) - Ward No.6
249001,33966,7,Jahangirpur (NP) - Ward No.7
249001,33967,8,Jahangirpur (NP) - Ward No.8
249001,33968,9,Jahangirpur (NP) - Ward No.9
249002,33970,1,Jewar (NP) - Ward No.1
249002,33979,10,Jewar (NP) - Ward No.10
249002,33980,11,Jewar (NP) - Ward No.11
249002,33981,12,Jewar (NP) - Ward No.12
249002,33982,13,Jewar (NP) - Ward No.13
249002,33983,14,Jewar (NP) - Ward No.14
249002,33984,15,Jewar (NP) - Ward No.15
249002,33985,16,Jewar (NP) - Ward No.16
249002,33971,2,Jewar (NP) - Ward No.2
249002,33972,3,Jewar (NP) - Ward No.3
249002,33973,4,Jewar (NP) - Ward No.4
249002,33974,5,Jewar (NP) - Ward No.5
249002,33975,6,Jewar (NP) - Ward No.6
249002,33976,7,Jewar (NP) - Ward No.7
249002,33977,8,Jewar (NP) - Ward No.8
249002,33978,9,Jewar (NP) - Ward No.9
249003,59779,1,Sikandrabad (MB) - Ward No.1
249003,59788,10,Sikandrabad (MB) - Ward No.10
249003,59789,11,Sikandrabad (MB) - Ward No.11
249003,59790,12,Sikandrabad (MB) - Ward No.12
249003,59791,13,Sikandrabad (MB) - Ward No.13
249003,59792,14,Sikandrabad (MB) - Ward No.14
249003,59793,15,Sikandrabad (MB) - Ward No.15
249003,59794,16,Sikandrabad (MB) - Ward No.16
249003,59795,17,Sikandrabad (MB) - Ward No.17
249003,59796,18,Sikandrabad (MB) - Ward No.18
249003,59797,19,Sikandrabad (MB) - Ward No.19
249003,59780,2,Sikandrabad (MB) - Ward No.2
249003,59798,20,Sikandrabad (MB) - Ward No.20
249003,59799,21,Sikandrabad (MB) - Ward No.21
249003,59800,22,Sikandrabad (MB) - Ward No.22
249003,59801,23,Sikandrabad (MB) - Ward No.23
249003,59802,24,Sikandrabad (MB) - Ward No.24
249003,59803,25,Sikandrabad (MB) - Ward No.25
249003,59781,3,Sikandrabad (MB) - Ward No.3
249003,59782,4,Sikandrabad (MB) - Ward No.4
249003,59783,5,Sikandrabad (MB) - Ward No.5
249003,59784,6,Sikandrabad (MB) - Ward No.6
249003,59785,7,Sikandrabad (MB) - Ward No.7
249003,59786,8,Sikandrabad (MB) - Ward No.8
249003,59787,9,Sikandrabad (MB) - Ward No.9
249004,59804,1,Aurangabad (NP) - Ward No.1
249004,59813,10,Aurangabad (NP) - Ward No.10
249004,59814,11,Aurangabad (NP) - Ward No.11
249004,59815,12,Aurangabad (NP) - Ward No.12
249004,59816,13,Aurangabad (NP) - Ward No.13
249004,59805,2,Aurangabad (NP) - Ward No.2
249004,59806,3,Aurangabad (NP) - Ward No.3
249004,59807,4,Aurangabad (NP) - Ward No.4
249004,59808,5,Aurangabad (NP) - Ward No.5
249004,59809,6,Aurangabad (NP) - Ward No.6
249004,59810,7,Aurangabad (NP) - Ward No.7
249004,59811,8,Aurangabad (NP) - Ward No.8
249004,59812,9,Aurangabad (NP) - Ward No.9
249005,33986,1,Bulandshahr (MB) - Ward No.1
249005,33995,10,Bulandshahr (MB) - Ward No.10
249005,33996,11,Bulandshahr (MB) - Ward No.11
249005,33997,12,Bulandshahr (MB) - Ward No.12
249005,33998,13,Bulandshahr (MB) - Ward No.13
249005,33999,14,Bulandshahr (MB) - Ward No.14
249005,34000,15,Bulandshahr (MB) - Ward No.15
249005,34001,16,Bulandshahr (MB) - Ward No.16
249005,34002,17,Bulandshahr (MB) - Ward No.17
249005,34003,18,Bulandshahr (MB) - Ward No.18
249005,34004,19,Bulandshahr (MB) - Ward No.19
249005,33987,2,Bulandshahr (MB) - Ward No.2
249005,34005,20,Bulandshahr (MB) - Ward No.20
249005,34006,21,Bulandshahr (MB) - Ward No.21
249005,34007,22,Bulandshahr (MB) - Ward No.22
249005,34008,23,Bulandshahr (MB) - Ward No.23
249005,34009,24,Bulandshahr (MB) - Ward No.24
249005,34010,25,Bulandshahr (MB) - Ward No.25
249005,34011,26,Bulandshahr (MB) - Ward No.26
249005,33988,3,Bulandshahr (MB) - Ward No.3
249005,33989,4,Bulandshahr (MB) - Ward No.4
249005,33990,5,Bulandshahr (MB) - Ward No.5
249005,33991,6,Bulandshahr (MB) - Ward No.6
249005,33992,7,Bulandshahr (MB) - Ward No.7
249005,33993,8,Bulandshahr (MB) - Ward No.8
249005,33994,9,Bulandshahr (MB) - Ward No.9
249006,34012,1,Gulaothi (MB) - Ward No.1
249006,34021,10,Gulaothi (MB) - Ward No.10
249006,34022,11,Gulaothi (MB) - Ward No.11
249006,34023,12,Gulaothi (MB) - Ward No.12
249006,34024,13,Gulaothi (MB) - Ward No.13
249006,34025,14,Gulaothi (MB) - Ward No.14
249006,34026,15,Gulaothi (MB) - Ward No.15
249006,34027,16,Gulaothi (MB) - Ward No.16
249006,34028,17,Gulaothi (MB) - Ward No.17
249006,34029,18,Gulaothi (MB) - Ward No.18
249006,34030,19,Gulaothi (MB) - Ward No.19
249006,34013,2,Gulaothi (MB) - Ward No.2
249006,34031,20,Gulaothi (MB) - Ward No.20
249006,34032,21,Gulaothi (MB) - Ward No.21
249006,34033,22,Gulaothi (MB) - Ward No.22
249006,34034,23,Gulaothi (MB) - Ward No.23
249006,34035,24,Gulaothi (MB) - Ward No.24
249006,34036,25,Gulaothi (MB) - Ward No.25
249006,34014,3,Gulaothi (MB) - Ward No.3
249006,34015,4,Gulaothi (MB) - Ward No.4
249006,34016,5,Gulaothi (MB) - Ward No.5
249006,34017,6,Gulaothi (MB) - Ward No.6
249006,34018,7,Gulaothi (MB) - Ward No.7
249006,34019,8,Gulaothi (MB) - Ward No.8
249006,34020,9,Gulaothi (MB) - Ward No.9
249007,34037,1,Bhawan Bahadur Nagar (NP) - Ward No.1
249007,34046,10,Bhawan Bahadur Nagar (NP) - Ward No.10
249007,34038,2,Bhawan Bahadur Nagar (NP) - Ward No.2
249007,34039,3,Bhawan Bahadur Nagar (NP) - Ward No.3
249007,34040,4,Bhawan Bahadur Nagar (NP) - Ward No.4
249007,34041,5,Bhawan Bahadur Nagar (NP) - Ward No.5
249007,34042,6,Bhawan Bahadur Nagar (NP) - Ward No.6
249007,34043,7,Bhawan Bahadur Nagar (NP) - Ward No.7
249007,34044,8,Bhawan Bahadur Nagar (NP) - Ward No.8
249007,34045,9,Bhawan Bahadur Nagar (NP) - Ward No.9
249008,34047,1,Siana (MB) - Ward No.1
249008,34056,10,Siana (MB) - Ward No.10
249008,34057,11,Siana (MB) - Ward No.11
249008,34058,12,Siana (MB) - Ward No.12
249008,34059,13,Siana (MB) - Ward No.13
249008,34060,14,Siana (MB) - Ward No.14
249008,34061,15,Siana (MB) - Ward No.15
249008,34062,16,Siana (MB) - Ward No.16
249008,34063,17,Siana (MB) - Ward No.17
249008,34064,18,Siana (MB) - Ward No.18
249008,34065,19,Siana (MB) - Ward No.19
249008,34048,2,Siana (MB) - Ward No.2
249008,34066,20,Siana (MB) - Ward No.20
249008,34067,21,Siana (MB) - Ward No.21
249008,34068,22,Siana (MB) - Ward No.22
249008,34069,23,Siana (MB) - Ward No.23
249008,34070,24,Siana (MB) - Ward No.24
249008,34071,25,Siana (MB) - Ward No.25
249008,34049,3,Siana (MB) - Ward No.3
249008,34050,4,Siana (MB) - Ward No.4
249008,34051,5,Siana (MB) - Ward No.5
249008,34052,6,Siana (MB) - Ward No.6
249008,34053,7,Siana (MB) - Ward No.7
249008,34054,8,Siana (MB) - Ward No.8
249008,34055,9,Siana (MB) - Ward No.9
249009,59817,1,Bugrasi (NP) - Ward No.1
249009,59826,10,Bugrasi (NP) - Ward No.10
249009,59827,11,Bugrasi (NP) - Ward No.11
249009,59818,2,Bugrasi (NP) - Ward No.2
249009,59819,3,Bugrasi (NP) - Ward No.3
249009,59820,4,Bugrasi (NP) - Ward No.4
249009,59821,5,Bugrasi (NP) - Ward No.5
249009,59822,6,Bugrasi (NP) - Ward No.6
249009,59823,7,Bugrasi (NP) - Ward No.7
249009,59824,8,Bugrasi (NP) - Ward No.8
249009,59825,9,Bugrasi (NP) - Ward No.9
249010,34072,1,Khanpur (NP) - Ward No.1
249010,34081,10,Khanpur (NP) - Ward No.10
249010,34082,11,Khanpur (NP) - Ward No.11
249010,34073,2,Khanpur (NP) - Ward No.2
249010,34074,3,Khanpur (NP) - Ward No.3
249010,34075,4,Khanpur (NP) - Ward No.4
249010,34076,5,Khanpur (NP) - Ward No.5
249010,34077,6,Khanpur (NP) - Ward No.6
249010,34078,7,Khanpur (NP) - Ward No.7
249010,34079,8,Khanpur (NP) - Ward No.8
249010,34080,9,Khanpur (NP) - Ward No.9
249011,59828,1,Anupshahr (MB) - Ward No.1
249011,59837,10,Anupshahr (MB) - Ward No.10
249011,59838,11,Anupshahr (MB) - Ward No.11
249011,59839,12,Anupshahr (MB) - Ward No.12
249011,59840,13,Anupshahr (MB) - Ward No.13
249011,59841,14,Anupshahr (MB) - Ward No.14
249011,59842,15,Anupshahr (MB) - Ward No.15
249011,59843,16,Anupshahr (MB) - Ward No.16
249011,59844,17,Anupshahr (MB) - Ward No.17
249011,59845,18,Anupshahr (MB) - Ward No.18
249011,59846,19,Anupshahr (MB) - Ward No.19
249011,59829,2,Anupshahr (MB) - Ward No.2
249011,59847,20,Anupshahr (MB) - Ward No.20
249011,59848,21,Anupshahr (MB) - Ward No.21
249011,59849,22,Anupshahr (MB) - Ward No.22
249011,59850,23,Anupshahr (MB) - Ward No.23
249011,59851,24,Anupshahr (MB) - Ward No.24
249011,59852,25,Anupshahr (MB) - Ward No.25
249011,59830,3,Anupshahr (MB) - Ward No.3
249011,59831,4,Anupshahr (MB) - Ward No.4
249011,59832,5,Anupshahr (MB) - Ward No.5
249011,59833,6,Anupshahr (MB) - Ward No.6
249011,59834,7,Anupshahr (MB) - Ward No.7
249011,59835,8,Anupshahr (MB) - Ward No.8
249011,59836,9,Anupshahr (MB) - Ward No.9
249012,34083,1,Jahangirabad (MB) - Ward No.1
249012,34273,10,Jahangirabad (MB) - Ward No.10
249012,34274,11,Jahangirabad (MB) - Ward No.11
249012,34275,12,Jahangirabad (MB) - Ward No.12
249012,34276,13,Jahangirabad (MB) - Ward No.13
249012,34277,14,Jahangirabad (MB) - Ward No.14
249012,34278,15,Jahangirabad (MB) - Ward No.15
249012,34279,16,Jahangirabad (MB) - Ward No.16
249012,34280,17,Jahangirabad (MB) - Ward No.17
249012,34281,18,Jahangirabad (MB) - Ward No.18
249012,34282,19,Jahangirabad (MB) - Ward No.19
249012,34084,2,Jahangirabad (MB) - Ward No.2
249012,34283,20,Jahangirabad (MB) - Ward No.20
249012,34284,21,Jahangirabad (MB) - Ward No.21
249012,34285,22,Jahangirabad (MB) - Ward No.22
249012,34286,23,Jahangirabad (MB) - Ward No.23
249012,34287,24,Jahangirabad (MB) - Ward No.24
249012,34288,25,Jahangirabad (MB) - Ward No.25
249012,34085,3,Jahangirabad (MB) - Ward No.3
249012,34086,4,Jahangirabad (MB) - Ward No.4
249012,34087,5,Jahangirabad (MB) - Ward No.5
249012,34269,6,Jahangirabad (MB) - Ward No.6
249012,34270,7,Jahangirabad (MB) - Ward No.7
249012,34271,8,Jahangirabad (MB) - Ward No.8
249012,34272,9,Jahangirabad (MB) - Ward No.9
249013,34289,1,Debai (MB) - Ward No.1
249013,34298,10,Debai (MB) - Ward No.10
249013,34299,11,Debai (MB) - Ward No.11
249013,34300,12,Debai (MB) - Ward No.12
249013,34301,13,Debai (MB) - Ward No.13
249013,34302,14,Debai (MB) - Ward No.14
249013,34303,15,Debai (MB) - Ward No.15
249013,34304,16,Debai (MB) - Ward No.16
249013,34305,17,Debai (MB) - Ward No.17
249013,34306,18,Debai (MB) - Ward No.18
249013,34307,19,Debai (MB) - Ward No.19
249013,34290,2,Debai (MB) - Ward No.2
249013,34308,20,Debai (MB) - Ward No.20
249013,34309,21,Debai (MB) - Ward No.21
249013,34310,22,Debai (MB) - Ward No.22
249013,34311,23,Debai (MB) - Ward No.23
249013,34312,24,Debai (MB) - Ward No.24
249013,34313,25,Debai (MB) - Ward No.25
249013,34291,3,Debai (MB) - Ward No.3
249013,34292,4,Debai (MB) - Ward No.4
249013,34293,5,Debai (MB) - Ward No.5
249013,34294,6,Debai (MB) - Ward No.6
249013,34295,7,Debai (MB) - Ward No.7
249013,34296,8,Debai (MB) - Ward No.8
249013,34297,9,Debai (MB) - Ward No.9
249014,59853,1,Naraura (NP) - Ward No.1
249014,59862,10,Naraura (NP) - Ward No.10
249014,60056,11,Naraura (NP) - Ward No.11
249014,60057,12,Naraura (NP) - Ward No.12
249014,60058,13,Naraura (NP) - Ward No.13
249014,59854,2,Naraura (NP) - Ward No.2
249014,59855,3,Naraura (NP) - Ward No.3
249014,59856,4,Naraura (NP) - Ward No.4
249014,59857,5,Naraura (NP) - Ward No.5
249014,59858,6,Naraura (NP) - Ward No.6
249014,59859,7,Naraura (NP) - Ward No.7
249014,59860,8,Naraura (NP) - Ward No.8
249014,59861,9,Naraura (NP) - Ward No.9
249015,34314,1,Shikarpur (MB) - Ward No.1
249015,34323,10,Shikarpur (MB) - Ward No.10
249015,27441,11,Shikarpur (MB) - Ward No.11
249015,27442,12,Shikarpur (MB) - Ward No.12
249015,27443,13,Shikarpur (MB) - Ward No.13
249015,27444,14,Shikarpur (MB) - Ward No.14
249015,27445,15,Shikarpur (MB) - Ward No.15
249015,27446,16,Shikarpur (MB) - Ward No.16
249015,27447,17,Shikarpur (MB) - Ward No.17
249015,27448,18,Shikarpur (MB) - Ward No.18
249015,27449,19,Shikarpur (MB) - Ward No.19
249015,34315,2,Shikarpur (MB) - Ward No.2
249015,27450,20,Shikarpur (MB) - Ward No.20
249015,27451,21,Shikarpur (MB) - Ward No.21
249015,27452,22,Shikarpur (MB) - Ward No.22
249015,27453,23,Shikarpur (MB) - Ward No.23
249015,27454,24,Shikarpur (MB) - Ward No.24
249015,27455,25,Shikarpur (MB) - Ward No.25
249015,34316,3,Shikarpur (MB) - Ward No.3
249015,34317,4,Shikarpur (MB) - Ward No.4
249015,34318,5,Shikarpur (MB) - Ward No.5
249015,34319,6,Shikarpur (MB) - Ward No.6
249015,34320,7,Shikarpur (MB) - Ward No.7
249015,34321,8,Shikarpur (MB) - Ward No.8
249015,34322,9,Shikarpur (MB) - Ward No.9
249016,72706,1,Pahasu (NP) - Ward No.1
249016,72715,10,Pahasu (NP) - Ward No.10
249016,72716,11,Pahasu (NP) - Ward No.11
249016,72717,12,Pahasu (NP) - Ward No.12
249016,72707,2,Pahasu (NP) - Ward No.2
249016,72708,3,Pahasu (NP) - Ward No.3
249016,72709,4,Pahasu (NP) - Ward No.4
249016,72710,5,Pahasu (NP) - Ward No.5
249016,72711,6,Pahasu (NP) - Ward No.6
249016,72712,7,Pahasu (NP) - Ward No.7
249016,72713,8,Pahasu (NP) - Ward No.8
249016,72714,9,Pahasu (NP) - Ward No.9
249017,27456,1,Chhatari (NP) - Ward No.1
249017,27465,10,Chhatari (NP) - Ward No.10
249017,27457,2,Chhatari (NP) - Ward No.2
249017,27458,3,Chhatari (NP) - Ward No.3
249017,27459,4,Chhatari (NP) - Ward No.4
249017,27460,5,Chhatari (NP) - Ward No.5
249017,27461,6,Chhatari (NP) - Ward No.6
249017,27462,7,Chhatari (NP) - Ward No.7
249017,27463,8,Chhatari (NP) - Ward No.8
249017,27464,9,Chhatari (NP) - Ward No.9
249018,27466,1,Khurja (MB) - Ward No.1
249018,27475,10,Khurja (MB) - Ward No.10
249018,27476,11,Khurja (MB) - Ward No.11
249018,27477,12,Khurja (MB) - Ward No.12
249018,27478,13,Khurja (MB) - Ward No.13
249018,27479,14,Khurja (MB) - Ward No.14
249018,27480,15,Khurja (MB) - Ward No.15
249018,27481,16,Khurja (MB) - Ward No.16
249018,27482,17,Khurja (MB) - Ward No.17
249018,27483,18,Khurja (MB) - Ward No.18
249018,27484,19,Khurja (MB) - Ward No.19
249018,27467,2,Khurja (MB) - Ward No.2
249018,27485,20,Khurja (MB) - Ward No.20
249018,27486,21,Khurja (MB) - Ward No.21
249018,27487,22,Khurja (MB) - Ward No.22
249018,27488,23,Khurja (MB) - Ward No.23
249018,27489,24,Khurja (MB) - Ward No.24
249018,27490,25,Khurja (MB) - Ward No.25
249018,27468,3,Khurja (MB) - Ward No.3
249018,27469,4,Khurja (MB) - Ward No.4
249018,27470,5,Khurja (MB) - Ward No.5
249018,27471,6,Khurja (MB) - Ward No.6
249018,27472,7,Khurja (MB) - Ward No.7
249018,27473,8,Khurja (MB) - Ward No.8
249018,27474,9,Khurja (MB) - Ward No.9
249019,27491,1,Gangapur - Durgapur
249019,27500,10,Reiwadiyan Talab
249019,27501,11,Teen Visa Uttar
249019,27502,12,Ajeet Nagar - Baniya Pada
249019,3068863,13,Andhri Patti -Uttar
249019,27492,2,Holiwala
249019,27493,3,Panch Visa - Deep Nagar
249019,27494,4,Madhau Nagar
249019,27495,5,Madhau Nagar Part - Holiwala Part
249019,27496,6,Fazilpur
249019,27497,7,Nai Basti Rawan Teela
249019,27498,8,Reiwadiyan Chowkiwala
249019,27499,9,Andhri Patti Uttar
249020,72718,1,Khair (MB) - Ward No.1
249020,72727,10,Khair (MB) - Ward No.10
249020,72728,11,Khair (MB) - Ward No.11
249020,72729,12,Khair (MB) - Ward No.12
249020,72730,13,Khair (MB) - Ward No.13
249020,72731,14,Khair (MB) - Ward No.14
249020,72732,15,Khair (MB) - Ward No.15
249020,72733,16,Khair (MB) - Ward No.16
249020,72734,17,Khair (MB) - Ward No.17
249020,72735,18,Khair (MB) - Ward No.18
249020,72736,19,Khair (MB) - Ward No.19
249020,72719,2,Khair (MB) - Ward No.2
249020,72737,20,Khair (MB) - Ward No.20
249020,72738,21,Khair (MB) - Ward No.21
249020,72739,22,Khair (MB) - Ward No.22
249020,72740,23,Khair (MB) - Ward No.23
249020,72741,24,Khair (MB) - Ward No.24
249020,72742,25,Khair (MB) - Ward No.25
249020,72720,3,Khair (MB) - Ward No.3
249020,72721,4,Khair (MB) - Ward No.4
249020,72722,5,Khair (MB) - Ward No.5
249020,72723,6,Khair (MB) - Ward No.6
249020,72724,7,Khair (MB) - Ward No.7
249020,72725,8,Khair (MB) - Ward No.8
249020,72726,9,Khair (MB) - Ward No.9
249022,27503,1,Atrauli (MB) - Ward No.1
249022,27512,10,Atrauli (MB) - Ward No.10
249022,27513,11,Atrauli (MB) - Ward No.11
249022,27514,12,Atrauli (MB) - Ward No.12
249022,27515,13,Atrauli (MB) - Ward No.13
249022,27516,14,Atrauli (MB) - Ward No.14
249022,27517,15,Atrauli (MB) - Ward No.15
249022,27518,16,Atrauli (MB) - Ward No.16
249022,27519,17,Atrauli (MB) - Ward No.17
249022,27520,18,Atrauli (MB) - Ward No.18
249022,27521,19,Atrauli (MB) - Ward No.19
249022,27504,2,Atrauli (MB) - Ward No.2
249022,27522,20,Atrauli (MB) - Ward No.20
249022,27523,21,Atrauli (MB) - Ward No.21
249022,27524,22,Atrauli (MB) - Ward No.22
249022,27525,23,Atrauli (MB) - Ward No.23
249022,27526,24,Atrauli (MB) - Ward No.24
249022,27527,25,Atrauli (MB) - Ward No.25
249022,27528,26,Atrauli (MB) - Ward No.26
249022,27529,27,Atrauli (MB) - Ward No.27
249022,27505,3,Atrauli (MB) - Ward No.3
249022,27506,4,Atrauli (MB) - Ward No.4
249022,27507,5,Atrauli (MB) - Ward No.5
249022,27508,6,Atrauli (MB) - Ward No.6
249022,27509,7,Atrauli (MB) - Ward No.7
249022,27510,8,Atrauli (MB) - Ward No.8
249022,27511,9,Atrauli (MB) - Ward No.9
249023,27530,1,Chharra Rafatpur (NP) - Ward No.1
249023,28264,10,Chharra Rafatpur (NP) - Ward No.10
249023,28265,11,Chharra Rafatpur (NP) - Ward No.11
249023,28266,12,Chharra Rafatpur (NP) - Ward No.12
249023,28256,2,Chharra Rafatpur (NP) - Ward No.2
249023,28257,3,Chharra Rafatpur (NP) - Ward No.3
249023,28258,4,Chharra Rafatpur (NP) - Ward No.4
249023,28259,5,Chharra Rafatpur (NP) - Ward No.5
249023,28260,6,Chharra Rafatpur (NP) - Ward No.6
249023,28261,7,Chharra Rafatpur (NP) - Ward No.7
249023,28262,8,Chharra Rafatpur (NP) - Ward No.8
249023,28263,9,Chharra Rafatpur (NP) - Ward No.9
249024,28267,1,Harduaganj (NP) - Ward No.1
249024,28276,10,Harduaganj (NP) - Ward No.10
249024,28268,2,Harduaganj (NP) - Ward No.2
249024,28269,3,Harduaganj (NP) - Ward No.3
249024,28270,4,Harduaganj (NP) - Ward No.4
249024,28271,5,Harduaganj (NP) - Ward No.5
249024,28272,6,Harduaganj (NP) - Ward No.6
249024,28273,7,Harduaganj (NP) - Ward No.7
249024,28274,8,Harduaganj (NP) - Ward No.8
249024,28275,9,Harduaganj (NP) - Ward No.9
249025,28277,1,Aligarh (M Corp.) - Ward No.1
249025,28286,10,Aligarh (M Corp.) - Ward No.10
249025,28287,11,Aligarh (M Corp.) - Ward No.11
249025,28288,12,Aligarh (M Corp.) - Ward No.12
249025,28289,13,Aligarh (M Corp.) - Ward No.13
249025,28290,14,Aligarh (M Corp.) - Ward No.14
249025,28291,15,Aligarh (M Corp.) - Ward No.15
249025,28292,16,Aligarh (M Corp.) - Ward No.16
249025,28293,17,Aligarh (M Corp.) - Ward No.17
249025,28294,18,Aligarh (M Corp.) - Ward No.18
249025,28295,19,Aligarh (M Corp.) - Ward No.19
249025,28278,2,Aligarh (M Corp.) - Ward No.2
249025,28296,20,Aligarh (M Corp.) - Ward No.20
249025,28297,21,Aligarh (M Corp.) - Ward No.21
249025,28298,22,Aligarh (M Corp.) - Ward No.22
249025,28299,23,Aligarh (M Corp.) - Ward No.23
249025,28300,24,Aligarh (M Corp.) - Ward No.24
249025,28301,25,Aligarh (M Corp.) - Ward No.25
249025,28302,26,Aligarh (M Corp.) - Ward No.26
249025,28303,27,Aligarh (M Corp.) - Ward No.27
249025,28304,28,Aligarh (M Corp.) - Ward No.28
249025,28305,29,Aligarh (M Corp.) - Ward No.29
249025,28279,3,Aligarh (M Corp.) - Ward No.3
249025,28306,30,Aligarh (M Corp.) - Ward No.30
249025,28307,31,Aligarh (M Corp.) - Ward No.31
249025,28308,32,Aligarh (M Corp.) - Ward No.32
249025,28309,33,Aligarh (M Corp.) - Ward No.33
249025,28310,34,Aligarh (M Corp.) - Ward No.34
249025,28311,35,Aligarh (M Corp.) - Ward No.35
249025,28312,36,Aligarh (M Corp.) - Ward No.36
249025,28313,37,Aligarh (M Corp.) - Ward No.37
249025,28314,38,Aligarh (M Corp.) - Ward No.38
249025,28315,39,Aligarh (M Corp.) - Ward No.39
249025,28280,4,Aligarh (M Corp.) - Ward No.4
249025,28316,40,Aligarh (M Corp.) - Ward No.40
249025,28317,41,Aligarh (M Corp.) - Ward No.41
249025,28318,42,Aligarh (M Corp.) - Ward No.42
249025,28319,43,Aligarh (M Corp.) - Ward No.43
249025,28320,44,Aligarh (M Corp.) - Ward No.44
249025,28321,45,Aligarh (M Corp.) - Ward No.45
249025,28322,46,Aligarh (M Corp.) - Ward No.46
249025,28323,47,Aligarh (M Corp.) - Ward No.47
249025,28324,48,Aligarh (M Corp.) - Ward No.48
249025,28325,49,Aligarh (M Corp.) - Ward No.49
249025,28281,5,Aligarh (M Corp.) - Ward No.5
249025,28326,50,Aligarh (M Corp.) - Ward No.50
249025,28327,51,Aligarh (M Corp.) - Ward No.51
249025,28328,52,Aligarh (M Corp.) - Ward No.52
249025,28329,53,Aligarh (M Corp.) - Ward No.53
249025,28330,54,Aligarh (M Corp.) - Ward No.54
249025,28331,55,Aligarh (M Corp.) - Ward No.55
249025,28332,56,Aligarh (M Corp.) - Ward No.56
249025,28333,57,Aligarh (M Corp.) - Ward No.57
249025,28334,58,Aligarh (M Corp.) - Ward No.58
249025,28335,59,Aligarh (M Corp.) - Ward No.59
249025,28282,6,Aligarh (M Corp.) - Ward No.6
249025,28336,60,Aligarh (M Corp.) - Ward No.60
249025,28283,7,Aligarh (M Corp.) - Ward No.7
249025,28284,8,Aligarh (M Corp.) - Ward No.8
249025,28285,9,Aligarh (M Corp.) - Ward No.9
249026,28337,1,Jalali (NP) - Ward No.1
249026,28442,10,Jalali (NP) - Ward No.10
249026,28443,11,Jalali (NP) - Ward No.11
249026,28444,12,Jalali (NP) - Ward No.12
249026,28445,13,Jalali (NP) - Ward No.13
249026,28338,2,Jalali (NP) - Ward No.2
249026,28339,3,Jalali (NP) - Ward No.3
249026,28340,4,Jalali (NP) - Ward No.4
249026,28341,5,Jalali (NP) - Ward No.5
249026,28342,6,Jalali (NP) - Ward No.6
249026,28343,7,Jalali (NP) - Ward No.7
249026,28440,8,Jalali (NP) - Ward No.8
249026,28441,9,Jalali (NP) - Ward No.9
249027,28446,1,Kauria-ganj (NP) - Ward No.1
249027,28455,10,Kauria-ganj (NP) - Ward No.10
249027,28447,2,Kauria-ganj (NP) - Ward No.2
249027,28448,3,Kauria-ganj (NP) - Ward No.3
249027,28449,4,Kauria-ganj (NP) - Ward No.4
249027,28450,5,Kauria-ganj (NP) - Ward No.5
249027,28451,6,Kauria-ganj (NP) - Ward No.6
249027,28452,7,Kauria-ganj (NP) - Ward No.7
249027,28453,8,Kauria-ganj (NP) - Ward No.8
249027,28454,9,Kauria-ganj (NP) - Ward No.9
249028,28456,1,Pilkhana (NP) - Ward No.1
249028,28465,10,Pilkhana (NP) - Ward No.10
249028,28457,2,Pilkhana (NP) - Ward No.2
249028,28458,3,Pilkhana (NP) - Ward No.3
249028,28459,4,Pilkhana (NP) - Ward No.4
249028,28460,5,Pilkhana (NP) - Ward No.5
249028,28461,6,Pilkhana (NP) - Ward No.6
249028,28462,7,Pilkhana (NP) - Ward No.7
249028,28463,8,Pilkhana (NP) - Ward No.8
249028,28464,9,Pilkhana (NP) - Ward No.9
249029,28466,1,Vijaigarh (NP) - Ward No.1
249029,28475,10,Vijaigarh (NP) - Ward No.10
249029,28467,2,Vijaigarh (NP) - Ward No.2
249029,28468,3,Vijaigarh (NP) - Ward No.3
249029,28469,4,Vijaigarh (NP) - Ward No.4
249029,28470,5,Vijaigarh (NP) - Ward No.5
249029,28471,6,Vijaigarh (NP) - Ward No.6
249029,28472,7,Vijaigarh (NP) - Ward No.7
249029,28473,8,Vijaigarh (NP) - Ward No.8
249029,28474,9,Vijaigarh (NP) - Ward No.9
249030,28476,1,Iglas (NP) - Ward No.1
249030,28485,10,Iglas (NP) - Ward No.10
249030,28477,2,Iglas (NP) - Ward No.2
249030,28478,3,Iglas (NP) - Ward No.3
249030,28479,4,Iglas (NP) - Ward No.4
249030,28480,5,Iglas (NP) - Ward No.5
249030,28481,6,Iglas (NP) - Ward No.6
249030,28482,7,Iglas (NP) - Ward No.7
249030,28483,8,Iglas (NP) - Ward No.8
249030,28484,9,Iglas (NP) - Ward No.9
249031,28486,1,Beswan (NP) - Ward No.1
249031,28495,10,Beswan (NP) - Ward No.10
249031,28487,2,Beswan (NP) - Ward No.2
249031,28488,3,Beswan (NP) - Ward No.3
249031,28489,4,Beswan (NP) - Ward No.4
249031,28490,5,Beswan (NP) - Ward No.5
249031,28491,6,Beswan (NP) - Ward No.6
249031,28492,7,Beswan (NP) - Ward No.7
249031,28493,8,Beswan (NP) - Ward No.8
249031,28494,9,Beswan (NP) - Ward No.9
249032,28496,1,Sasni (NP) - Ward No.1
249032,28505,10,Sasni (NP) - Ward No.10
249032,28506,11,Sasni (NP) - Ward No.11
249032,28507,12,"Ashanagar,Sanjay Colony and Teacher's Colony (OG) - Ward No.12"
249032,28508,13,"Ashanagar,Sanjay Colony and Teacher's Colony (OG) - Ward No.13"
249032,28497,2,Sasni (NP) - Ward No.2
249032,28498,3,Sasni (NP) - Ward No.3
249032,28499,4,Sasni (NP) - Ward No.4
249032,28500,5,Sasni (NP) - Ward No.5
249032,28501,6,Sasni (NP) - Ward No.6
249032,28502,7,Sasni (NP) - Ward No.7
249032,28503,8,Sasni (NP) - Ward No.8
249032,28504,9,Sasni (NP) - Ward No.9
249033,72744,1,Sikandra Rao (MB) - Ward No.1
249033,72753,10,Sikandra Rao (MB) - Ward No.10
249033,72754,11,Sikandra Rao (MB) - Ward No.11
249033,72755,12,Sikandra Rao (MB) - Ward No.12
249033,72756,13,Sikandra Rao (MB) - Ward No.13
249033,72757,14,Sikandra Rao (MB) - Ward No.14
249033,72758,15,Sikandra Rao (MB) - Ward No.15
249033,72759,16,Sikandra Rao (MB) - Ward No.16
249033,72760,17,Sikandra Rao (MB) - Ward No.17
249033,72761,18,Sikandra Rao (MB) - Ward No.18
249033,72762,19,Sikandra Rao (MB) - Ward No.19
249033,72745,2,Sikandra Rao (MB) - Ward No.2
249033,72763,20,Sikandra Rao (MB) - Ward No.20
249033,72764,21,Sikandra Rao (MB) - Ward No.21
249033,72765,22,Sikandra Rao (MB) - Ward No.22
249033,72766,23,Sikandra Rao (MB) - Ward No.23
249033,72767,24,Sikandra Rao (MB) - Ward No.24
249033,72768,25,Sikandra Rao (MB) - Ward No.25
249033,72746,3,Sikandra Rao (MB) - Ward No.3
249033,72747,4,Sikandra Rao (MB) - Ward No.4
249033,72748,5,Sikandra Rao (MB) - Ward No.5
249033,72749,6,Sikandra Rao (MB) - Ward No.6
249033,72750,7,Sikandra Rao (MB) - Ward No.7
249033,72751,8,Sikandra Rao (MB) - Ward No.8
249033,72752,9,Sikandra Rao (MB) - Ward No.9
249034,28509,1,Purdilnagar (NP) - Ward No.1
249034,28518,10,Purdilnagar (NP) - Ward No.10
249034,28519,11,Purdilnagar (NP) - Ward No.11
249034,28510,2,Purdilnagar (NP) - Ward No.2
249034,28511,3,Purdilnagar (NP) - Ward No.3
249034,28512,4,Purdilnagar (NP) - Ward No.4
249034,28513,5,Purdilnagar (NP) - Ward No.5
249034,28514,6,Purdilnagar (NP) - Ward No.6
249034,28515,7,Purdilnagar (NP) - Ward No.7
249034,28516,8,Purdilnagar (NP) - Ward No.8
249034,28517,9,Purdilnagar (NP) - Ward No.9
249035,28520,1,Hasayan (NP) - Ward No.1
249035,28529,10,Hasayan (NP) - Ward No.10
249035,28521,2,Hasayan (NP) - Ward No.2
249035,28522,3,Hasayan (NP) - Ward No.3
249035,28523,4,Hasayan (NP) - Ward No.4
249035,28524,5,Hasayan (NP) - Ward No.5
249035,28525,6,Hasayan (NP) - Ward No.6
249035,28526,7,Hasayan (NP) - Ward No.7
249035,28527,8,Hasayan (NP) - Ward No.8
249035,28528,9,Hasayan (NP) - Ward No.9
249036,72769,1,Mendu (NP) - Ward No.1
249036,72778,10,Mendu (NP) - Ward No.10
249036,72779,11,Mendu (NP) - Ward No.11
249036,72770,2,Mendu (NP) - Ward No.2
249036,72771,3,Mendu (NP) - Ward No.3
249036,72772,4,Mendu (NP) - Ward No.4
249036,72773,5,Mendu (NP) - Ward No.5
249036,72774,6,Mendu (NP) - Ward No.6
249036,72775,7,Mendu (NP) - Ward No.7
249036,72776,8,Mendu (NP) - Ward No.8
249036,72777,9,Mendu (NP) - Ward No.9
249037,28530,1,Hathras (MB) - Ward No.1
249037,28539,10,Hathras (MB) - Ward No.10
249037,28540,11,Hathras (MB) - Ward No.11
249037,28541,12,Hathras (MB) - Ward No.12
249037,28542,13,Hathras (MB) - Ward No.13
249037,28543,14,Hathras (MB) - Ward No.14
249037,28544,15,Hathras (MB) - Ward No.15
249037,28545,16,Hathras (MB) - Ward No.16
249037,28546,17,Hathras (MB) - Ward No.17
249037,28547,18,Hathras (MB) - Ward No.18
249037,28548,19,Hathras (MB) - Ward No.19
249037,28531,2,Hathras (MB) - Ward No.2
249037,28549,20,Hathras (MB) - Ward No.20
249037,28550,21,Hathras (MB) - Ward No.21
249037,28551,22,Hathras (MB) - Ward No.22
249037,28552,23,Hathras (MB) - Ward No.23
249037,28553,24,Hathras (MB) - Ward No.24
249037,28554,25,Hathras (MB) - Ward No.25
249037,28555,26,"Indira Nagar, Anand Vihar, Vinod Vihar, Tahsil Compound, Adhikari Niwas and Garhi Tamanna (OG) - Ward No.26"
249037,28532,3,Hathras (MB) - Ward No.3
249037,28533,4,Hathras (MB) - Ward No.4
249037,28534,5,Hathras (MB) - Ward No.5
249037,28535,6,Hathras (MB) - Ward No.6
249037,28536,7,Hathras (MB) - Ward No.7
249037,28537,8,Hathras (MB) - Ward No.8
249037,28538,9,Hathras (MB) - Ward No.9
249038,28556,1,Mursan (NP) - Ward No.1
249038,28565,10,Mursan (NP) - Ward No.10
249038,28557,2,Mursan (NP) - Ward No.2
249038,28558,3,Mursan (NP) - Ward No.3
249038,28559,4,Mursan (NP) - Ward No.4
249038,28560,5,Mursan (NP) - Ward No.5
249038,28561,6,Mursan (NP) - Ward No.6
249038,28562,7,Mursan (NP) - Ward No.7
249038,28563,8,Mursan (NP) - Ward No.8
249038,28564,9,Mursan (NP) - Ward No.9
249039,72780,1,Sadabad (NP) - Ward No.1
249039,72789,10,Sadabad (NP) - Ward No.10
249039,72790,11,Sadabad (NP) - Ward No.11
249039,72791,12,Sadabad (NP) - Ward No.12
249039,72792,13,Sadabad (NP) - Ward No.13
249039,72793,14,Sadabad (NP) - Ward No.14
249039,72794,15,Sadabad (NP) - Ward No.15
249039,72795,16,Sadabad (NP) - Ward No.16
249039,72781,2,Sadabad (NP) - Ward No.2
249039,72782,3,Sadabad (NP) - Ward No.3
249039,72783,4,Sadabad (NP) - Ward No.4
249039,72784,5,Sadabad (NP) - Ward No.5
249039,72785,6,Sadabad (NP) - Ward No.6
249039,72786,7,Sadabad (NP) - Ward No.7
249039,72787,8,Sadabad (NP) - Ward No.8
249039,72788,9,Sadabad (NP) - Ward No.9
249040,28566,1,Sahpau (NP) - Ward No.1
249040,28575,10,Sahpau (NP) - Ward No.10
249040,28567,2,Sahpau (NP) - Ward No.2
249040,28568,3,Sahpau (NP) - Ward No.3
249040,28569,4,Sahpau (NP) - Ward No.4
249040,28570,5,Sahpau (NP) - Ward No.5
249040,28571,6,Sahpau (NP) - Ward No.6
249040,28572,7,Sahpau (NP) - Ward No.7
249040,28573,8,Sahpau (NP) - Ward No.8
249040,28574,9,Sahpau (NP) - Ward No.9
249041,28576,1,Kosi Kalan (MB) - Ward No.1
249041,28585,10,Kosi Kalan (MB) - Ward No.10
249041,28586,11,Kosi Kalan (MB) - Ward No.11
249041,28587,12,Kosi Kalan (MB) - Ward No.12
249041,28588,13,Kosi Kalan (MB) - Ward No.13
249041,28589,14,Kosi Kalan (MB) - Ward No.14
249041,28590,15,Kosi Kalan (MB) - Ward No.15
249041,28591,16,Kosi Kalan (MB) - Ward No.16
249041,28592,17,Kosi Kalan (MB) - Ward No.17
249041,28593,18,Kosi Kalan (MB) - Ward No.18
249041,28594,19,Kosi Kalan (MB) - Ward No.19
249041,28577,2,Kosi Kalan (MB) - Ward No.2
249041,28595,20,Kosi Kalan (MB) - Ward No.20
249041,28596,21,Kosi Kalan (MB) - Ward No.21
249041,28597,22,Kosi Kalan (MB) - Ward No.22
249041,28598,23,Kosi Kalan (MB) - Ward No.23
249041,28599,24,Kosi Kalan (MB) - Ward No.24
249041,28600,25,Kosi Kalan (MB) - Ward No.25
249041,28578,3,Kosi Kalan (MB) - Ward No.3
249041,28579,4,Kosi Kalan (MB) - Ward No.4
249041,28580,5,Kosi Kalan (MB) - Ward No.5
249041,28581,6,Kosi Kalan (MB) - Ward No.6
249041,28582,7,Kosi Kalan (MB) - Ward No.7
249041,28583,8,Kosi Kalan (MB) - Ward No.8
249041,28584,9,Kosi Kalan (MB) - Ward No.9
249042,72796,1,Nandgaon (NP) - Ward No.1
249042,72805,10,Nandgaon (NP) - Ward No.10
249042,72797,2,Nandgaon (NP) - Ward No.2
249042,72798,3,Nandgaon (NP) - Ward No.3
249042,72799,4,Nandgaon (NP) - Ward No.4
249042,72800,5,Nandgaon (NP) - Ward No.5
249042,72801,6,Nandgaon (NP) - Ward No.6
249042,72802,7,Nandgaon (NP) - Ward No.7
249042,72803,8,Nandgaon (NP) - Ward No.8
249042,72804,9,Nandgaon (NP) - Ward No.9
249043,28601,1,Barsana (NP) - Ward No.1
249043,28610,10,Barsana (NP) - Ward No.10
249043,28602,2,Barsana (NP) - Ward No.2
249043,28603,3,Barsana (NP) - Ward No.3
249043,28604,4,Barsana (NP) - Ward No.4
249043,28605,5,Barsana (NP) - Ward No.5
249043,28606,6,Barsana (NP) - Ward No.6
249043,28607,7,Barsana (NP) - Ward No.7
249043,28608,8,Barsana (NP) - Ward No.8
249043,28609,9,Barsana (NP) - Ward No.9
249044,72806,1,Chhata (NP) - Ward No.1
249044,72815,10,Chhata (NP) - Ward No.10
249044,72816,11,Chhata (NP) - Ward No.11
249044,72817,12,Chhata (NP) - Ward No.12
249044,72818,13,Chhata (NP) - Ward No.13
249044,72819,14,Chhata (NP) - Ward No.14
249044,72807,2,Chhata (NP) - Ward No.2
249044,72808,3,Chhata (NP) - Ward No.3
249044,72809,4,Chhata (NP) - Ward No.4
249044,72810,5,Chhata (NP) - Ward No.5
249044,72811,6,Chhata (NP) - Ward No.6
249044,72812,7,Chhata (NP) - Ward No.7
249044,72813,8,Chhata (NP) - Ward No.8
249044,72814,9,Chhata (NP) - Ward No.9
249045,28611,1,Chaumuhan (NP) - Ward No.1
249045,28620,10,Chaumuhan (NP) - Ward No.10
249045,28612,2,Chaumuhan (NP) - Ward No.2
249045,28613,3,Chaumuhan (NP) - Ward No.3
249045,28614,4,Chaumuhan (NP) - Ward No.4
249045,28615,5,Chaumuhan (NP) - Ward No.5
249045,28616,6,Chaumuhan (NP) - Ward No.6
249045,28617,7,Chaumuhan (NP) - Ward No.7
249045,28618,8,Chaumuhan (NP) - Ward No.8
249045,28619,9,Chaumuhan (NP) - Ward No.9
249046,28621,1,Bajna (NP) - Ward No.1
249046,28630,10,Bajna (NP) - Ward No.10
249046,28622,2,Bajna (NP) - Ward No.2
249046,28623,3,Bajna (NP) - Ward No.3
249046,28624,4,Bajna (NP) - Ward No.4
249046,28625,5,Bajna (NP) - Ward No.5
249046,28626,6,Bajna (NP) - Ward No.6
249046,28627,7,Bajna (NP) - Ward No.7
249046,28628,8,Bajna (NP) - Ward No.8
249046,28629,9,Bajna (NP) - Ward No.9
249047,72820,1,Raya (NP) - Ward No.1
249047,72829,10,Raya (NP) - Ward No.10
249047,72830,11,Raya (NP) - Ward No.11
249047,72831,12,Raya (NP) - Ward No.12
249047,72821,2,Raya (NP) - Ward No.2
249047,72822,3,Raya (NP) - Ward No.3
249047,72823,4,Raya (NP) - Ward No.4
249047,72824,5,Raya (NP) - Ward No.5
249047,72825,6,Raya (NP) - Ward No.6
249047,72826,7,Raya (NP) - Ward No.7
249047,72827,8,Raya (NP) - Ward No.8
249047,72828,9,Raya (NP) - Ward No.9
249049,28911,1,Radhakund (NP) - Ward No.1
249049,28920,10,Radhakund (NP) - Ward No.10
249049,28912,2,Radhakund (NP) - Ward No.2
249049,28913,3,Radhakund (NP) - Ward No.3
249049,28914,4,Radhakund (NP) - Ward No.4
249049,28915,5,Radhakund (NP) - Ward No.5
249049,28916,6,Radhakund (NP) - Ward No.6
249049,28917,7,Radhakund (NP) - Ward No.7
249049,28918,8,Radhakund (NP) - Ward No.8
249049,28919,9,Radhakund (NP) - Ward No.9
249050,72832,1,Govardhan (NP) - Ward No.1
249050,72841,10,Govardhan (NP) - Ward No.10
249050,72842,11,Govardhan (NP) - Ward No.11
249050,72843,12,Govardhan (NP) - Ward No.12
249050,72844,13,Govardhan (NP) - Ward No.13
249050,72833,2,Govardhan (NP) - Ward No.2
249050,72834,3,Govardhan (NP) - Ward No.3
249050,72835,4,Govardhan (NP) - Ward No.4
249050,72836,5,Govardhan (NP) - Ward No.5
249050,72837,6,Govardhan (NP) - Ward No.6
249050,72838,7,Govardhan (NP) - Ward No.7
249050,72839,8,Govardhan (NP) - Ward No.8
249050,72840,9,Govardhan (NP) - Ward No.9
249051,28921,1,Saunkh (NP) - Ward No.1
249051,28930,10,Saunkh (NP) - Ward No.10
249051,28922,2,Saunkh (NP) - Ward No.2
249051,28923,3,Saunkh (NP) - Ward No.3
249051,28924,4,Saunkh (NP) - Ward No.4
249051,28925,5,Saunkh (NP) - Ward No.5
249051,28926,6,Saunkh (NP) - Ward No.6
249051,28927,7,Saunkh (NP) - Ward No.7
249051,28928,8,Saunkh (NP) - Ward No.8
249051,28929,9,Saunkh (NP) - Ward No.9
249052,72845,1,Mathura (MB) - Ward No.1
249052,72854,10,Mathura (MB) - Ward No.10
249052,72855,11,Mathura (MB) - Ward No.11
249052,72856,12,Mathura (MB) - Ward No.12
249052,72857,13,Mathura (MB) - Ward No.13
249052,72858,14,Mathura (MB) - Ward No.14
249052,72859,15,Mathura (MB) - Ward No.15
249052,72860,16,Mathura (MB) - Ward No.16
249052,72861,17,Mathura (MB) - Ward No.17
249052,72862,18,Mathura (MB) - Ward No.18
249052,72863,19,Mathura (MB) - Ward No.19
249052,72846,2,Mathura (MB) - Ward No.2
249052,72864,20,Mathura (MB) - Ward No.20
249052,72865,21,Mathura (MB) - Ward No.21
249052,72866,22,Mathura (MB) - Ward No.22
249052,72867,23,Mathura (MB) - Ward No.23
249052,72868,24,Mathura (MB) - Ward No.24
249052,72869,25,Mathura (MB) - Ward No.25
249052,72870,26,Mathura (MB) - Ward No.26
249052,72871,27,Mathura (MB) - Ward No.27
249052,72872,28,Mathura (MB) - Ward No.28
249052,72873,29,Mathura (MB) - Ward No.29
249052,72847,3,Mathura (MB) - Ward No.3
249052,72874,30,Mathura (MB) - Ward No.30
249052,72875,31,Mathura (MB) - Ward No.31
249052,72848,4,Mathura (MB) - Ward No.4
249052,72849,5,Mathura (MB) - Ward No.5
249052,72850,6,Mathura (MB) - Ward No.6
249052,72851,7,Mathura (MB) - Ward No.7
249052,72852,8,Mathura (MB) - Ward No.8
249052,72853,9,Mathura (MB) - Ward No.9
249055,28932,1,Gokul (NP) - Ward No.1
249055,28941,10,Gokul (NP) - Ward No.10
249055,28933,2,Gokul (NP) - Ward No.2
249055,28934,3,Gokul (NP) - Ward No.3
249055,28935,4,Gokul (NP) - Ward No.4
249055,28936,5,Gokul (NP) - Ward No.5
249055,28937,6,Gokul (NP) - Ward No.6
249055,28938,7,Gokul (NP) - Ward No.7
249055,28939,8,Gokul (NP) - Ward No.8
249055,28940,9,Gokul (NP) - Ward No.9
249056,28942,1,Mahaban (NP) - Ward No.1
249056,28951,10,Mahaban (NP) - Ward No.10
249056,28943,2,Mahaban (NP) - Ward No.2
249056,28944,3,Mahaban (NP) - Ward No.3
249056,28945,4,Mahaban (NP) - Ward No.4
249056,28946,5,Mahaban (NP) - Ward No.5
249056,28947,6,Mahaban (NP) - Ward No.6
249056,28948,7,Mahaban (NP) - Ward No.7
249056,28949,8,Mahaban (NP) - Ward No.8
249056,28950,9,Mahaban (NP) - Ward No.9
249057,28952,1,Baldeo (NP) - Ward No.1
249057,28961,10,Baldeo (NP) - Ward No.10
249057,28953,2,Baldeo (NP) - Ward No.2
249057,28954,3,Baldeo (NP) - Ward No.3
249057,28955,4,Baldeo (NP) - Ward No.4
249057,28956,5,Baldeo (NP) - Ward No.5
249057,28957,6,Baldeo (NP) - Ward No.6
249057,28958,7,Baldeo (NP) - Ward No.7
249057,28959,8,Baldeo (NP) - Ward No.8
249057,28960,9,Baldeo (NP) - Ward No.9
249058,28962,1,Farah (NP) - Ward No.1
249058,28971,10,Farah (NP) - Ward No.10
249058,28963,2,Farah (NP) - Ward No.2
249058,28964,3,Farah (NP) - Ward No.3
249058,28965,4,Farah (NP) - Ward No.4
249058,28966,5,Farah (NP) - Ward No.5
249058,28967,6,Farah (NP) - Ward No.6
249058,28968,7,Farah (NP) - Ward No.7
249058,28969,8,Farah (NP) - Ward No.8
249058,28970,9,Farah (NP) - Ward No.9
249059,28972,1,Etmadpur (MB) - Ward No.1
249059,28981,10,Etmadpur (MB) - Ward No.10
249059,28982,11,Etmadpur (MB) - Ward No.11
249059,28983,12,Etmadpur (MB) - Ward No.12
249059,28984,13,Etmadpur (MB) - Ward No.13
249059,28985,14,Etmadpur (MB) - Ward No.14
249059,28986,15,Etmadpur (MB) - Ward No.15
249059,28987,16,Etmadpur (MB) - Ward No.16
249059,28988,17,Etmadpur (MB) - Ward No.17
249059,28989,18,Etmadpur (MB) - Ward No.18
249059,28990,19,Etmadpur (MB) - Ward No.19
249059,28973,2,Etmadpur (MB) - Ward No.2
249059,28991,20,Etmadpur (MB) - Ward No.20
249059,28992,21,Etmadpur (MB) - Ward No.21
249059,28993,22,Etmadpur (MB) - Ward No.22
249059,28994,23,Etmadpur (MB) - Ward No.23
249059,28995,24,Etmadpur (MB) - Ward No.24
249059,28996,25,Etmadpur (MB) - Ward No.25
249059,28974,3,Etmadpur (MB) - Ward No.3
249059,28975,4,Etmadpur (MB) - Ward No.4
249059,28976,5,Etmadpur (MB) - Ward No.5
249059,28977,6,Etmadpur (MB) - Ward No.6
249059,28978,7,Etmadpur (MB) - Ward No.7
249059,28979,8,Etmadpur (MB) - Ward No.8
249059,28980,9,Etmadpur (MB) - Ward No.9
249060,68770,1,Dayalbagh (NP) - Ward No.1
249060,68779,10,Dayalbagh (NP) - Ward No.10
249060,68771,2,Dayalbagh (NP) - Ward No.2
249060,68772,3,Dayalbagh (NP) - Ward No.3
249060,68773,4,Dayalbagh (NP) - Ward No.4
249060,68774,5,Dayalbagh (NP) - Ward No.5
249060,68775,6,Dayalbagh (NP) - Ward No.6
249060,68776,7,Dayalbagh (NP) - Ward No.7
249060,68777,8,Dayalbagh (NP) - Ward No.8
249060,68778,9,Dayalbagh (NP) - Ward No.9
249061,28997,1,Swamibagh (NP) - Ward No.1
249061,29006,10,Swamibagh (NP) - Ward No.10
249061,28998,2,Swamibagh (NP) - Ward No.2
249061,28999,3,Swamibagh (NP) - Ward No.3
249061,29000,4,Swamibagh (NP) - Ward No.4
249061,29001,5,Swamibagh (NP) - Ward No.5
249061,29002,6,Swamibagh (NP) - Ward No.6
249061,29003,7,Swamibagh (NP) - Ward No.7
249061,29004,8,Swamibagh (NP) - Ward No.8
249061,29005,9,Swamibagh (NP) - Ward No.9
249062,68780,1,Agra (M Corp.) - Ward No.1
249062,68789,10,Agra (M Corp.) - Ward No.10
249062,3301927,100,Agra (M.Corp.) ward No.100
249062,68790,11,Agra (M Corp.) - Ward No.11
249062,68791,12,Agra (M Corp.) - Ward No.12
249062,68792,13,Agra (M Corp.) - Ward No.13
249062,68793,14,Agra (M Corp.) - Ward No.14
249062,68794,15,Agra (M Corp.) - Ward No.15
249062,68795,16,Agra (M Corp.) - Ward No.16
249062,68796,17,Agra (M Corp.) - Ward No.17
249062,68797,18,Agra (M Corp.) - Ward No.18
249062,68798,19,Agra (M Corp.) - Ward No.19
249062,68781,2,Agra (M Corp.) - Ward No.2
249062,68799,20,Agra (M Corp.) - Ward No.20
249062,68800,21,Agra (M Corp.) - Ward No.21
249062,68801,22,Agra (M Corp.) - Ward No.22
249062,68802,23,Agra (M Corp.) - Ward No.23
249062,68803,24,Agra (M Corp.) - Ward No.24
249062,68804,25,Agra (M Corp.) - Ward No.25
249062,68805,26,Agra (M Corp.) - Ward No.26
249062,68806,27,Agra (M Corp.) - Ward No.27
249062,68807,28,Agra (M Corp.) - Ward No.28
249062,68808,29,Agra (M Corp.) - Ward No.29
249062,68782,3,Agra (M Corp.) - Ward No.3
249062,68809,30,Agra (M Corp.) - Ward No.30
249062,68810,31,Agra (M Corp.) - Ward No.31
249062,68811,32,Agra (M Corp.) - Ward No.32
249062,68812,33,Agra (M Corp.) - Ward No.33
249062,68813,34,Agra (M Corp.) - Ward No.34
249062,68814,35,Agra (M Corp.) - Ward No.35
249062,68815,36,Agra (M Corp.) - Ward No.36
249062,68816,37,Agra (M Corp.) - Ward No.37
249062,68817,38,Agra (M Corp.) - Ward No.38
249062,68818,39,Agra (M Corp.) - Ward No.39
249062,68783,4,Agra (M Corp.) - Ward No.4
249062,68819,40,Agra (M Corp.) - Ward No.40
249062,68820,41,Agra (M Corp.) - Ward No.41
249062,68821,42,Agra (M Corp.) - Ward No.42
249062,68822,43,Agra (M Corp.) - Ward No.43
249062,68823,44,Agra (M Corp.) - Ward No.44
249062,68824,45,Agra (M Corp.) - Ward No.45
249062,68825,46,Agra (M Corp.) - Ward No.46
249062,68826,47,Agra (M Corp.) - Ward No.47
249062,68827,48,Agra (M Corp.) - Ward No.48
249062,68828,49,Agra (M Corp.) - Ward No.49
249062,68784,5,Agra (M Corp.) - Ward No.5
249062,68829,50,Agra (M Corp.) - Ward No.50
249062,68830,51,Agra (M Corp.) - Ward No.51
249062,68831,52,Agra (M Corp.) - Ward No.52
249062,68832,53,Agra (M Corp.) - Ward No.53
249062,68833,54,Agra (M Corp.) - Ward No.54
249062,68834,55,Agra (M Corp.) - Ward No.55
249062,68835,56,Agra (M Corp.) - Ward No.56
249062,68836,57,Agra (M Corp.) - Ward No.57
249062,68837,58,Agra (M Corp.) - Ward No.58
249062,68838,59,Agra (M Corp.) - Ward No.59
249062,68785,6,Agra (M Corp.) - Ward No.6
249062,68839,60,Agra (M Corp.) - Ward No.60
249062,68840,61,Agra (M Corp.) - Ward No.61
249062,68841,62,Agra (M Corp.) - Ward No.62
249062,68842,63,Agra (M Corp.) - Ward No.63
249062,68843,64,Agra (M Corp.) - Ward No.64
249062,68844,65,Agra (M Corp.) - Ward No.65
249062,68845,66,Agra (M Corp.) - Ward No.66
249062,68846,67,Agra (M Corp.) - Ward No.67
249062,68847,68,Agra (M Corp.) - Ward No.68
249062,68848,69,Agra (M Corp.) - Ward No.69
249062,68786,7,Agra (M Corp.) - Ward No.7
249062,68849,70,Agra (M Corp.) - Ward No.70
249062,68850,71,Agra (M Corp.) - Ward No.71
249062,68851,72,Agra (M Corp.) - Ward No.72
249062,68852,73,Agra (M Corp.) - Ward No.73
249062,68853,74,Agra (M Corp.) - Ward No.74
249062,68854,75,Agra (M Corp.) - Ward No.75
249062,68855,76,Agra (M Corp.) - Ward No.76
249062,68856,77,Agra (M Corp.) - Ward No.77
249062,68857,78,Agra (M Corp.) - Ward No.78
249062,68858,79,Agra (M Corp.) - Ward No.79
249062,68787,8,Agra (M Corp.) - Ward No.8
249062,68859,80,Agra (M Corp.) - Ward No.80
249062,3301908,81,Agra (M Corp.) - ward No.81
249062,3301909,82,Agra (M Corp.) - ward No.82
249062,3301910,83,Agra (M Corp.)- ward No.83
249062,3301911,84,Agra (M. Corp.)- ward No.84
249062,3301912,85,Agra (M.Corp.) ward No.85
249062,3301913,86,Agra (M.Corp.) ward No. 86
249062,3301914,87,Agra (M.Corp.) Ward no.- 87
249062,3301915,88,Agra (M.Corp.) ward No.- 88
249062,3301916,89,Agra (M.Corp.) ward No. 89
249062,68788,9,Agra (M Corp.) - Ward No.9
249062,3301917,90,Agra (M. Corp.) ward No. 90
249062,3301918,91,Agra (M. Corp.) Ward No. 91
249062,3301919,92,Agra (M.Corp.) ward No. 92
249062,3301920,93,Agra (M.Corp.) ward No. 93
249062,3301921,94,Agra (M.Corp.) ward No. 94
249062,3301922,95,Agra (M. Corp.)ward No. 95
249062,3301923,96,Agra (M.Corp.) ward No. 96
249062,3301924,97,Agra (M.Corp.) ward No. 97
249062,3301925,98,Agra (M.Corp.) ward No. 98
249062,3301926,99,Agra (M.Corp.) ward No.99
249066,29009,1,Achhnera (MB) - Ward No.1
249066,29018,10,Achhnera (MB) - Ward No.10
249066,29019,11,Achhnera (MB) - Ward No.11
249066,29020,12,Achhnera (MB) - Ward No.12
249066,29021,13,Achhnera (MB) - Ward No.13
249066,29022,14,Achhnera (MB) - Ward No.14
249066,29023,15,Achhnera (MB) - Ward No.15
249066,29024,16,Achhnera (MB) - Ward No.16
249066,29025,17,Achhnera (MB) - Ward No.17
249066,29026,18,Achhnera (MB) - Ward No.18
249066,29027,19,Achhnera (MB) - Ward No.19
249066,29010,2,Achhnera (MB) - Ward No.2
249066,29028,20,Achhnera (MB) - Ward No.20
249066,29029,21,Achhnera (MB) - Ward No.21
249066,29030,22,Achhnera (MB) - Ward No.22
249066,29031,23,Achhnera (MB) - Ward No.23
249066,29032,24,Achhnera (MB) - Ward No.24
249066,29033,25,Achhnera (MB) - Ward No.25
249066,29011,3,Achhnera (MB) - Ward No.3
249066,29012,4,Achhnera (MB) - Ward No.4
249066,29013,5,Achhnera (MB) - Ward No.5
249066,29014,6,Achhnera (MB) - Ward No.6
249066,29015,7,Achhnera (MB) - Ward No.7
249066,29016,8,Achhnera (MB) - Ward No.8
249066,29017,9,Achhnera (MB) - Ward No.9
249067,29034,1,Kiraoli (NP) - Ward No.1
249067,29043,10,Kiraoli (NP) - Ward No.10
249067,29044,11,Kiraoli (NP) - Ward No.11
249067,29045,12,Kiraoli (NP) - Ward No.12
249067,29046,13,Kiraoli (NP) - Ward No.13
249067,29035,2,Kiraoli (NP) - Ward No.2
249067,29036,3,Kiraoli (NP) - Ward No.3
249067,29037,4,Kiraoli (NP) - Ward No.4
249067,29038,5,Kiraoli (NP) - Ward No.5
249067,29039,6,Kiraoli (NP) - Ward No.6
249067,29040,7,Kiraoli (NP) - Ward No.7
249067,29041,8,Kiraoli (NP) - Ward No.8
249067,29042,9,Kiraoli (NP) - Ward No.9
249068,29047,1,Fatehpur Sikri (MB) - Ward No.1
249068,29061,10,Fatehpur Sikri (MB) - Ward No.10
249068,29062,11,Fatehpur Sikri (MB) - Ward No.11
249068,29063,12,Fatehpur Sikri (MB) - Ward No.12
249068,29064,13,Fatehpur Sikri (MB) - Ward No.13
249068,29065,14,Fatehpur Sikri (MB) - Ward No.14
249068,29066,15,Fatehpur Sikri (MB) - Ward No.15
249068,29067,16,Fatehpur Sikri (MB) - Ward No.16
249068,29068,17,Fatehpur Sikri (MB) - Ward No.17
249068,29069,18,Fatehpur Sikri (MB) - Ward No.18
249068,29070,19,Fatehpur Sikri (MB) - Ward No.19
249068,29048,2,Fatehpur Sikri (MB) - Ward No.2
249068,29071,20,Fatehpur Sikri (MB) - Ward No.20
249068,29053,21,Fatehpur Sikri (MB) - Ward No.21
249068,29054,22,Fatehpur Sikri (MB) - Ward No.22
249068,29055,23,Fatehpur Sikri (MB) - Ward No.23
249068,29056,24,Fatehpur Sikri (MB) - Ward No.24
249068,29057,25,Fatehpur Sikri (MB) - Ward No.25
249068,29049,3,Fatehpur Sikri (MB) - Ward No.3
249068,29050,4,Fatehpur Sikri (MB) - Ward No.4
249068,29051,5,Fatehpur Sikri (MB) - Ward No.5
249068,29052,6,Fatehpur Sikri (MB) - Ward No.6
249068,29058,7,Fatehpur Sikri (MB) - Ward No.7
249068,29059,8,Fatehpur Sikri (MB) - Ward No.8
249068,29060,9,Fatehpur Sikri (MB) - Ward No.9
249069,29072,1,Jagner (NP) - Ward No.1
249069,29354,10,Jagner (NP) - Ward No.10
249069,29073,2,Jagner (NP) - Ward No.2
249069,29074,3,Jagner (NP) - Ward No.3
249069,29075,4,Jagner (NP) - Ward No.4
249069,29076,5,Jagner (NP) - Ward No.5
249069,29350,6,Jagner (NP) - Ward No.6
249069,29351,7,Jagner (NP) - Ward No.7
249069,29352,8,Jagner (NP) - Ward No.8
249069,29353,9,Jagner (NP) - Ward No.9
249070,29355,1,Kheragarh (NP) - Ward No.1
249070,29364,10,Kheragarh (NP) - Ward No.10
249070,29365,11,Kheragarh (NP) - Ward No.11
249070,29366,12,Kheragarh (NP) - Ward No.12
249070,29356,2,Kheragarh (NP) - Ward No.2
249070,29357,3,Kheragarh (NP) - Ward No.3
249070,29358,4,Kheragarh (NP) - Ward No.4
249070,29359,5,Kheragarh (NP) - Ward No.5
249070,29360,6,Kheragarh (NP) - Ward No.6
249070,29361,7,Kheragarh (NP) - Ward No.7
249070,29362,8,Kheragarh (NP) - Ward No.8
249070,29363,9,Kheragarh (NP) - Ward No.9
249071,68861,1,Shamsabad (MB) - Ward No.1
249071,68870,10,Shamsabad (MB) - Ward No.10
249071,68871,11,Shamsabad (MB) - Ward No.11
249071,68872,12,Shamsabad (MB) - Ward No.12
249071,68873,13,Shamsabad (MB) - Ward No.13
249071,68874,14,Shamsabad (MB) - Ward No.14
249071,68875,15,Shamsabad (MB) - Ward No.15
249071,68876,16,Shamsabad (MB) - Ward No.16
249071,68877,17,Shamsabad (MB) - Ward No.17
249071,68878,18,Shamsabad (MB) - Ward No.18
249071,68879,19,Shamsabad (MB) - Ward No.19
249071,68862,2,Shamsabad (MB) - Ward No.2
249071,68880,20,Shamsabad (MB) - Ward No.20
249071,68881,21,Shamsabad (MB) - Ward No.21
249071,68882,22,Shamsabad (MB) - Ward No.22
249071,68883,23,Shamsabad (MB) - Ward No.23
249071,68884,24,Shamsabad (MB) - Ward No.24
249071,68885,25,Shamsabad (MB) - Ward No.25
249071,68863,3,Shamsabad (MB) - Ward No.3
249071,68864,4,Shamsabad (MB) - Ward No.4
249071,68865,5,Shamsabad (MB) - Ward No.5
249071,68866,6,Shamsabad (MB) - Ward No.6
249071,68867,7,Shamsabad (MB) - Ward No.7
249071,68868,8,Shamsabad (MB) - Ward No.8
249071,68869,9,Shamsabad (MB) - Ward No.9
249072,29367,1,Fatehabad (NP) - Ward No.1
249072,29376,10,Fatehabad (NP) - Ward No.10
249072,29377,11,Fatehabad (NP) - Ward No.11
249072,29378,12,Fatehabad (NP) - Ward No.12
249072,29368,2,Fatehabad (NP) - Ward No.2
249072,29369,3,Fatehabad (NP) - Ward No.3
249072,29370,4,Fatehabad (NP) - Ward No.4
249072,29371,5,Fatehabad (NP) - Ward No.5
249072,29372,6,Fatehabad (NP) - Ward No.6
249072,29373,7,Fatehabad (NP) - Ward No.7
249072,29374,8,Fatehabad (NP) - Ward No.8
249072,29375,9,Fatehabad (NP) - Ward No.9
249073,29379,1,Pinahat (NP) - Ward No.1
249073,29388,10,Pinahat (NP) - Ward No.10
249073,29389,11,Pinahat (NP) - Ward No.11
249073,29380,2,Pinahat (NP) - Ward No.2
249073,29381,3,Pinahat (NP) - Ward No.3
249073,29382,4,Pinahat (NP) - Ward No.4
249073,29383,5,Pinahat (NP) - Ward No.5
249073,29384,6,Pinahat (NP) - Ward No.6
249073,29385,7,Pinahat (NP) - Ward No.7
249073,29386,8,Pinahat (NP) - Ward No.8
249073,29387,9,Pinahat (NP) - Ward No.9
249074,29390,1,Bah (MB) - Ward No.1
249074,29399,10,Bah (MB) - Ward No.10
249074,29400,11,Bah (MB) - Ward No.11
249074,29401,12,Bah (MB) - Ward No.12
249074,29402,13,Bah (MB) - Ward No.13
249074,29403,14,Bah (MB) - Ward No.14
249074,29404,15,Bah (MB) - Ward No.15
249074,29405,16,Bah (MB) - Ward No.16
249074,29406,17,Bah (MB) - Ward No.17
249074,29407,18,Bah (MB) - Ward No.18
249074,29408,19,Bah (MB) - Ward No.19
249074,29391,2,Bah (MB) - Ward No.2
249074,29409,20,Bah (MB) - Ward No.20
249074,29410,21,Bah (MB) - Ward No.21
249074,29411,22,Bah (MB) - Ward No.22
249074,29412,23,Bah (MB) - Ward No.23
249074,29413,24,Bah (MB) - Ward No.24
249074,29414,25,Bah (MB) - Ward No.25
249074,29392,3,Bah (MB) - Ward No.3
249074,29393,4,Bah (MB) - Ward No.4
249074,29394,5,Bah (MB) - Ward No.5
249074,29395,6,Bah (MB) - Ward No.6
249074,29396,7,Bah (MB) - Ward No.7
249074,29397,8,Bah (MB) - Ward No.8
249074,29398,9,Bah (MB) - Ward No.9
249075,29415,1,Tundla (MB) - Ward No.1
249075,29424,10,Tundla (MB) - Ward No.10
249075,29425,11,Tundla (MB) - Ward No.11
249075,29426,12,Tundla (MB) - Ward No.12
249075,29427,13,Tundla (MB) - Ward No.13
249075,29428,14,Tundla (MB) - Ward No.14
249075,29429,15,Tundla (MB) - Ward No.15
249075,29430,16,Tundla (MB) - Ward No.16
249075,29431,17,Tundla (MB) - Ward No.17
249075,29432,18,Tundla (MB) - Ward No.18
249075,29433,19,Tundla (MB) - Ward No.19
249075,29416,2,Tundla (MB) - Ward No.2
249075,29434,20,Tundla (MB) - Ward No.20
249075,29435,21,Tundla (MB) - Ward No.21
249075,29436,22,Tundla (MB) - Ward No.22
249075,29437,23,Tundla (MB) - Ward No.23
249075,29438,24,Tundla (MB) - Ward No.24
249075,29439,25,Tundla (MB) - Ward No.25
249075,29417,3,Tundla (MB) - Ward No.3
249075,29418,4,Tundla (MB) - Ward No.4
249075,29419,5,Tundla (MB) - Ward No.5
249075,29420,6,Tundla (MB) - Ward No.6
249075,29421,7,Tundla (MB) - Ward No.7
249075,29422,8,Tundla (MB) - Ward No.8
249075,29423,9,Tundla (MB) - Ward No.9
249079,68886,1,Firozabad (MB) - Ward No.1
249079,68895,10,Firozabad (MB) - Ward No.10
249079,68896,11,Firozabad (MB) - Ward No.11
249079,68897,12,Firozabad (MB) - Ward No.12
249079,68898,13,Firozabad (MB) - Ward No.13
249079,68899,14,Firozabad (MB) - Ward No.14
249079,68900,15,Firozabad (MB) - Ward No.15
249079,68901,16,Firozabad (MB) - Ward No.16
249079,68902,17,Firozabad (MB) - Ward No.17
249079,68903,18,Firozabad (MB) - Ward No.18
249079,68904,19,Firozabad (MB) - Ward No.19
249079,68887,2,Firozabad (MB) - Ward No.2
249079,68905,20,Firozabad (MB) - Ward No.20
249079,68906,21,Firozabad (MB) - Ward No.21
249079,68907,22,Firozabad (MB) - Ward No.22
249079,68908,23,Firozabad (MB) - Ward No.23
249079,68909,24,Firozabad (MB) - Ward No.24
249079,68910,25,Firozabad (MB) - Ward No.25
249079,68911,26,Firozabad (MB) - Ward No.26
249079,68912,27,Firozabad (MB) - Ward No.27
249079,68913,28,Firozabad (MB) - Ward No.28
249079,68914,29,Firozabad (MB) - Ward No.29
249079,68888,3,Firozabad (MB) - Ward No.3
249079,68915,30,Firozabad (MB) - Ward No.30
249079,68916,31,Humayunpur (OG) - Ward No.31
249079,68917,32,Nagla Bhau (OG) - Ward No.32
249079,68918,33,Kakarahu (OG) - Ward No.33
249079,68919,34,Mirza Nagla (OG) - Ward No.34
249079,68920,35,Ambedkar Park (OG) - Ward No.35
249079,68921,36,Ramgarh Nagla Kothi (OG) - Ward No.36
249079,68922,37,Lalpur (OG) - Ward No.37
249079,68923,38,Asafabad (OG) - Ward No.38
249079,68889,4,Firozabad (MB) - Ward No.4
249079,68890,5,Firozabad (MB) - Ward No.5
249079,68891,6,Firozabad (MB) - Ward No.6
249079,68892,7,Firozabad (MB) - Ward No.7
249079,68893,8,Firozabad (MB) - Ward No.8
249079,68894,9,Firozabad (MB) - Ward No.9
249080,29443,1,Fariha (NP) - Ward No.1
249080,29452,10,Fariha (NP) - Ward No.10
249080,29444,2,Fariha (NP) - Ward No.2
249080,29445,3,Fariha (NP) - Ward No.3
249080,29446,4,Fariha (NP) - Ward No.4
249080,29447,5,Fariha (NP) - Ward No.5
249080,29448,6,Fariha (NP) - Ward No.6
249080,29449,7,Fariha (NP) - Ward No.7
249080,29450,8,Fariha (NP) - Ward No.8
249080,29451,9,Fariha (NP) - Ward No.9
249081,29453,1,Jasrana (NP) - Ward No.1
249081,29462,10,Jasrana (NP) - Ward No.10
249081,29454,2,Jasrana (NP) - Ward No.2
249081,29455,3,Jasrana (NP) - Ward No.3
249081,29456,4,Jasrana (NP) - Ward No.4
249081,29457,5,Jasrana (NP) - Ward No.5
249081,29458,6,Jasrana (NP) - Ward No.6
249081,29459,7,Jasrana (NP) - Ward No.7
249081,29460,8,Jasrana (NP) - Ward No.8
249081,29461,9,Jasrana (NP) - Ward No.9
249082,68924,1,Shikohabad (MB) - Ward No.1
249082,68933,10,Shikohabad (MB) - Ward No.10
249082,68934,11,Shikohabad (MB) - Ward No.11
249082,68935,12,Shikohabad (MB) - Ward No.12
249082,68936,13,Shikohabad (MB) - Ward No.13
249082,68937,14,Shikohabad (MB) - Ward No.14
249082,68938,15,Shikohabad (MB) - Ward No.15
249082,68939,16,Shikohabad (MB) - Ward No.16
249082,68940,17,Shikohabad (MB) - Ward No.17
249082,68941,18,Shikohabad (MB) - Ward No.18
249082,68942,19,Shikohabad (MB) - Ward No.19
249082,68925,2,Shikohabad (MB) - Ward No.2
249082,68943,20,Shikohabad (MB) - Ward No.20
249082,68944,21,Shikohabad (MB) - Ward No.21
249082,68945,22,Shikohabad (MB) - Ward No.22
249082,68946,23,Shikohabad (MB) - Ward No.23
249082,68947,24,Shikohabad (MB) - Ward No.24
249082,68948,25,Shikohabad (MB) - Ward No.25
249082,68926,3,Shikohabad (MB) - Ward No.3
249082,68927,4,Shikohabad (MB) - Ward No.4
249082,68928,5,Shikohabad (MB) - Ward No.5
249082,68929,6,Shikohabad (MB) - Ward No.6
249082,68930,7,Shikohabad (MB) - Ward No.7
249082,68931,8,Shikohabad (MB) - Ward No.8
249082,68932,9,Shikohabad (MB) - Ward No.9
249083,29463,1,Sirsaganj (MB) - Ward No.1
249083,29472,10,Sirsaganj (MB) - Ward No.10
249083,29473,11,Sirsaganj (MB) - Ward No.11
249083,29474,12,Sirsaganj (MB) - Ward No.12
249083,29475,13,Sirsaganj (MB) - Ward No.13
249083,29476,14,Sirsaganj (MB) - Ward No.14
249083,29477,15,Sirsaganj (MB) - Ward No.15
249083,29478,16,Sirsaganj (MB) - Ward No.16
249083,29479,17,Sirsaganj (MB) - Ward No.17
249083,29480,18,Sirsaganj (MB) - Ward No.18
249083,29481,19,Sirsaganj (MB) - Ward No.19
249083,29464,2,Sirsaganj (MB) - Ward No.2
249083,29482,20,Sirsaganj (MB) - Ward No.20
249083,29483,21,Sirsaganj (MB) - Ward No.21
249083,29484,22,Sirsaganj (MB) - Ward No.22
249083,29485,23,Sirsaganj (MB) - Ward No.23
249083,29486,24,Sirsaganj (MB) - Ward No.24
249083,29487,25,Sirsaganj (MB) - Ward No.25
249083,29488,26,"Etawah-Karhal Road, Southara Kunjpura Road., Pengu Araon Road. Adhayapak Nagar, Agra Road, Khemganj and Sarai Mohanganj (OG) - Ward No.26"
249083,29465,3,Sirsaganj (MB) - Ward No.3
249083,29466,4,Sirsaganj (MB) - Ward No.4
249083,29467,5,Sirsaganj (MB) - Ward No.5
249083,29468,6,Sirsaganj (MB) - Ward No.6
249083,29469,7,Sirsaganj (MB) - Ward No.7
249083,29470,8,Sirsaganj (MB) - Ward No.8
249083,29471,9,Sirsaganj (MB) - Ward No.9
249084,29489,1,Soron (MB) - Ward No.1
249084,29498,10,Soron (MB) - Ward No.10
249084,29499,11,Soron (MB) - Ward No.11
249084,29500,12,Soron (MB) - Ward No.12
249084,29501,13,Soron (MB) - Ward No.13
249084,29502,14,Soron (MB) - Ward No.14
249084,29503,15,Soron (MB) - Ward No.15
249084,29504,16,Soron (MB) - Ward No.16
249084,29505,17,Soron (MB) - Ward No.17
249084,29506,18,Soron (MB) - Ward No.18
249084,29507,19,Soron (MB) - Ward No.19
249084,29490,2,Soron (MB) - Ward No.2
249084,29508,20,Soron (MB) - Ward No.20
249084,29509,21,Soron (MB) - Ward No.21
249084,29510,22,Soron (MB) - Ward No.22
249084,29511,23,Soron (MB) - Ward No.23
249084,29512,24,Soron (MB) - Ward No.24
249084,29513,25,Soron (MB) - Ward No.25
249084,29491,3,Soron (MB) - Ward No.3
249084,29492,4,Soron (MB) - Ward No.4
249084,29493,5,Soron (MB) - Ward No.5
249084,29494,6,Soron (MB) - Ward No.6
249084,29495,7,Soron (MB) - Ward No.7
249084,29496,8,Soron (MB) - Ward No.8
249084,29497,9,Soron (MB) - Ward No.9
249085,29514,1,Bilram (NP) - Ward No.1
249085,29523,10,Bilram (NP) - Ward No.10
249085,29515,2,Bilram (NP) - Ward No.2
249085,29516,3,Bilram (NP) - Ward No.3
249085,29517,4,Bilram (NP) - Ward No.4
249085,29518,5,Bilram (NP) - Ward No.5
249085,29519,6,Bilram (NP) - Ward No.6
249085,29520,7,Bilram (NP) - Ward No.7
249085,29521,8,Bilram (NP) - Ward No.8
249085,29522,9,Bilram (NP) - Ward No.9
249086,68949,1,Kasganj (MB) - Ward No.1
249086,68958,10,Kasganj (MB) - Ward No.10
249086,68959,11,Kasganj (MB) - Ward No.11
249086,68960,12,Kasganj (MB) - Ward No.12
249086,68961,13,Kasganj (MB) - Ward No.13
249086,68962,14,Kasganj (MB) - Ward No.14
249086,68963,15,Kasganj (MB) - Ward No.15
249086,68964,16,Kasganj (MB) - Ward No.16
249086,68965,17,Kasganj (MB) - Ward No.17
249086,68966,18,Kasganj (MB) - Ward No.18
249086,68967,19,Kasganj (MB) - Ward No.19
249086,68950,2,Kasganj (MB) - Ward No.2
249086,68968,20,Kasganj (MB) - Ward No.20
249086,68969,21,Kasganj (MB) - Ward No.21
249086,68970,22,Kasganj (MB) - Ward No.22
249086,68971,23,Kasganj (MB) - Ward No.23
249086,69347,24,Kasganj (MB) - Ward No.24
249086,69348,25,Kasganj (MB) - Ward No.25
249086,68951,3,Kasganj (MB) - Ward No.3
249086,68952,4,Kasganj (MB) - Ward No.4
249086,68953,5,Kasganj (MB) - Ward No.5
249086,68954,6,Kasganj (MB) - Ward No.6
249086,68955,7,Kasganj (MB) - Ward No.7
249086,68956,8,Kasganj (MB) - Ward No.8
249086,68957,9,Kasganj (MB) - Ward No.9
249087,69349,1,Sahawar (NP) - Ward No.1
249087,69358,10,Sahawar (NP) - Ward No.10
249087,69359,11,Sahawar (NP) - Ward No.11
249087,69360,12,Sahawar (NP) - Ward No.12
249087,69361,13,Sahawar (NP) - Ward No.13
249087,69362,14,Sahawar (NP) - Ward No.14
249087,69350,2,Sahawar (NP) - Ward No.2
249087,69351,3,Sahawar (NP) - Ward No.3
249087,69352,4,Sahawar (NP) - Ward No.4
249087,69353,5,Sahawar (NP) - Ward No.5
249087,69354,6,Sahawar (NP) - Ward No.6
249087,69355,7,Sahawar (NP) - Ward No.7
249087,69356,8,Sahawar (NP) - Ward No.8
249087,69357,9,Sahawar (NP) - Ward No.9
249088,29524,1,Amanpur (NP) - Ward No.1
249088,29533,10,Amanpur (NP) - Ward No.10
249088,29525,2,Amanpur (NP) - Ward No.2
249088,29526,3,Amanpur (NP) - Ward No.3
249088,29527,4,Amanpur (NP) - Ward No.4
249088,29528,5,Amanpur (NP) - Ward No.5
249088,29529,6,Amanpur (NP) - Ward No.6
249088,29530,7,Amanpur (NP) - Ward No.7
249088,29531,8,Amanpur (NP) - Ward No.8
249088,29532,9,Amanpur (NP) - Ward No.9
249089,29534,1,Mohanpur (NP) - Ward No.1
249089,29543,10,Mohanpur (NP) - Ward No.10
249089,29535,2,Mohanpur (NP) - Ward No.2
249089,29536,3,Mohanpur (NP) - Ward No.3
249089,29537,4,Mohanpur (NP) - Ward No.4
249089,29538,5,Mohanpur (NP) - Ward No.5
249089,29539,6,Mohanpur (NP) - Ward No.6
249089,29540,7,Mohanpur (NP) - Ward No.7
249089,29541,8,Mohanpur (NP) - Ward No.8
249089,29542,9,Mohanpur (NP) - Ward No.9
249090,29544,1,Ganj Dundwara (MB) - Ward No.1
249090,29553,10,Ganj Dundwara (MB) - Ward No.10
249090,29554,11,Ganj Dundwara (MB) - Ward No.11
249090,29555,12,Ganj Dundwara (MB) - Ward No.12
249090,29556,13,Ganj Dundwara (MB) - Ward No.13
249090,29557,14,Ganj Dundwara (MB) - Ward No.14
249090,29558,15,Ganj Dundwara (MB) - Ward No.15
249090,29559,16,Ganj Dundwara (MB) - Ward No.16
249090,29560,17,Ganj Dundwara (MB) - Ward No.17
249090,29561,18,Ganj Dundwara (MB) - Ward No.18
249090,29562,19,Ganj Dundwara (MB) - Ward No.19
249090,29545,2,Ganj Dundwara (MB) - Ward No.2
249090,29563,20,Ganj Dundwara (MB) - Ward No.20
249090,29564,21,Ganj Dundwara (MB) - Ward No.21
249090,29565,22,Ganj Dundwara (MB) - Ward No.22
249090,29566,23,Ganj Dundwara (MB) - Ward No.23
249090,29567,24,Ganj Dundwara (MB) - Ward No.24
249090,29568,25,Ganj Dundwara (MB) - Ward No.25
249090,29546,3,Ganj Dundwara (MB) - Ward No.3
249090,29547,4,Ganj Dundwara (MB) - Ward No.4
249090,29548,5,Ganj Dundwara (MB) - Ward No.5
249090,29549,6,Ganj Dundwara (MB) - Ward No.6
249090,29550,7,Ganj Dundwara (MB) - Ward No.7
249090,29551,8,Ganj Dundwara (MB) - Ward No.8
249090,29552,9,Ganj Dundwara (MB) - Ward No.9
249091,29569,1,Patiyali (NP) - Ward No.1
249091,29578,10,Patiyali (NP) - Ward No.10
249091,29570,2,Patiyali (NP) - Ward No.2
249091,29571,3,Patiyali (NP) - Ward No.3
249091,29572,4,Patiyali (NP) - Ward No.4
249091,29573,5,Patiyali (NP) - Ward No.5
249091,29574,6,Patiyali (NP) - Ward No.6
249091,29575,7,Patiyali (NP) - Ward No.7
249091,29576,8,Patiyali (NP) - Ward No.8
249091,29577,9,Patiyali (NP) - Ward No.9
249092,29579,1,Sidhpura (NP) - Ward No.1
249092,29588,10,Sidhpura (NP) - Ward No.10
249092,29580,2,Sidhpura (NP) - Ward No.2
249092,29581,3,Sidhpura (NP) - Ward No.3
249092,29582,4,Sidhpura (NP) - Ward No.4
249092,29583,5,Sidhpura (NP) - Ward No.5
249092,29584,6,Sidhpura (NP) - Ward No.6
249092,29585,7,Sidhpura (NP) - Ward No.7
249092,29586,8,Sidhpura (NP) - Ward No.8
249092,29587,9,Sidhpura (NP) - Ward No.9
249093,29589,1,Bhargain (NP) - Ward No.1
249093,29598,10,Bhargain (NP) - Ward No.10
249093,29599,11,Bhargain (NP) - Ward No.11
249093,29600,12,Bhargain (NP) - Ward No.12
249093,29601,13,Bhargain (NP) - Ward No.13
249093,29602,14,Bhargain (NP) - Ward No.14
249093,29590,2,Bhargain (NP) - Ward No.2
249093,29591,3,Bhargain (NP) - Ward No.3
249093,29592,4,Bhargain (NP) - Ward No.4
249093,29593,5,Bhargain (NP) - Ward No.5
249093,29594,6,Bhargain (NP) - Ward No.6
249093,29595,7,Bhargain (NP) - Ward No.7
249093,29596,8,Bhargain (NP) - Ward No.8
249093,29597,9,Bhargain (NP) - Ward No.9
249094,29603,1,Raja ka Rampur (NP) - Ward No.1
249094,29612,10,Raja ka Rampur (NP) - Ward No.10
249094,29604,2,Raja ka Rampur (NP) - Ward No.2
249094,29605,3,Raja ka Rampur (NP) - Ward No.3
249094,29606,4,Raja ka Rampur (NP) - Ward No.4
249094,29607,5,Raja ka Rampur (NP) - Ward No.5
249094,29608,6,Raja ka Rampur (NP) - Ward No.6
249094,29609,7,Raja ka Rampur (NP) - Ward No.7
249094,29610,8,Raja ka Rampur (NP) - Ward No.8
249094,29611,9,Raja ka Rampur (NP) - Ward No.9
249095,29613,1,Aliganj (MB) - Ward No.1
249095,29622,10,Aliganj (MB) - Ward No.10
249095,29623,11,Aliganj (MB) - Ward No.11
249095,29624,12,Aliganj (MB) - Ward No.12
249095,29625,13,Aliganj (MB) - Ward No.13
249095,29626,14,Aliganj (MB) - Ward No.14
249095,29627,15,Aliganj (MB) - Ward No.15
249095,29628,16,Aliganj (MB) - Ward No.16
249095,29629,17,Aliganj (MB) - Ward No.17
249095,29630,18,Aliganj (MB) - Ward No.18
249095,29631,19,Aliganj (MB) - Ward No.19
249095,29614,2,Aliganj (MB) - Ward No.2
249095,29632,20,Aliganj (MB) - Ward No.20
249095,29633,21,Aliganj (MB) - Ward No.21
249095,29634,22,Aliganj (MB) - Ward No.22
249095,29635,23,Aliganj (MB) - Ward No.23
249095,29636,24,Aliganj (MB) - Ward No.24
249095,29637,25,Aliganj (MB) - Ward No.25
249095,29615,3,Aliganj (MB) - Ward No.3
249095,29616,4,Aliganj (MB) - Ward No.4
249095,29617,5,Aliganj (MB) - Ward No.5
249095,29618,6,Aliganj (MB) - Ward No.6
249095,29619,7,Aliganj (MB) - Ward No.7
249095,29620,8,Aliganj (MB) - Ward No.8
249095,29621,9,Aliganj (MB) - Ward No.9
249096,29638,1,Jaithara (NP) - Ward No.1
249096,29647,10,Jaithara (NP) - Ward No.10
249096,29639,2,Jaithara (NP) - Ward No.2
249096,29640,3,Jaithara (NP) - Ward No.3
249096,29641,4,Jaithara (NP) - Ward No.4
249096,29642,5,Jaithara (NP) - Ward No.5
249096,29643,6,Jaithara (NP) - Ward No.6
249096,29644,7,Jaithara (NP) - Ward No.7
249096,29645,8,Jaithara (NP) - Ward No.8
249096,29646,9,Jaithara (NP) - Ward No.9
249097,29648,1,Sakit (NP) - Ward No.1
249097,29657,10,Sakit (NP) - Ward No.10
249097,29649,2,Sakit (NP) - Ward No.2
249097,29650,3,Sakit (NP) - Ward No.3
249097,29651,4,Sakit (NP) - Ward No.4
249097,29652,5,Sakit (NP) - Ward No.5
249097,29653,6,Sakit (NP) - Ward No.6
249097,29654,7,Sakit (NP) - Ward No.7
249097,29655,8,Sakit (NP) - Ward No.8
249097,29656,9,Sakit (NP) - Ward No.9
249098,29658,1,Etah (MB) - Ward No.1
249098,29667,10,Etah (MB) - Ward No.10
249098,29668,11,Etah (MB) - Ward No.11
249098,29669,12,Etah (MB) - Ward No.12
249098,29670,13,Etah (MB) - Ward No.13
249098,29671,14,Etah (MB) - Ward No.14
249098,29672,15,Etah (MB) - Ward No.15
249098,29673,16,Etah (MB) - Ward No.16
249098,29674,17,Etah (MB) - Ward No.17
249098,29675,18,Etah (MB) - Ward No.18
249098,29676,19,Etah (MB) - Ward No.19
249098,29659,2,Etah (MB) - Ward No.2
249098,29677,20,Etah (MB) - Ward No.20
249098,29678,21,Etah (MB) - Ward No.21
249098,29679,22,Etah (MB) - Ward No.22
249098,29680,23,Etah (MB) - Ward No.23
249098,29681,24,Etah (MB) - Ward No.24
249098,29682,25,Etah (MB) - Ward No.25
249098,29660,3,Etah (MB) - Ward No.3
249098,29661,4,Etah (MB) - Ward No.4
249098,29662,5,Etah (MB) - Ward No.5
249098,29663,6,Etah (MB) - Ward No.6
249098,29664,7,Etah (MB) - Ward No.7
249098,29665,8,Etah (MB) - Ward No.8
249098,29666,9,Etah (MB) - Ward No.9
249099,29683,1,Marehra (MB) - Ward No.1
249099,29692,10,Marehra (MB) - Ward No.10
249099,29693,11,Marehra (MB) - Ward No.11
249099,29694,12,Marehra (MB) - Ward No.12
249099,29695,13,Marehra (MB) - Ward No.13
249099,29696,14,Marehra (MB) - Ward No.14
249099,29697,15,Marehra (MB) - Ward No.15
249099,29698,16,Marehra (MB) - Ward No.16
249099,29699,17,Marehra (MB) - Ward No.17
249099,29700,18,Marehra (MB) - Ward No.18
249099,29701,19,Marehra (MB) - Ward No.19
249099,29684,2,Marehra (MB) - Ward No.2
249099,29702,20,Marehra (MB) - Ward No.20
249099,29703,21,Marehra (MB) - Ward No.21
249099,29704,22,Marehra (MB) - Ward No.22
249099,29705,23,Marehra (MB) - Ward No.23
249099,29706,24,Marehra (MB) - Ward No.24
249099,29707,25,Marehra (MB) - Ward No.25
249099,29685,3,Marehra (MB) - Ward No.3
249099,29686,4,Marehra (MB) - Ward No.4
249099,29687,5,Marehra (MB) - Ward No.5
249099,29688,6,Marehra (MB) - Ward No.6
249099,29689,7,Marehra (MB) - Ward No.7
249099,29690,8,Marehra (MB) - Ward No.8
249099,29691,9,Marehra (MB) - Ward No.9
249100,29708,1,Nidhauli Kalan (NP) - Ward No.1
249100,29717,10,Nidhauli Kalan (NP) - Ward No.10
249100,29709,2,Nidhauli Kalan (NP) - Ward No.2
249100,29710,3,Nidhauli Kalan (NP) - Ward No.3
249100,29711,4,Nidhauli Kalan (NP) - Ward No.4
249100,29712,5,Nidhauli Kalan (NP) - Ward No.5
249100,29713,6,Nidhauli Kalan (NP) - Ward No.6
249100,29714,7,Nidhauli Kalan (NP) - Ward No.7
249100,29715,8,Nidhauli Kalan (NP) - Ward No.8
249100,29716,9,Nidhauli Kalan (NP) - Ward No.9
249101,69363,1,Jalesar (MB) - Ward No.1
249101,69372,10,Jalesar (MB) - Ward No.10
249101,69373,11,Jalesar (MB) - Ward No.11
249101,69374,12,Jalesar (MB) - Ward No.12
249101,69375,13,Jalesar (MB) - Ward No.13
249101,69376,14,Jalesar (MB) - Ward No.14
249101,69377,15,Jalesar (MB) - Ward No.15
249101,69378,16,Jalesar (MB) - Ward No.16
249101,69379,17,Jalesar (MB) - Ward No.17
249101,69380,18,Jalesar (MB) - Ward No.18
249101,69381,19,Jalesar (MB) - Ward No.19
249101,69364,2,Jalesar (MB) - Ward No.2
249101,69382,20,Jalesar (MB) - Ward No.20
249101,69383,21,Jalesar (MB) - Ward No.21
249101,69384,22,Jalesar (MB) - Ward No.22
249101,69385,23,Jalesar (MB) - Ward No.23
249101,69386,24,Jalesar (MB) - Ward No.24
249101,69387,25,Jalesar (MB) - Ward No.25
249101,69365,3,Jalesar (MB) - Ward No.3
249101,69366,4,Jalesar (MB) - Ward No.4
249101,69367,5,Jalesar (MB) - Ward No.5
249101,69368,6,Jalesar (MB) - Ward No.6
249101,69369,7,Jalesar (MB) - Ward No.7
249101,69370,8,Jalesar (MB) - Ward No.8
249101,69371,9,Jalesar (MB) - Ward No.9
249102,29718,1,Awagarh (NP) - Ward No.1
249102,29727,10,Awagarh (NP) - Ward No.10
249102,29719,2,Awagarh (NP) - Ward No.2
249102,29720,3,Awagarh (NP) - Ward No.3
249102,29721,4,Awagarh (NP) - Ward No.4
249102,29722,5,Awagarh (NP) - Ward No.5
249102,29723,6,Awagarh (NP) - Ward No.6
249102,29724,7,Awagarh (NP) - Ward No.7
249102,29725,8,Awagarh (NP) - Ward No.8
249102,29726,9,Awagarh (NP) - Ward No.9
249103,29728,1,Kuraoli (NP) - Ward No.1
249103,29737,10,Kuraoli (NP) - Ward No.10
249103,29738,11,Kuraoli (NP) - Ward No.11
249103,29739,12,Kuraoli (NP) - Ward No.12
249103,29740,13,Kuraoli (NP) - Ward No.13
249103,29741,14,Kuraoli (NP) - Ward No.14
249103,29729,2,Kuraoli (NP) - Ward No.2
249103,29730,3,Kuraoli (NP) - Ward No.3
249103,29731,4,Kuraoli (NP) - Ward No.4
249103,29732,5,Kuraoli (NP) - Ward No.5
249103,29733,6,Kuraoli (NP) - Ward No.6
249103,29734,7,Kuraoli (NP) - Ward No.7
249103,29735,8,Kuraoli (NP) - Ward No.8
249103,29736,9,Kuraoli (NP) - Ward No.9
249104,29742,1,Jyoti Khuria (NP) - Ward No.1
249104,29751,10,Jyoti Khuria (NP) - Ward No.10
249104,29743,2,Jyoti Khuria (NP) - Ward No.2
249104,29744,3,Jyoti Khuria (NP) - Ward No.3
249104,29745,4,Jyoti Khuria (NP) - Ward No.4
249104,29746,5,Jyoti Khuria (NP) - Ward No.5
249104,29747,6,Jyoti Khuria (NP) - Ward No.6
249104,29748,7,Jyoti Khuria (NP) - Ward No.7
249104,29749,8,Jyoti Khuria (NP) - Ward No.8
249104,29750,9,Jyoti Khuria (NP) - Ward No.9
249105,29752,1,Ghiraur (NP) - Ward No.1
249105,29761,10,Ghiraur (NP) - Ward No.10
249105,29753,2,Ghiraur (NP) - Ward No.2
249105,29754,3,Ghiraur (NP) - Ward No.3
249105,29755,4,Ghiraur (NP) - Ward No.4
249105,29756,5,Ghiraur (NP) - Ward No.5
249105,29757,6,Ghiraur (NP) - Ward No.6
249105,29758,7,Ghiraur (NP) - Ward No.7
249105,29759,8,Ghiraur (NP) - Ward No.8
249105,29760,9,Ghiraur (NP) - Ward No.9
249106,29762,1,Mainpuri (MB) - Ward No.1
249106,29771,10,Mainpuri (MB) - Ward No.10
249106,29772,11,Mainpuri (MB) - Ward No.11
249106,29773,12,Mainpuri (MB) - Ward No.12
249106,29774,13,Mainpuri (MB) - Ward No.13
249106,29775,14,Mainpuri (MB) - Ward No.14
249106,29776,15,Mainpuri (MB) - Ward No.15
249106,29777,16,Mainpuri (MB) - Ward No.16
249106,29778,17,Mainpuri (MB) - Ward No.17
249106,29779,18,Mainpuri (MB) - Ward No.18
249106,29780,19,Mainpuri (MB) - Ward No.19
249106,29763,2,Mainpuri (MB) - Ward No.2
249106,29781,20,Mainpuri (MB) - Ward No.20
249106,29782,21,Mainpuri (MB) - Ward No.21
249106,29783,22,Mainpuri (MB) - Ward No.22
249106,29784,23,Mainpuri (MB) - Ward No.23
249106,29785,24,Mainpuri (MB) - Ward No.24
249106,29786,25,Mainpuri (MB) - Ward No.25
249106,29787,26,Railway Colony and Power House Colony (OG) - Ward No.26
249106,29788,27,Nagla Rate and Ram Lila Maidan (OG) - Ward No.27
249106,29764,3,Mainpuri (MB) - Ward No.3
249106,29765,4,Mainpuri (MB) - Ward No.4
249106,29766,5,Mainpuri (MB) - Ward No.5
249106,29767,6,Mainpuri (MB) - Ward No.6
249106,29768,7,Mainpuri (MB) - Ward No.7
249106,29769,8,Mainpuri (MB) - Ward No.8
249106,29770,9,Mainpuri (MB) - Ward No.9
249107,29789,1,Karhal (NP) - Ward No.1
249107,29798,10,Karhal (NP) - Ward No.10
249107,29799,11,Karhal (NP) - Ward No.11
249107,29800,12,Karhal (NP) - Ward No.12
249107,29801,13,Karhal (NP) - Ward No.13
249107,29802,14,Karhal (NP) - Ward No.14
249107,29803,15,Karhal (NP) - Ward No.15
249107,29790,2,Karhal (NP) - Ward No.2
249107,29791,3,Karhal (NP) - Ward No.3
249107,29792,4,Karhal (NP) - Ward No.4
249107,29793,5,Karhal (NP) - Ward No.5
249107,29794,6,Karhal (NP) - Ward No.6
249107,29795,7,Karhal (NP) - Ward No.7
249107,29796,8,Karhal (NP) - Ward No.8
249107,29797,9,Karhal (NP) - Ward No.9
249108,29804,1,Bhogaon (NP) - Ward No.1
249108,29813,10,Bhogaon (NP) - Ward No.10
249108,29814,11,Bhogaon (NP) - Ward No.11
249108,29815,12,Bhogaon (NP) - Ward No.12
249108,29816,13,Bhogaon (NP) - Ward No.13
249108,29817,14,Bhogaon (NP) - Ward No.14
249108,29818,15,Bhogaon (NP) - Ward No.15
249108,29805,2,Bhogaon (NP) - Ward No.2
249108,29806,3,Bhogaon (NP) - Ward No.3
249108,29807,4,Bhogaon (NP) - Ward No.4
249108,29808,5,Bhogaon (NP) - Ward No.5
249108,29809,6,Bhogaon (NP) - Ward No.6
249108,29810,7,Bhogaon (NP) - Ward No.7
249108,29811,8,Bhogaon (NP) - Ward No.8
249108,29812,9,Bhogaon (NP) - Ward No.9
249109,29819,1,Bewar (NP) - Ward No.1
249109,29828,10,Bewar (NP) - Ward No.10
249109,29829,11,Bewar (NP) - Ward No.11
249109,29830,12,Bewar (NP) - Ward No.12
249109,29831,13,Bewar (NP) - Ward No.13
249109,29820,2,Bewar (NP) - Ward No.2
249109,29821,3,Bewar (NP) - Ward No.3
249109,29822,4,Bewar (NP) - Ward No.4
249109,29823,5,Bewar (NP) - Ward No.5
249109,29824,6,Bewar (NP) - Ward No.6
249109,29825,7,Bewar (NP) - Ward No.7
249109,29826,8,Bewar (NP) - Ward No.8
249109,29827,9,Bewar (NP) - Ward No.9
249110,69388,1,Kusmara (NP) - Ward No.1
249110,69397,10,Kusmara (NP) - Ward No.10
249110,69389,2,Kusmara (NP) - Ward No.2
249110,69390,3,Kusmara (NP) - Ward No.3
249110,69391,4,Kusmara (NP) - Ward No.4
249110,69392,5,Kusmara (NP) - Ward No.5
249110,69393,6,Kusmara (NP) - Ward No.6
249110,69394,7,Kusmara (NP) - Ward No.7
249110,69395,8,Kusmara (NP) - Ward No.8
249110,69396,9,Kusmara (NP) - Ward No.9
249111,29832,1,Kishni (NP) - Ward No.1
249111,29841,10,Kishni (NP) - Ward No.10
249111,29833,2,Kishni (NP) - Ward No.2
249111,29834,3,Kishni (NP) - Ward No.3
249111,29835,4,Kishni (NP) - Ward No.4
249111,29836,5,Kishni (NP) - Ward No.5
249111,29837,6,Kishni (NP) - Ward No.6
249111,29838,7,Kishni (NP) - Ward No.7
249111,29839,8,Kishni (NP) - Ward No.8
249111,29840,9,Kishni (NP) - Ward No.9
249112,29842,1,Gawan (NP) - Ward No.1
249112,29851,10,Gawan (NP) - Ward No.10
249112,29843,2,Gawan (NP) - Ward No.2
249112,29844,3,Gawan (NP) - Ward No.3
249112,29845,4,Gawan (NP) - Ward No.4
249112,29846,5,Gawan (NP) - Ward No.5
249112,29847,6,Gawan (NP) - Ward No.6
249112,29848,7,Gawan (NP) - Ward No.7
249112,29849,8,Gawan (NP) - Ward No.8
249112,29850,9,Gawan (NP) - Ward No.9
249114,69408,1,Gunnaur (NP) - Ward No.1
249114,69417,10,Gunnaur (NP) - Ward No.10
249114,69418,11,Gunnaur (NP) - Ward No.11
249114,69419,12,Gunnaur (NP) - Ward No.12
249114,69420,13,Gunnaur (NP) - Ward No.13
249114,69421,14,Gunnaur (NP) - Ward No.14
249114,69409,2,Gunnaur (NP) - Ward No.2
249114,69410,3,Gunnaur (NP) - Ward No.3
249114,69411,4,Gunnaur (NP) - Ward No.4
249114,69412,5,Gunnaur (NP) - Ward No.5
249114,69413,6,Gunnaur (NP) - Ward No.6
249114,69414,7,Gunnaur (NP) - Ward No.7
249114,69415,8,Gunnaur (NP) - Ward No.8
249114,69416,9,Gunnaur (NP) - Ward No.9
249115,29852,1,Islamnagar (NP) - Ward No.1
249115,29861,10,Islamnagar (NP) - Ward No.10
249115,29862,11,Islamnagar (NP) - Ward No.11
249115,29863,12,Islamnagar (NP) - Ward No.12
249115,29864,13,Islamnagar (NP) - Ward No.13
249115,29865,14,Islamnagar (NP) - Ward No.14
249115,29866,15,Islamnagar (NP) - Ward No.15
249115,3664,16,Islamnagar (NP) - Ward No.16
249115,29853,2,Islamnagar (NP) - Ward No.2
249115,29854,3,Islamnagar (NP) - Ward No.3
249115,29855,4,Islamnagar (NP) - Ward No.4
249115,29856,5,Islamnagar (NP) - Ward No.5
249115,29857,6,Islamnagar (NP) - Ward No.6
249115,29858,7,Islamnagar (NP) - Ward No.7
249115,29859,8,Islamnagar (NP) - Ward No.8
249115,29860,9,Islamnagar (NP) - Ward No.9
249116,29867,1,Faizganj (NP) - Ward No.1
249116,29876,10,Faizganj (NP) - Ward No.10
249116,3663,11,Faizganj (NP) - Ward No.11
249116,29868,2,Faizganj (NP) - Ward No.2
249116,29869,3,Faizganj (NP) - Ward No.3
249116,29870,4,Faizganj (NP) - Ward No.4
249116,29871,5,Faizganj (NP) - Ward No.5
249116,29872,6,Faizganj (NP) - Ward No.6
249116,29873,7,Faizganj (NP) - Ward No.7
249116,29874,8,Faizganj (NP) - Ward No.8
249116,29875,9,Faizganj (NP) - Ward No.9
249117,29877,1,Mundia (NP) - Ward No.1
249117,29886,10,Mundia (NP) - Ward No.10
249117,29878,2,Mundia (NP) - Ward No.2
249117,29879,3,Mundia (NP) - Ward No.3
249117,29880,4,Mundia (NP) - Ward No.4
249117,29881,5,Mundia (NP) - Ward No.5
249117,29882,6,Mundia (NP) - Ward No.6
249117,29883,7,Mundia (NP) - Ward No.7
249117,29884,8,Mundia (NP) - Ward No.8
249117,29885,9,Mundia (NP) - Ward No.9
249118,29887,1,Bisauli (MB) - Ward No.1
249118,29896,10,Bisauli (MB) - Ward No.10
249118,29897,11,Bisauli (MB) - Ward No.11
249118,29898,12,Bisauli (MB) - Ward No.12
249118,29899,13,Bisauli (MB) - Ward No.13
249118,29900,14,Bisauli (MB) - Ward No.14
249118,29901,15,Bisauli (MB) - Ward No.15
249118,29902,16,Bisauli (MB) - Ward No.16
249118,29903,17,Bisauli (MB) - Ward No.17
249118,29904,18,Bisauli (MB) - Ward No.18
249118,29905,19,Bisauli (MB) - Ward No.19
249118,29888,2,Bisauli (MB) - Ward No.2
249118,29906,20,Bisauli (MB) - Ward No.20
249118,29907,21,Bisauli (MB) - Ward No.21
249118,29908,22,Bisauli (MB) - Ward No.22
249118,29909,23,Bisauli (MB) - Ward No.23
249118,29910,24,Bisauli (MB) - Ward No.24
249118,29911,25,Bisauli (MB) - Ward No.25
249118,29889,3,Bisauli (MB) - Ward No.3
249118,29890,4,Bisauli (MB) - Ward No.4
249118,29891,5,Bisauli (MB) - Ward No.5
249118,29892,6,Bisauli (MB) - Ward No.6
249118,29893,7,Bisauli (MB) - Ward No.7
249118,29894,8,Bisauli (MB) - Ward No.8
249118,29895,9,Bisauli (MB) - Ward No.9
249119,29912,1,Saidpur (NP) - Ward No.1
249119,29921,10,Saidpur (NP) - Ward No.10
249119,29922,11,Saidpur (NP) - Ward No.11
249119,3662,12,Saidpur (NP) - Ward No.12
249119,29913,2,Saidpur (NP) - Ward No.2
249119,29914,3,Saidpur (NP) - Ward No.3
249119,29915,4,Saidpur (NP) - Ward No.4
249119,29916,5,Saidpur (NP) - Ward No.5
249119,29917,6,Saidpur (NP) - Ward No.6
249119,29918,7,Saidpur (NP) - Ward No.7
249119,29919,8,Saidpur (NP) - Ward No.8
249119,29920,9,Saidpur (NP) - Ward No.9
249120,29923,1,Wazirganj (NP) - Ward No.1
249120,30121,10,Wazirganj (NP) - Ward No.10
249120,30122,11,Wazirganj (NP) - Ward No.11
249120,30123,12,Wazirganj (NP) - Ward No.12
249120,3411,13,Wazirganj (NP) - Ward No.13
249120,29924,2,Wazirganj (NP) - Ward No.2
249120,29925,3,Wazirganj (NP) - Ward No.3
249120,29926,4,Wazirganj (NP) - Ward No.4
249120,29927,5,Wazirganj (NP) - Ward No.5
249120,29928,6,Wazirganj (NP) - Ward No.6
249120,29929,7,Wazirganj (NP) - Ward No.7
249120,30119,8,Wazirganj (NP) - Ward No.8
249120,30120,9,Wazirganj (NP) - Ward No.9
249121,69422,1,Rudayan (NP) - Ward No.1
249121,69431,10,Rudayan (NP) - Ward No.10
249121,69423,2,Rudayan (NP) - Ward No.2
249121,69424,3,Rudayan (NP) - Ward No.3
249121,69425,4,Rudayan (NP) - Ward No.4
249121,69426,5,Rudayan (NP) - Ward No.5
249121,69427,6,Rudayan (NP) - Ward No.6
249121,69428,7,Rudayan (NP) - Ward No.7
249121,69429,8,Rudayan (NP) - Ward No.8
249121,69430,9,Rudayan (NP) - Ward No.9
249122,30124,1,Bilsi (MB) - Ward No.1
249122,30133,10,Bilsi (MB) - Ward No.10
249122,30134,11,Bilsi (MB) - Ward No.11
249122,30135,12,Bilsi (MB) - Ward No.12
249122,30136,13,Bilsi (MB) - Ward No.13
249122,30137,14,Bilsi (MB) - Ward No.14
249122,30138,15,Bilsi (MB) - Ward No.15
249122,30139,16,Bilsi (MB) - Ward No.16
249122,30140,17,Bilsi (MB) - Ward No.17
249122,30141,18,Bilsi (MB) - Ward No.18
249122,30142,19,Bilsi (MB) - Ward No.19
249122,30125,2,Bilsi (MB) - Ward No.2
249122,30143,20,Bilsi (MB) - Ward No.20
249122,30144,21,Bilsi (MB) - Ward No.21
249122,30145,22,Bilsi (MB) - Ward No.22
249122,30146,23,Bilsi (MB) - Ward No.23
249122,30147,24,Bilsi (MB) - Ward No.24
249122,30148,25,Bilsi (MB) - Ward No.25
249122,30126,3,Bilsi (MB) - Ward No.3
249122,30127,4,Bilsi (MB) - Ward No.4
249122,30128,5,Bilsi (MB) - Ward No.5
249122,30129,6,Bilsi (MB) - Ward No.6
249122,30130,7,Bilsi (MB) - Ward No.7
249122,30131,8,Bilsi (MB) - Ward No.8
249122,30132,9,Bilsi (MB) - Ward No.9
249123,30149,1,Sahaswan (MB) - Ward No.1
249123,30158,10,Sahaswan (MB) - Ward No.10
249123,30159,11,Sahaswan (MB) - Ward No.11
249123,30160,12,Sahaswan (MB) - Ward No.12
249123,30161,13,Sahaswan (MB) - Ward No.13
249123,30162,14,Sahaswan (MB) - Ward No.14
249123,30163,15,Sahaswan (MB) - Ward No.15
249123,30164,16,Sahaswan (MB) - Ward No.16
249123,30165,17,Sahaswan (MB) - Ward No.17
249123,30166,18,Sahaswan (MB) - Ward No.18
249123,30167,19,Sahaswan (MB) - Ward No.19
249123,30150,2,Sahaswan (MB) - Ward No.2
249123,30168,20,Sahaswan (MB) - Ward No.20
249123,30169,21,Sahaswan (MB) - Ward No.21
249123,30170,22,Sahaswan (MB) - Ward No.22
249123,30171,23,Sahaswan (MB) - Ward No.23
249123,30172,24,Sahaswan (MB) - Ward No.24
249123,30173,25,Sahaswan (MB) - Ward No.25
249123,30151,3,Sahaswan (MB) - Ward No.3
249123,30152,4,Sahaswan (MB) - Ward No.4
249123,30153,5,Sahaswan (MB) - Ward No.5
249123,30154,6,Sahaswan (MB) - Ward No.6
249123,30155,7,Sahaswan (MB) - Ward No.7
249123,30156,8,Sahaswan (MB) - Ward No.8
249123,30157,9,Sahaswan (MB) - Ward No.9
249124,30174,1,Kachhla (NP) - Ward No.1
249124,30183,10,Kachhla (NP) - Ward No.10
249124,30175,2,Kachhla (NP) - Ward No.2
249124,30176,3,Kachhla (NP) - Ward No.3
249124,30177,4,Kachhla (NP) - Ward No.4
249124,30178,5,Kachhla (NP) - Ward No.5
249124,30179,6,Kachhla (NP) - Ward No.6
249124,30180,7,Kachhla (NP) - Ward No.7
249124,30181,8,Kachhla (NP) - Ward No.8
249124,30182,9,Kachhla (NP) - Ward No.9
249125,69432,1,Ujhani (MB) - Ward No.1
249125,69441,10,Ujhani (MB) - Ward No.10
249125,69442,11,Ujhani (MB) - Ward No.11
249125,69443,12,Ujhani (MB) - Ward No.12
249125,69444,13,Ujhani (MB) - Ward No.13
249125,69445,14,Ujhani (MB) - Ward No.14
249125,69446,15,Ujhani (MB) - Ward No.15
249125,69447,16,Ujhani (MB) - Ward No.16
249125,69448,17,Ujhani (MB) - Ward No.17
249125,69449,18,Ujhani (MB) - Ward No.18
249125,69450,19,Ujhani (MB) - Ward No.19
249125,69433,2,Ujhani (MB) - Ward No.2
249125,69451,20,Ujhani (MB) - Ward No.20
249125,69452,21,Ujhani (MB) - Ward No.21
249125,69453,22,Ujhani (MB) - Ward No.22
249125,69454,23,Ujhani (MB) - Ward No.23
249125,69455,24,Ujhani (MB) - Ward No.24
249125,69456,25,Ujhani (MB) - Ward No.25
249125,69434,3,Ujhani (MB) - Ward No.3
249125,69435,4,Ujhani (MB) - Ward No.4
249125,69436,5,Ujhani (MB) - Ward No.5
249125,69437,6,Ujhani (MB) - Ward No.6
249125,69438,7,Ujhani (MB) - Ward No.7
249125,69439,8,Ujhani (MB) - Ward No.8
249125,69440,9,Ujhani (MB) - Ward No.9
249126,30184,1,Budaun (MB) - Ward No.1
249126,30193,10,Budaun (MB) - Ward No.10
249126,30194,11,Budaun (MB) - Ward No.11
249126,30195,12,Budaun (MB) - Ward No.12
249126,30196,13,Budaun (MB) - Ward No.13
249126,30197,14,Budaun (MB) - Ward No.14
249126,30198,15,Budaun (MB) - Ward No.15
249126,30199,16,Budaun (MB) - Ward No.16
249126,30200,17,Budaun (MB) - Ward No.17
249126,30201,18,Budaun (MB) - Ward No.18
249126,30202,19,Budaun (MB) - Ward No.19
249126,30185,2,Budaun (MB) - Ward No.2
249126,30203,20,Budaun (MB) - Ward No.20
249126,30204,21,Budaun (MB) - Ward No.21
249126,30205,22,Budaun (MB) - Ward No.22
249126,30206,23,Budaun (MB) - Ward No.23
249126,30207,24,Budaun (MB) - Ward No.24
249126,30208,25,Budaun (MB) - Ward No.25
249126,3383,26,Budaun (MB) - Ward No.26
249126,3384,27,Budaun (MB) - Ward No.27
249126,3385,28,Budaun (MB) - Ward No.28
249126,3386,29,Budaun (MB) - Ward No.29
249126,30186,3,Budaun (MB) - Ward No.3
249126,30187,4,Budaun (MB) - Ward No.4
249126,30188,5,Budaun (MB) - Ward No.5
249126,30189,6,Budaun (MB) - Ward No.6
249126,30190,7,Budaun (MB) - Ward No.7
249126,30191,8,Budaun (MB) - Ward No.8
249126,30192,9,Budaun (MB) - Ward No.9
249127,69457,1,Kunwargaon (NP) - Ward No.1
249127,69466,10,Kunwargaon (NP) - Ward No.10
249127,69458,2,Kunwargaon (NP) - Ward No.2
249127,69459,3,Kunwargaon (NP) - Ward No.3
249127,69460,4,Kunwargaon (NP) - Ward No.4
249127,69461,5,Kunwargaon (NP) - Ward No.5
249127,69462,6,Kunwargaon (NP) - Ward No.6
249127,69463,7,Kunwargaon (NP) - Ward No.7
249127,69464,8,Kunwargaon (NP) - Ward No.8
249127,69465,9,Kunwargaon (NP) - Ward No.9
249128,30209,1,Gulariya (NP) - Ward No.1
249128,30218,10,Gulariya (NP) - Ward No.10
249128,30210,2,Gulariya (NP) - Ward No.2
249128,30211,3,Gulariya (NP) - Ward No.3
249128,30212,4,Gulariya (NP) - Ward No.4
249128,30213,5,Gulariya (NP) - Ward No.5
249128,30214,6,Gulariya (NP) - Ward No.6
249128,30215,7,Gulariya (NP) - Ward No.7
249128,30216,8,Gulariya (NP) - Ward No.8
249128,30217,9,Gulariya (NP) - Ward No.9
249129,30219,1,Sakhanu (NP) - Ward No.1
249129,30228,10,Sakhanu (NP) - Ward No.10
249129,30220,2,Sakhanu (NP) - Ward No.2
249129,30221,3,Sakhanu (NP) - Ward No.3
249129,30222,4,Sakhanu (NP) - Ward No.4
249129,30223,5,Sakhanu (NP) - Ward No.5
249129,30224,6,Sakhanu (NP) - Ward No.6
249129,30225,7,Sakhanu (NP) - Ward No.7
249129,30226,8,Sakhanu (NP) - Ward No.8
249129,30227,9,Sakhanu (NP) - Ward No.9
249130,30229,1,Kakrala (MB) - Ward No.1
249130,30238,10,Kakrala (MB) - Ward No.10
249130,30239,11,Kakrala (MB) - Ward No.11
249130,30240,12,Kakrala (MB) - Ward No.12
249130,30241,13,Kakrala (MB) - Ward No.13
249130,30242,14,Kakrala (MB) - Ward No.14
249130,30243,15,Kakrala (MB) - Ward No.15
249130,30244,16,Kakrala (MB) - Ward No.16
249130,30245,17,Kakrala (MB) - Ward No.17
249130,30246,18,Kakrala (MB) - Ward No.18
249130,30247,19,Kakrala (MB) - Ward No.19
249130,30230,2,Kakrala (MB) - Ward No.2
249130,30248,20,Kakrala (MB) - Ward No.20
249130,30249,21,Kakrala (MB) - Ward No.21
249130,30250,22,Kakrala (MB) - Ward No.22
249130,30251,23,Kakrala (MB) - Ward No.23
249130,30252,24,Kakrala (MB) - Ward No.24
249130,30253,25,Kakrala (MB) - Ward No.25
249130,30231,3,Kakrala (MB) - Ward No.3
249130,30232,4,Kakrala (MB) - Ward No.4
249130,30233,5,Kakrala (MB) - Ward No.5
249130,30234,6,Kakrala (MB) - Ward No.6
249130,30235,7,Kakrala (MB) - Ward No.7
249130,30236,8,Kakrala (MB) - Ward No.8
249130,30237,9,Kakrala (MB) - Ward No.9
249131,30254,1,Allapur (NP) - Ward No.1
249131,30263,10,Allapur (NP) - Ward No.10
249131,30264,11,Allapur (NP) - Ward No.11
249131,30265,12,Allapur (NP) - Ward No.12
249131,30266,13,Allapur (NP) - Ward No.13
249131,30267,14,Allapur (NP) - Ward No.14
249131,3410,15,Allapur (NP) - Ward No.15
249131,30255,2,Allapur (NP) - Ward No.2
249131,30256,3,Allapur (NP) - Ward No.3
249131,30257,4,Allapur (NP) - Ward No.4
249131,30258,5,Allapur (NP) - Ward No.5
249131,30259,6,Allapur (NP) - Ward No.6
249131,30260,7,Allapur (NP) - Ward No.7
249131,30261,8,Allapur (NP) - Ward No.8
249131,30262,9,Allapur (NP) - Ward No.9
249133,30281,1,Usawan (NP) - Ward No.1
249133,30290,10,Usawan (NP) - Ward No.10
249133,2971,11,Usawan (NP) - Ward No.11
249133,30282,2,Usawan (NP) - Ward No.2
249133,30283,3,Usawan (NP) - Ward No.3
249133,30284,4,Usawan (NP) - Ward No.4
249133,30285,5,Usawan (NP) - Ward No.5
249133,30286,6,Usawan (NP) - Ward No.6
249133,30287,7,Usawan (NP) - Ward No.7
249133,30288,8,Usawan (NP) - Ward No.8
249133,30289,9,Usawan (NP) - Ward No.9
249134,69467,1,Usehat (NP) - Ward No.1
249134,69476,10,Usehat (NP) - Ward No.10
249134,71019,11,Usehat (NP) - Ward No.11
249134,69468,2,Usehat (NP) - Ward No.2
249134,69469,3,Usehat (NP) - Ward No.3
249134,69470,4,Usehat (NP) - Ward No.4
249134,69471,5,Usehat (NP) - Ward No.5
249134,69472,6,Usehat (NP) - Ward No.6
249134,69473,7,Usehat (NP) - Ward No.7
249134,69474,8,Usehat (NP) - Ward No.8
249134,69475,9,Usehat (NP) - Ward No.9
249135,30291,1,Baheri (MB) - Ward No.1
249135,30300,10,Baheri (MB) - Ward No.10
249135,30301,11,Baheri (MB) - Ward No.11
249135,30302,12,Baheri (MB) - Ward No.12
249135,30303,13,Baheri (MB) - Ward No.13
249135,30304,14,Baheri (MB) - Ward No.14
249135,30305,15,Baheri (MB) - Ward No.15
249135,30306,16,Baheri (MB) - Ward No.16
249135,30307,17,Baheri (MB) - Ward No.17
249135,30308,18,Baheri (MB) - Ward No.18
249135,30309,19,Baheri (MB) - Ward No.19
249135,30292,2,Baheri (MB) - Ward No.2
249135,30310,20,Baheri (MB) - Ward No.20
249135,30311,21,Baheri (MB) - Ward No.21
249135,30312,22,Baheri (MB) - Ward No.22
249135,30313,23,Baheri (MB) - Ward No.23
249135,30314,24,Baheri (MB) - Ward No.24
249135,30315,25,Baheri (MB) - Ward No.25
249135,30293,3,Baheri (MB) - Ward No.3
249135,30294,4,Baheri (MB) - Ward No.4
249135,30295,5,Baheri (MB) - Ward No.5
249135,30296,6,Baheri (MB) - Ward No.6
249135,30297,7,Baheri (MB) - Ward No.7
249135,30298,8,Baheri (MB) - Ward No.8
249135,30299,9,Baheri (MB) - Ward No.9
249136,30316,1,Faridpur (NP) - Ward No.1
249136,30325,10,Faridpur (NP) - Ward No.10
249136,30317,2,Faridpur (NP) - Ward No.2
249136,30318,3,Faridpur (NP) - Ward No.3
249136,30319,4,Faridpur (NP) - Ward No.4
249136,30320,5,Faridpur (NP) - Ward No.5
249136,30321,6,Faridpur (NP) - Ward No.6
249136,30322,7,Faridpur (NP) - Ward No.7
249136,30323,8,Faridpur (NP) - Ward No.8
249136,30324,9,Faridpur (NP) - Ward No.9
249137,30326,1,Richha (NP) - Ward No.1
249137,30335,10,Richha (NP) - Ward No.10
249137,30336,11,Richha (NP) - Ward No.11
249137,30337,12,Richha (NP) - Ward No.12
249137,30327,2,Richha (NP) - Ward No.2
249137,30328,3,Richha (NP) - Ward No.3
249137,30329,4,Richha (NP) - Ward No.4
249137,30330,5,Richha (NP) - Ward No.5
249137,30331,6,Richha (NP) - Ward No.6
249137,30332,7,Richha (NP) - Ward No.7
249137,30333,8,Richha (NP) - Ward No.8
249137,30334,9,Richha (NP) - Ward No.9
249138,30338,1,Deoranian (NP) - Ward No.1
249138,30347,10,Deoranian (NP) - Ward No.10
249138,30348,11,Deoranian (NP) - Ward No.11
249138,30349,12,Deoranian (NP) - Ward No.12
249138,30339,2,Deoranian (NP) - Ward No.2
249138,30340,3,Deoranian (NP) - Ward No.3
249138,30341,4,Deoranian (NP) - Ward No.4
249138,30342,5,Deoranian (NP) - Ward No.5
249138,30343,6,Deoranian (NP) - Ward No.6
249138,30344,7,Deoranian (NP) - Ward No.7
249138,30345,8,Deoranian (NP) - Ward No.8
249138,30346,9,Deoranian (NP) - Ward No.9
249139,30350,1,Shergarh (NP) - Ward No.1
249139,30359,10,Shergarh (NP) - Ward No.10
249139,30351,2,Shergarh (NP) - Ward No.2
249139,30352,3,Shergarh (NP) - Ward No.3
249139,30353,4,Shergarh (NP) - Ward No.4
249139,30354,5,Shergarh (NP) - Ward No.5
249139,30355,6,Shergarh (NP) - Ward No.6
249139,30356,7,Shergarh (NP) - Ward No.7
249139,30357,8,Shergarh (NP) - Ward No.8
249139,30358,9,Shergarh (NP) - Ward No.9
249140,69477,1,Shishgarh (NP) - Ward No.1
249140,69486,10,Shishgarh (NP) - Ward No.10
249140,69487,11,Shishgarh (NP) - Ward No.11
249140,69488,12,Shishgarh (NP) - Ward No.12
249140,69489,13,Shishgarh (NP) - Ward No.13
249140,69478,2,Shishgarh (NP) - Ward No.2
249140,69479,3,Shishgarh (NP) - Ward No.3
249140,69480,4,Shishgarh (NP) - Ward No.4
249140,69481,5,Shishgarh (NP) - Ward No.5
249140,69482,6,Shishgarh (NP) - Ward No.6
249140,69483,7,Shishgarh (NP) - Ward No.7
249140,69484,8,Shishgarh (NP) - Ward No.8
249140,69485,9,Shishgarh (NP) - Ward No.9
249141,30360,1,Mirganj (NP) - Ward No.1
249141,30369,10,Mirganj (NP) - Ward No.10
249141,30361,2,Mirganj (NP) - Ward No.2
249141,30362,3,Mirganj (NP) - Ward No.3
249141,30363,4,Mirganj (NP) - Ward No.4
249141,30364,5,Mirganj (NP) - Ward No.5
249141,30365,6,Mirganj (NP) - Ward No.6
249141,30366,7,Mirganj (NP) - Ward No.7
249141,30367,8,Mirganj (NP) - Ward No.8
249141,30368,9,Mirganj (NP) - Ward No.9
249142,30370,1,Fatehganj Pashchimi (NP) - Ward No.1
249142,30379,10,Fatehganj Pashchimi (NP) - Ward No.10
249142,30380,11,Fatehganj Pashchimi (NP) - Ward No.11
249142,30381,12,Fatehganj Pashchimi (NP) - Ward No.12
249142,30382,13,Fatehganj Pashchimi (NP) - Ward No.13
249142,30371,2,Fatehganj Pashchimi (NP) - Ward No.2
249142,30372,3,Fatehganj Pashchimi (NP) - Ward No.3
249142,30373,4,Fatehganj Pashchimi (NP) - Ward No.4
249142,30374,5,Fatehganj Pashchimi (NP) - Ward No.5
249142,30375,6,Fatehganj Pashchimi (NP) - Ward No.6
249142,30376,7,Fatehganj Pashchimi (NP) - Ward No.7
249142,30377,8,Fatehganj Pashchimi (NP) - Ward No.8
249142,30378,9,Fatehganj Pashchimi (NP) - Ward No.9
249143,30383,1,Shahi (NP) - Ward No.1
249143,30392,10,Shahi (NP) - Ward No.10
249143,30384,2,Shahi (NP) - Ward No.2
249143,30385,3,Shahi (NP) - Ward No.3
249143,30386,4,Shahi (NP) - Ward No.4
249143,30387,5,Shahi (NP) - Ward No.5
249143,30388,6,Shahi (NP) - Ward No.6
249143,30389,7,Shahi (NP) - Ward No.7
249143,30390,8,Shahi (NP) - Ward No.8
249143,30391,9,Shahi (NP) - Ward No.9
249144,30393,1,Bisharatganj (NP) - Ward No.1
249144,30402,10,Bisharatganj (NP) - Ward No.10
249144,30394,2,Bisharatganj (NP) - Ward No.2
249144,30395,3,Bisharatganj (NP) - Ward No.3
249144,30396,4,Bisharatganj (NP) - Ward No.4
249144,30397,5,Bisharatganj (NP) - Ward No.5
249144,30398,6,Bisharatganj (NP) - Ward No.6
249144,30399,7,Bisharatganj (NP) - Ward No.7
249144,30400,8,Bisharatganj (NP) - Ward No.8
249144,30401,9,Bisharatganj (NP) - Ward No.9
249145,69490,1,Aonla (MB) - Ward No.1
249145,69499,10,Aonla (MB) - Ward No.10
249145,69500,11,Aonla (MB) - Ward No.11
249145,69501,12,Aonla (MB) - Ward No.12
249145,69502,13,Aonla (MB) - Ward No.13
249145,69503,14,Aonla (MB) - Ward No.14
249145,69504,15,Aonla (MB) - Ward No.15
249145,69505,16,Aonla (MB) - Ward No.16
249145,69506,17,Aonla (MB) - Ward No.17
249145,69507,18,Aonla (MB) - Ward No.18
249145,69508,19,Aonla (MB) - Ward No.19
249145,69491,2,Aonla (MB) - Ward No.2
249145,69509,20,Aonla (MB) - Ward No.20
249145,69510,21,Aonla (MB) - Ward No.21
249145,69511,22,Aonla (MB) - Ward No.22
249145,69512,23,Aonla (MB) - Ward No.23
249145,69513,24,Aonla (MB) - Ward No.24
249145,69514,25,Aonla (MB) - Ward No.25
249145,69492,3,Aonla (MB) - Ward No.3
249145,69493,4,Aonla (MB) - Ward No.4
249145,69494,5,Aonla (MB) - Ward No.5
249145,69495,6,Aonla (MB) - Ward No.6
249145,69496,7,Aonla (MB) - Ward No.7
249145,69497,8,Aonla (MB) - Ward No.8
249145,69498,9,Aonla (MB) - Ward No.9
249146,30403,1,Sirauli (NP) - Ward No.1
249146,30602,10,Sirauli (NP) - Ward No.10
249146,30603,11,Sirauli (NP) - Ward No.11
249146,30604,12,Sirauli (NP) - Ward No.12
249146,30605,13,Sirauli (NP) - Ward No.13
249146,30404,2,Sirauli (NP) - Ward No.2
249146,30405,3,Sirauli (NP) - Ward No.3
249146,30406,4,Sirauli (NP) - Ward No.4
249146,30407,5,Sirauli (NP) - Ward No.5
249146,30408,6,Sirauli (NP) - Ward No.6
249146,30409,7,Sirauli (NP) - Ward No.7
249146,30410,8,Sirauli (NP) - Ward No.8
249146,30601,9,Sirauli (NP) - Ward No.9
249147,30606,1,Dhaura Tanda (NP) - Ward No.1
249147,30615,10,Dhaura Tanda (NP) - Ward No.10
249147,30616,11,Dhaura Tanda (NP) - Ward No.11
249147,30617,12,Dhaura Tanda (NP) - Ward No.12
249147,30618,13,Dhaura Tanda (NP) - Ward No.13
249147,30607,2,Dhaura Tanda (NP) - Ward No.2
249147,30608,3,Dhaura Tanda (NP) - Ward No.3
249147,30609,4,Dhaura Tanda (NP) - Ward No.4
249147,30610,5,Dhaura Tanda (NP) - Ward No.5
249147,30611,6,Dhaura Tanda (NP) - Ward No.6
249147,30612,7,Dhaura Tanda (NP) - Ward No.7
249147,30613,8,Dhaura Tanda (NP) - Ward No.8
249147,30614,9,Dhaura Tanda (NP) - Ward No.9
249149,69516,1,Bareilly (M Corp.) - Ward No.1
249149,69525,10,Bareilly (M Corp.) - Ward No.10
249149,69526,11,Bareilly (M Corp.) - Ward No.11
249149,69527,12,Bareilly (M Corp.) - Ward No.12
249149,69528,13,Bareilly (M Corp.) - Ward No.13
249149,69529,14,Bareilly (M Corp.) - Ward No.14
249149,69530,15,Bareilly (M Corp.) - Ward No.15
249149,69531,16,Bareilly (M Corp.) - Ward No.16
249149,69532,17,Bareilly (M Corp.) - Ward No.17
249149,69533,18,Bareilly (M Corp.) - Ward No.18
249149,69534,19,Bareilly (M Corp.) - Ward No.19
249149,69517,2,Bareilly (M Corp.) - Ward No.2
249149,69535,20,Bareilly (M Corp.) - Ward No.20
249149,69536,21,Bareilly (M Corp.) - Ward No.21
249149,69537,22,Bareilly (M Corp.) - Ward No.22
249149,69538,23,Bareilly (M Corp.) - Ward No.23
249149,69539,24,Bareilly (M Corp.) - Ward No.24
249149,69540,25,Bareilly (M Corp.) - Ward No.25
249149,69541,26,Bareilly (M Corp.) - Ward No.26
249149,69542,27,Bareilly (M Corp.) - Ward No.27
249149,69543,28,Bareilly (M Corp.) - Ward No.28
249149,69544,29,Bareilly (M Corp.) - Ward No.29
249149,69518,3,Bareilly (M Corp.) - Ward No.3
249149,69545,30,Bareilly (M Corp.) - Ward No.30
249149,69546,31,Bareilly (M Corp.) - Ward No.31
249149,69547,32,Bareilly (M Corp.) - Ward No.32
249149,69548,33,Bareilly (M Corp.) - Ward No.33
249149,69549,34,Bareilly (M Corp.) - Ward No.34
249149,69550,35,Bareilly (M Corp.) - Ward No.35
249149,69551,36,Bareilly (M Corp.) - Ward No.36
249149,69552,37,Bareilly (M Corp.) - Ward No.37
249149,69553,38,Bareilly (M Corp.) - Ward No.38
249149,69554,39,Bareilly (M Corp.) - Ward No.39
249149,69519,4,Bareilly (M Corp.) - Ward No.4
249149,69555,40,Bareilly (M Corp.) - Ward No.40
249149,69556,41,Bareilly (M Corp.) - Ward No.41
249149,69557,42,Bareilly (M Corp.) - Ward No.42
249149,69558,43,Bareilly (M Corp.) - Ward No.43
249149,69559,44,Bareilly (M Corp.) - Ward No.44
249149,69560,45,Bareilly (M Corp.) - Ward No.45
249149,69561,46,Bareilly (M Corp.) - Ward No.46
249149,69562,47,Bareilly (M Corp.) - Ward No.47
249149,69563,48,Bareilly (M Corp.) - Ward No.48
249149,69564,49,Bareilly (M Corp.) - Ward No.49
249149,69520,5,Bareilly (M Corp.) - Ward No.5
249149,69565,50,Bareilly (M Corp.) - Ward No.50
249149,69566,51,Bareilly (M Corp.) - Ward No.51
249149,69567,52,Bareilly (M Corp.) - Ward No.52
249149,69568,53,Bareilly (M Corp.) - Ward No.53
249149,69569,54,Bareilly (M Corp.) - Ward No.54
249149,69570,55,Bareilly (M Corp.) - Ward No.55
249149,69571,56,Bareilly (M Corp.) - Ward No.56
249149,69572,57,Bareilly (M Corp.) - Ward No.57
249149,69573,58,Bareilly (M Corp.) - Ward No.58
249149,69574,59,Bareilly (M Corp.) - Ward No.59
249149,69521,6,Bareilly (M Corp.) - Ward No.6
249149,69575,60,Bareilly (M Corp.) - Ward No.60
249149,69576,61,Bareilly (M.Corp.) Ward No.61
249149,3299074,62,Bareilly (M.corp.) ward No.62
249149,3299075,63,Bareilly (M.corp.) ward No. 63
249149,3299076,64,Bareilly (M.corp.) ward No. 64
249149,3299077,65,Bareilly M.corp.) ward No. 65
249149,3299078,66,Bareilly (M.corp.) ward No.66
249149,3299079,67,Bareilly (M.corp.) ward No.67
249149,3299080,68,Bareilly (M.corp.) ward No.68
249149,3299081,69,Bareilly (M.corp.) ward No. 69
249149,69522,7,Bareilly (M Corp.) - Ward No.7
249149,3299082,70,Bareilly M.corp.) ward No. 70
249149,3299083,71,Bareilly (M.corp.) ward No. 71
249149,3299084,72,Bareilly (M.corp.) ward No. 72
249149,3299085,73,bareilly (M.corp.) ward No. 73
249149,3299086,74,Bareilly (M.corp.) ward No. 74
249149,3299087,75,Bareilly (M.corp.) ward No. 75
249149,3299088,76,Bareilly (M.corp.) ward No. 76
249149,3299089,77,bareilly (M.corp.) ward No. 77
249149,3299090,78,bareilly (M.corp.) ward No. 78
249149,3299091,79,Bareilly (M.corp.) ward No.79
249149,69523,8,Bareilly (M Corp.) - Ward No.8
249149,3299092,80,Bareilly (M.corp.) ward No. 80
249149,69524,9,Bareilly (M Corp.) - Ward No.9
249151,30620,1,Thiriya Nizamat Khan (NP) - Ward No.1
249151,30629,10,Thiriya Nizamat Khan (NP) - Ward No.10
249151,30630,11,Thiriya Nizamat Khan (NP) - Ward No.11
249151,30631,12,Thiriya Nizamat Khan (NP) - Ward No.12
249151,30632,13,Thiriya Nizamat Khan (NP) - Ward No.13
249151,30621,2,Thiriya Nizamat Khan (NP) - Ward No.2
249151,30622,3,Thiriya Nizamat Khan (NP) - Ward No.3
249151,30623,4,Thiriya Nizamat Khan (NP) - Ward No.4
249151,30624,5,Thiriya Nizamat Khan (NP) - Ward No.5
249151,30625,6,Thiriya Nizamat Khan (NP) - Ward No.6
249151,30626,7,Thiriya Nizamat Khan (NP) - Ward No.7
249151,30627,8,Thiriya Nizamat Khan (NP) - Ward No.8
249151,30628,9,Thiriya Nizamat Khan (NP) - Ward No.9
249152,30633,1,Rithora (NP) - Ward No.1
249152,30642,10,Rithora (NP) - Ward No.10
249152,30634,2,Rithora (NP) - Ward No.2
249152,30635,3,Rithora (NP) - Ward No.3
249152,30636,4,Rithora (NP) - Ward No.4
249152,30637,5,Rithora (NP) - Ward No.5
249152,30638,6,Rithora (NP) - Ward No.6
249152,30639,7,Rithora (NP) - Ward No.7
249152,30640,8,Rithora (NP) - Ward No.8
249152,30641,9,Rithora (NP) - Ward No.9
249153,30643,1,Sainthal (NP) - Ward No.1
249153,30652,10,Sainthal (NP) - Ward No.10
249153,30653,11,Sainthal (NP) - Ward No.11
249153,30644,2,Sainthal (NP) - Ward No.2
249153,30645,3,Sainthal (NP) - Ward No.3
249153,30646,4,Sainthal (NP) - Ward No.4
249153,30647,5,Sainthal (NP) - Ward No.5
249153,30648,6,Sainthal (NP) - Ward No.6
249153,30649,7,Sainthal (NP) - Ward No.7
249153,30650,8,Sainthal (NP) - Ward No.8
249153,30651,9,Sainthal (NP) - Ward No.9
249154,30654,1,Nawabganj (MB) - Ward No.1
249154,30663,10,Nawabganj (MB) - Ward No.10
249154,30664,11,Nawabganj (MB) - Ward No.11
249154,30665,12,Nawabganj (MB) - Ward No.12
249154,30666,13,Nawabganj (MB) - Ward No.13
249154,30667,14,Nawabganj (MB) - Ward No.14
249154,30668,15,Nawabganj (MB) - Ward No.15
249154,30669,16,Nawabganj (MB) - Ward No.16
249154,30670,17,Nawabganj (MB) - Ward No.17
249154,30671,18,Nawabganj (MB) - Ward No.18
249154,30672,19,Nawabganj (MB) - Ward No.19
249154,30655,2,Nawabganj (MB) - Ward No.2
249154,30673,20,Nawabganj (MB) - Ward No.20
249154,30674,21,Nawabganj (MB) - Ward No.21
249154,30675,22,Nawabganj (MB) - Ward No.22
249154,30676,23,Nawabganj (MB) - Ward No.23
249154,30677,24,Nawabganj (MB) - Ward No.24
249154,30678,25,Nawabganj (MB) - Ward No.25
249154,30656,3,Nawabganj (MB) - Ward No.3
249154,30657,4,Nawabganj (MB) - Ward No.4
249154,30658,5,Nawabganj (MB) - Ward No.5
249154,30659,6,Nawabganj (MB) - Ward No.6
249154,30660,7,Nawabganj (MB) - Ward No.7
249154,30661,8,Nawabganj (MB) - Ward No.8
249154,30662,9,Nawabganj (MB) - Ward No.9
249155,30679,1,Fatehganj Purvi (NP) - Ward No.1
249155,30688,10,Fatehganj Purvi (NP) - Ward No.10
249155,30680,2,Fatehganj Purvi (NP) - Ward No.2
249155,30681,3,Fatehganj Purvi (NP) - Ward No.3
249155,30682,4,Fatehganj Purvi (NP) - Ward No.4
249155,30683,5,Fatehganj Purvi (NP) - Ward No.5
249155,30684,6,Fatehganj Purvi (NP) - Ward No.6
249155,30685,7,Fatehganj Purvi (NP) - Ward No.7
249155,30686,8,Fatehganj Purvi (NP) - Ward No.8
249155,30687,9,Fatehganj Purvi (NP) - Ward No.9
249156,30689,1,Faridpur (MB) - Ward No.1
249156,30892,10,Faridpur (MB) - Ward No.10
249156,30893,11,Faridpur (MB) - Ward No.11
249156,30894,12,Faridpur (MB) - Ward No.12
249156,30895,13,Faridpur (MB) - Ward No.13
249156,30896,14,Faridpur (MB) - Ward No.14
249156,30897,15,Faridpur (MB) - Ward No.15
249156,30898,16,Faridpur (MB) - Ward No.16
249156,30899,17,Faridpur (MB) - Ward No.17
249156,30900,18,Faridpur (MB) - Ward No.18
249156,30901,19,Faridpur (MB) - Ward No.19
249156,30884,2,Faridpur (MB) - Ward No.2
249156,30902,20,Faridpur (MB) - Ward No.20
249156,30903,21,Faridpur (MB) - Ward No.21
249156,30904,22,Faridpur (MB) - Ward No.22
249156,30905,23,Faridpur (MB) - Ward No.23
249156,30906,24,Faridpur (MB) - Ward No.24
249156,30907,25,Faridpur (MB) - Ward No.25
249156,30885,3,Faridpur (MB) - Ward No.3
249156,30886,4,Faridpur (MB) - Ward No.4
249156,30887,5,Faridpur (MB) - Ward No.5
249156,30888,6,Faridpur (MB) - Ward No.6
249156,30889,7,Faridpur (MB) - Ward No.7
249156,30890,8,Faridpur (MB) - Ward No.8
249156,30891,9,Faridpur (MB) - Ward No.9
249157,30908,1,Gularia Bhindara (NP) - Ward No.1
249157,30917,10,Gularia Bhindara (NP) - Ward No.10
249157,30909,2,Gularia Bhindara (NP) - Ward No.2
249157,30910,3,Gularia Bhindara (NP) - Ward No.3
249157,30911,4,Gularia Bhindara (NP) - Ward No.4
249157,30912,5,Gularia Bhindara (NP) - Ward No.5
249157,30913,6,Gularia Bhindara (NP) - Ward No.6
249157,30914,7,Gularia Bhindara (NP) - Ward No.7
249157,30915,8,Gularia Bhindara (NP) - Ward No.8
249157,30916,9,Gularia Bhindara (NP) - Ward No.9
249158,69577,1,Nyoria Husainpur (NP) - Ward No.1
249158,69586,10,Nyoria Husainpur (NP) - Ward No.10
249158,69587,11,Nyoria Husainpur (NP) - Ward No.11
249158,69588,12,Nyoria Husainpur (NP) - Ward No.12
249158,69589,13,Nyoria Husainpur (NP) - Ward No.13
249158,69590,14,Nyoria Husainpur (NP) - Ward No.14
249158,69578,2,Nyoria Husainpur (NP) - Ward No.2
249158,69579,3,Nyoria Husainpur (NP) - Ward No.3
249158,69580,4,Nyoria Husainpur (NP) - Ward No.4
249158,69581,5,Nyoria Husainpur (NP) - Ward No.5
249158,69582,6,Nyoria Husainpur (NP) - Ward No.6
249158,69583,7,Nyoria Husainpur (NP) - Ward No.7
249158,69584,8,Nyoria Husainpur (NP) - Ward No.8
249158,69585,9,Nyoria Husainpur (NP) - Ward No.9
249159,30918,1,Jahanabad (NP) - Ward No.1
249159,30927,10,Jahanabad (NP) - Ward No.10
249159,30919,2,Jahanabad (NP) - Ward No.2
249159,30920,3,Jahanabad (NP) - Ward No.3
249159,30921,4,Jahanabad (NP) - Ward No.4
249159,30922,5,Jahanabad (NP) - Ward No.5
249159,30923,6,Jahanabad (NP) - Ward No.6
249159,30924,7,Jahanabad (NP) - Ward No.7
249159,30925,8,Jahanabad (NP) - Ward No.8
249159,30926,9,Jahanabad (NP) - Ward No.9
249160,69591,1,Pilibhit (MB) - Ward No.1
249160,69600,10,Pilibhit (MB) - Ward No.10
249160,69601,11,Pilibhit (MB) - Ward No.11
249160,69602,12,Pilibhit (MB) - Ward No.12
249160,69603,13,Pilibhit (MB) - Ward No.13
249160,69604,14,Pilibhit (MB) - Ward No.14
249160,69605,15,Pilibhit (MB) - Ward No.15
249160,69606,16,Pilibhit (MB) - Ward No.16
249160,69607,17,Pilibhit (MB) - Ward No.17
249160,69608,18,Pilibhit (MB) - Ward No.18
249160,69609,19,Pilibhit (MB) - Ward No.19
249160,69592,2,Pilibhit (MB) - Ward No.2
249160,69610,20,Pilibhit (MB) - Ward No.20
249160,69611,21,Pilibhit (MB) - Ward No.21
249160,69612,22,Pilibhit (MB) - Ward No.22
249160,69613,23,Pilibhit (MB) - Ward No.23
249160,69614,24,Pilibhit (MB) - Ward No.24
249160,69615,25,Pilibhit (MB) - Ward No.25
249160,69593,3,Pilibhit (MB) - Ward No.3
249160,69594,4,Pilibhit (MB) - Ward No.4
249160,69595,5,Pilibhit (MB) - Ward No.5
249160,69596,6,Pilibhit (MB) - Ward No.6
249160,69597,7,Pilibhit (MB) - Ward No.7
249160,69598,8,Pilibhit (MB) - Ward No.8
249160,69599,9,Pilibhit (MB) - Ward No.9
249161,30928,1,Barkhera (NP) - Ward No.1
249161,30937,10,Barkhera (NP) - Ward No.10
249161,30929,2,Barkhera (NP) - Ward No.2
249161,30930,3,Barkhera (NP) - Ward No.3
249161,30931,4,Barkhera (NP) - Ward No.4
249161,30932,5,Barkhera (NP) - Ward No.5
249161,30933,6,Barkhera (NP) - Ward No.6
249161,30934,7,Barkhera (NP) - Ward No.7
249161,30935,8,Barkhera (NP) - Ward No.8
249161,30936,9,Barkhera (NP) - Ward No.9
249162,30938,1,Bisalpur (MB) - Ward No.1
249162,30947,10,Bisalpur (MB) - Ward No.10
249162,30948,11,Bisalpur (MB) - Ward No.11
249162,30949,12,Bisalpur (MB) - Ward No.12
249162,30950,13,Bisalpur (MB) - Ward No.13
249162,30951,14,Bisalpur (MB) - Ward No.14
249162,30952,15,Bisalpur (MB) - Ward No.15
249162,30953,16,Bisalpur (MB) - Ward No.16
249162,30954,17,Bisalpur (MB) - Ward No.17
249162,30955,18,Bisalpur (MB) - Ward No.18
249162,30956,19,Bisalpur (MB) - Ward No.19
249162,30939,2,Bisalpur (MB) - Ward No.2
249162,30957,20,Bisalpur (MB) - Ward No.20
249162,30958,21,Bisalpur (MB) - Ward No.21
249162,30959,22,Bisalpur (MB) - Ward No.22
249162,30960,23,Bisalpur (MB) - Ward No.23
249162,30961,24,Bisalpur (MB) - Ward No.24
249162,30962,25,Bisalpur (MB) - Ward No.25
249162,30940,3,Bisalpur (MB) - Ward No.3
249162,30941,4,Bisalpur (MB) - Ward No.4
249162,30942,5,Bisalpur (MB) - Ward No.5
249162,30943,6,Bisalpur (MB) - Ward No.6
249162,30944,7,Bisalpur (MB) - Ward No.7
249162,30945,8,Bisalpur (MB) - Ward No.8
249162,30946,9,Bisalpur (MB) - Ward No.9
249163,69616,1,Bilsanda (NP) - Ward No.1
249163,69625,10,Bilsanda (NP) - Ward No.10
249163,69617,2,Bilsanda (NP) - Ward No.2
249163,69618,3,Bilsanda (NP) - Ward No.3
249163,69619,4,Bilsanda (NP) - Ward No.4
249163,69620,5,Bilsanda (NP) - Ward No.5
249163,69621,6,Bilsanda (NP) - Ward No.6
249163,69622,7,Bilsanda (NP) - Ward No.7
249163,69623,8,Bilsanda (NP) - Ward No.8
249163,69624,9,Bilsanda (NP) - Ward No.9
249164,30963,1,Kalinagar (NP) - Ward No.1
249164,30972,10,Kalinagar (NP) - Ward No.10
249164,30964,2,Kalinagar (NP) - Ward No.2
249164,30965,3,Kalinagar (NP) - Ward No.3
249164,30966,4,Kalinagar (NP) - Ward No.4
249164,30967,5,Kalinagar (NP) - Ward No.5
249164,30968,6,Kalinagar (NP) - Ward No.6
249164,30969,7,Kalinagar (NP) - Ward No.7
249164,30970,8,Kalinagar (NP) - Ward No.8
249164,30971,9,Kalinagar (NP) - Ward No.9
249165,30973,1,Puranpur (MB) - Ward No.1
249165,30982,10,Puranpur (MB) - Ward No.10
249165,30983,11,Puranpur (MB) - Ward No.11
249165,30984,12,Puranpur (MB) - Ward No.12
249165,30985,13,Puranpur (MB) - Ward No.13
249165,30986,14,Puranpur (MB) - Ward No.14
249165,30987,15,Puranpur (MB) - Ward No.15
249165,30988,16,Puranpur (MB) - Ward No.16
249165,30989,17,Puranpur (MB) - Ward No.17
249165,30990,18,Puranpur (MB) - Ward No.18
249165,30991,19,Puranpur (MB) - Ward No.19
249165,30974,2,Puranpur (MB) - Ward No.2
249165,30992,20,Puranpur (MB) - Ward No.20
249165,30993,21,Puranpur (MB) - Ward No.21
249165,30994,22,Puranpur (MB) - Ward No.22
249165,30995,23,Puranpur (MB) - Ward No.23
249165,30996,24,Puranpur (MB) - Ward No.24
249165,30997,25,Puranpur (MB) - Ward No.25
249165,30975,3,Puranpur (MB) - Ward No.3
249165,30976,4,Puranpur (MB) - Ward No.4
249165,30977,5,Puranpur (MB) - Ward No.5
249165,30978,6,Puranpur (MB) - Ward No.6
249165,30979,7,Puranpur (MB) - Ward No.7
249165,30980,8,Puranpur (MB) - Ward No.8
249165,30981,9,Puranpur (MB) - Ward No.9
249166,30998,1,Bagiya Nana - Ward No.1
249166,31007,10,Narayanpur - Ward No.10
249166,31008,11,Sarojni Nagar - Ward No.11
249166,30999,2,Koat - Ward No.2
249166,31000,3,Devasthan - Ward No.3
249166,31001,4,Ramtola - Ward No.4
249166,31002,5,Pashchimi Gali - Ward No.5
249166,31003,6,Indra Nagar - Ward No.6
249166,31004,7,Patwabarh - Ward No.7
249166,31005,8,Gandhi Nagar - Ward No.8
249166,31006,9,Bajariya - Ward No.9
249167,31009,1,Kurganja - L - Ward No.1
249167,31018,10,Kasbhara Takiya - Ward No.10
249167,31019,11,Kasbhara Tehsil - Ward No.11
249167,31020,12,Kasbhara Aarat - Ward No.12
249167,31021,13,Tiraha Bazaar - Ward No.13
249167,31022,14,Kurganja - Ll - Ward No.14
249167,31023,15,Katra Bazaar - Ward No.15
249167,31010,2,Kasbhara Astal - Ward No.2
249167,31011,3,Hardayal Kuncha - L - Ward No.3
249167,31012,4,Chavni - Ward No.4
249167,31013,5,Kasbhara Mathiya - Ward No.5
249167,31014,6,Kasbhara Mission - Ward No.6
249167,31015,7,Hardayal Kuncha - Ll - Ward No.7
249167,31016,8,Tarti Bazar - Ward No.8
249167,31017,9,Gari - Ward No.9
249168,31024,1,Nayaganj - L - Ward No.1
249168,31033,10,Rambagh - Ward No.10
249168,31025,2,Sadar - L - Ward No.2
249168,31026,3,Sadar - Ll - Ward No.3
249168,31027,4,Hanuman Gali - Ward No.4
249168,31028,5,Nayaganj - Ll - Ward No.5
249168,31029,6,Rathan - Ward No.6
249168,31030,7,Sahukara - Ward No.7
249168,31031,8,Laxmi Nagar - Ward No.8
249168,31032,9,Kayasthan - Ward No.9
249169,69626,1,Ahiran - Ward No.1
249169,69734,10,Kayasthan L- Ward No.10
249169,69735,11,Nadirshah L - Ward No.11
249169,69736,12,Nadirshah - Ward No.12
249169,69737,13,Vanshgan Lll - Ward No.13
249169,69738,14,Kaharan- Ward No.14
249169,69739,15,Bazar - Ward No.15
249169,69627,2,Aatish Bazar Ll - Ward No.2
249169,69727,3,Muglan - Ward No.3
249169,69728,4,Vanshgan L - Ward No.4
249169,69729,5,Aatish Bazar L - Ward No.5
249169,69730,6,Saray - Ward No.6
249169,69731,7,Tahvarganj - Ward No.7
249169,69732,8,Vanshgan Ll - Ward No.8
249169,69733,9,Kayasthan Ll - Ward No.9
249170,31034,1,Mustafabad - Ward No.1
249170,31043,10,Banvaripur - Ward No.10
249170,31044,11,Meerganj Dilazak - Ward No.11
249170,31045,12,Hindu Patti - Ward No.12
249170,31046,13,Gher Chauva - Ward No.13
249170,31047,14,Nazarpur - Ward No.14
249170,31048,15,Hindu Patti - Ward No.15
249170,31049,16,Mauzampur - Ll - Ward No.16
249170,31050,17,Chauhatiya - Ward No.17
249170,31051,18,Ummarpur - Ward No.18
249170,31052,19,Kakad Imli - Ward No.19
249170,31035,2,Imli - Ward No.2
249170,31053,20,Pakka Katra - Ll - Ward No.20
249170,31054,21,Umarpur - Ward No.21
249170,31055,22,Ummarpur - Ward No.22
249170,31056,23,Bahadurganj - Ll - Ward No.23
249170,31057,24,Dataganj - Ward No.24
249170,31058,25,Bahadurganj - Ward No.25
249170,31036,3,Kuwarganj - Ward No.3
249170,31037,4,Dodrajpur - Ward No.4
249170,31038,5,Nizam Ganj - Ward No.5
249170,31039,6,Bahadurganj - Ward No.6
249170,31040,7,"Dilazak, Jerbargad, Pakka Katra - Ward No.7"
249170,31041,8,Qila Umarpur - Ward No.8
249170,31042,9,Nijganj - Ward No.9
249173,31069,1,Prahlad Nagar - Ward No.1
249173,31450,10,Marhaiya- Ll - Ward No.10
249173,31451,11,Patti Pashchimi - Ward No.11
249173,31452,12,Prahlad Pur - Ll - Ward No.12
249173,31453,13,Navipur - Ll - Ward No.13
249173,31070,2,Gari Poorvi - L - Ward No.2
249173,31071,3,Gari Pashchimi- Ward No.3
249173,31072,4,Navipur - L - Ward No.4
249173,31073,5,Yahipurv - Ward No.5
249173,31074,6,Kelewali Chaupal - Ward No.6
249173,31075,7,Kamlainpur - Ward No.7
249173,31076,8,Marhaiya- L - Ward No.8
249173,31077,9,Gari Poorvi - Ll - Ward No.9
249174,69772,1,Prem Nagar - Ward No.1
249174,69781,10,Naveen Nagar - Ward No.10
249174,69782,11,Israr Nagar - Ward No.11
249174,69783,12,Abbas Nagar - Ward No.12
249174,69784,13,Babu Nagar - Ward No.13
249174,69785,14,Madad Nagar - Ward No.14
249174,69786,15,Ram Nagar - Ward No.15
249174,69787,16,Shasti Nagar - Ward No.16
249174,69788,17,Parashrampuri - Ward No.17
249174,69789,18,Dayal Nagar - Ward No.18
249174,69790,19,Sardar Nagar - Ward No.19
249174,69773,2,Subhash Nagar - Ward No.2
249174,69791,20,Gopal Nagar - Ward No.20
249174,69792,21,Angad Nagar - Ward No.21
249174,69793,22,Mushtak Nagar - Ward No.22
249174,69794,23,Nizam Nagar - Ward No.23
249174,69795,24,Ashfaq Nagar - Ward No.24
249174,69796,25,Hafiz Nagar - Ward No.25
249174,69774,3,Ramzan Nagar - Ward No.3
249174,69775,4,Ambedkar Nagar - Ward No.4
249174,69776,5,Pratap Nagar - Ward No.5
249174,69777,6,Azad Nagar - Ward No.6
249174,69778,7,Salam Nagar - Ward No.7
249174,69779,8,Gandhi Nagar - Ward No.8
249174,69780,9,Jamadgin Nagar - Ward No.9
249175,31454,1,Mewati - Ward No.1
249175,31463,10,Peerganj Ll - Ward No.10
249175,31455,2,Shivpuri - Ward No.2
249175,31456,3,Pachoa - Ward No.3
249175,31457,4,Andhui - Ward No.4
249175,31458,5,Bagiya Ll - Ward No.5
249175,31459,6,Dakhinaua- Ward No.6
249175,31460,7,Bagiya L - Ward No.7
249175,31461,8,Sahukara - Ward No.8
249175,31462,9,Peerganj L - Ward No.9
249176,31464,1,Palia Kalan (MB) - Ward No.1
249176,31473,10,Palia Kalan (MB) - Ward No.10
249176,31474,11,Palia Kalan (MB) - Ward No.11
249176,31475,12,Palia Kalan (MB) - Ward No.12
249176,31476,13,Palia Kalan (MB) - Ward No.13
249176,31477,14,Palia Kalan (MB) - Ward No.14
249176,31478,15,Palia Kalan (MB) - Ward No.15
249176,31479,16,Palia Kalan (MB) - Ward No.16
249176,31480,17,Palia Kalan (MB) - Ward No.17
249176,31481,18,Palia Kalan (MB) - Ward No.18
249176,31482,19,Palia Kalan (MB) - Ward No.19
249176,31465,2,Palia Kalan (MB) - Ward No.2
249176,31483,20,Palia Kalan (MB) - Ward No.20
249176,31484,21,Palia Kalan (MB) - Ward No.21
249176,31485,22,Palia Kalan (MB) - Ward No.22
249176,31486,23,Palia Kalan (MB) - Ward No.23
249176,31487,24,Palia Kalan (MB) - Ward No.24
249176,31488,25,Palia Kalan (MB) - Ward No.25
249176,31466,3,Palia Kalan (MB) - Ward No.3
249176,31467,4,Palia Kalan (MB) - Ward No.4
249176,31468,5,Palia Kalan (MB) - Ward No.5
249176,31469,6,Palia Kalan (MB) - Ward No.6
249176,31470,7,Palia Kalan (MB) - Ward No.7
249176,31471,8,Palia Kalan (MB) - Ward No.8
249176,31472,9,Palia Kalan (MB) - Ward No.9
249177,69797,1,Singahi Bhiraura (NP) - Ward No.1
249177,69806,10,Singahi Bhiraura (NP) - Ward No.10
249177,69807,11,Singahi Bhiraura (NP) - Ward No.11
249177,69808,12,Singahi Bhiraura (NP) - Ward No.12
249177,69809,13,Singahi Bhiraura (NP) - Ward No.13
249177,69798,2,Singahi Bhiraura (NP) - Ward No.2
249177,69799,3,Singahi Bhiraura (NP) - Ward No.3
249177,69800,4,Singahi Bhiraura (NP) - Ward No.4
249177,69801,5,Singahi Bhiraura (NP) - Ward No.5
249177,69802,6,Singahi Bhiraura (NP) - Ward No.6
249177,69803,7,Singahi Bhiraura (NP) - Ward No.7
249177,69804,8,Singahi Bhiraura (NP) - Ward No.8
249177,69805,9,Singahi Bhiraura (NP) - Ward No.9
249178,31489,1,Mailani (NP) - Ward No.1
249178,31498,10,Mailani (NP) - Ward No.10
249178,31499,11,Mailani (NP) - Ward No.11
249178,31490,2,Mailani (NP) - Ward No.2
249178,31491,3,Mailani (NP) - Ward No.3
249178,31492,4,Mailani (NP) - Ward No.4
249178,31493,5,Mailani (NP) - Ward No.5
249178,31494,6,Mailani (NP) - Ward No.6
249178,31495,7,Mailani (NP) - Ward No.7
249178,31496,8,Mailani (NP) - Ward No.8
249178,31497,9,Mailani (NP) - Ward No.9
249179,31500,1,Gola Gokarannath (MB) - Ward No.1
249179,31509,10,Gola Gokarannath (MB) - Ward No.10
249179,31510,11,Gola Gokarannath (MB) - Ward No.11
249179,31511,12,Gola Gokarannath (MB) - Ward No.12
249179,31512,13,Gola Gokarannath (MB) - Ward No.13
249179,31513,14,Gola Gokarannath (MB) - Ward No.14
249179,31514,15,Gola Gokarannath (MB) - Ward No.15
249179,31515,16,Gola Gokarannath (MB) - Ward No.16
249179,31516,17,Gola Gokarannath (MB) - Ward No.17
249179,31517,18,Gola Gokarannath (MB) - Ward No.18
249179,31518,19,Gola Gokarannath (MB) - Ward No.19
249179,31501,2,Gola Gokarannath (MB) - Ward No.2
249179,31519,20,Gola Gokarannath (MB) - Ward No.20
249179,31520,21,Gola Gokarannath (MB) - Ward No.21
249179,31521,22,Gola Gokarannath (MB) - Ward No.22
249179,31522,23,Gola Gokarannath (MB) - Ward No.23
249179,31523,24,Gola Gokarannath (MB) - Ward No.24
249179,31524,25,Gola Gokarannath (MB) - Ward No.25
249179,31502,3,Gola Gokarannath (MB) - Ward No.3
249179,31503,4,Gola Gokarannath (MB) - Ward No.4
249179,31504,5,Gola Gokarannath (MB) - Ward No.5
249179,31505,6,Gola Gokarannath (MB) - Ward No.6
249179,31506,7,Gola Gokarannath (MB) - Ward No.7
249179,31507,8,Gola Gokarannath (MB) - Ward No.8
249179,31508,9,Gola Gokarannath (MB) - Ward No.9
249180,31525,1,Mohammadi (MB) - Ward No.1
249180,31534,10,Mohammadi (MB) - Ward No.10
249180,31535,11,Mohammadi (MB) - Ward No.11
249180,31536,12,Mohammadi (MB) - Ward No.12
249180,31537,13,Mohammadi (MB) - Ward No.13
249180,31538,14,Mohammadi (MB) - Ward No.14
249180,31539,15,Mohammadi (MB) - Ward No.15
249180,31540,16,Mohammadi (MB) - Ward No.16
249180,31541,17,Mohammadi (MB) - Ward No.17
249180,31542,18,Mohammadi (MB) - Ward No.18
249180,31543,19,Mohammadi (MB) - Ward No.19
249180,31526,2,Mohammadi (MB) - Ward No.2
249180,31544,20,Mohammadi (MB) - Ward No.20
249180,31545,21,Mohammadi (MB) - Ward No.21
249180,31546,22,Mohammadi (MB) - Ward No.22
249180,31547,23,Mohammadi (MB) - Ward No.23
249180,31548,24,Mohammadi (MB) - Ward No.24
249180,31549,25,Mohammadi (MB) - Ward No.25
249180,31527,3,Mohammadi (MB) - Ward No.3
249180,31528,4,Mohammadi (MB) - Ward No.4
249180,31529,5,Mohammadi (MB) - Ward No.5
249180,31530,6,Mohammadi (MB) - Ward No.6
249180,31531,7,Mohammadi (MB) - Ward No.7
249180,31532,8,Mohammadi (MB) - Ward No.8
249180,31533,9,Mohammadi (MB) - Ward No.9
249181,69810,1,Barwar (NP) - Ward No.1
249181,69819,10,Barwar (NP) - Ward No.10
249181,69811,2,Barwar (NP) - Ward No.2
249181,69812,3,Barwar (NP) - Ward No.3
249181,69813,4,Barwar (NP) - Ward No.4
249181,69814,5,Barwar (NP) - Ward No.5
249181,69815,6,Barwar (NP) - Ward No.6
249181,69816,7,Barwar (NP) - Ward No.7
249181,69817,8,Barwar (NP) - Ward No.8
249181,69818,9,Barwar (NP) - Ward No.9
249182,31550,1,Lakhimpur (MB) - Ward No.1
249182,31559,10,Lakhimpur (MB) - Ward No.10
249182,31560,11,Lakhimpur (MB) - Ward No.11
249182,31561,12,Lakhimpur (MB) - Ward No.12
249182,31562,13,Lakhimpur (MB) - Ward No.13
249182,31563,14,Lakhimpur (MB) - Ward No.14
249182,31564,15,Lakhimpur (MB) - Ward No.15
249182,31565,16,Lakhimpur (MB) - Ward No.16
249182,31566,17,Lakhimpur (MB) - Ward No.17
249182,31567,18,Lakhimpur (MB) - Ward No.18
249182,31568,19,Lakhimpur (MB) - Ward No.19
249182,31551,2,Lakhimpur (MB) - Ward No.2
249182,31569,20,Lakhimpur (MB) - Ward No.20
249182,31570,21,Lakhimpur (MB) - Ward No.21
249182,31571,22,Lakhimpur (MB) - Ward No.22
249182,31572,23,Lakhimpur (MB) - Ward No.23
249182,31573,24,Lakhimpur (MB) - Ward No.24
249182,31574,25,Lakhimpur (MB) - Ward No.25
249182,31552,3,Lakhimpur (MB) - Ward No.3
249182,31553,4,Lakhimpur (MB) - Ward No.4
249182,31554,5,Lakhimpur (MB) - Ward No.5
249182,31555,6,Lakhimpur (MB) - Ward No.6
249182,31556,7,Lakhimpur (MB) - Ward No.7
249182,31557,8,Lakhimpur (MB) - Ward No.8
249182,31558,9,Lakhimpur (MB) - Ward No.9
249183,31575,1,Kheri (NP) - Ward No.1
249183,31584,10,Kheri (NP) - Ward No.10
249183,31585,11,Kheri (NP) - Ward No.11
249183,31586,12,Kheri (NP) - Ward No.12
249183,31587,13,Kheri (NP) - Ward No.13
249183,31588,14,Kheri (NP) - Ward No.14
249183,31589,15,Kheri (NP) - Ward No.15
249183,31590,16,Kheri (NP) - Ward No.16
249183,31576,2,Kheri (NP) - Ward No.2
249183,31577,3,Kheri (NP) - Ward No.3
249183,31578,4,Kheri (NP) - Ward No.4
249183,31579,5,Kheri (NP) - Ward No.5
249183,31580,6,Kheri (NP) - Ward No.6
249183,31581,7,Kheri (NP) - Ward No.7
249183,31582,8,Kheri (NP) - Ward No.8
249183,31583,9,Kheri (NP) - Ward No.9
249184,69820,1,Oel Dhakwa (NP) - Ward No.1
249184,69829,10,Oel Dhakwa (NP) - Ward No.10
249184,69821,2,Oel Dhakwa (NP) - Ward No.2
249184,69822,3,Oel Dhakwa (NP) - Ward No.3
249184,69823,4,Oel Dhakwa (NP) - Ward No.4
249184,69824,5,Oel Dhakwa (NP) - Ward No.5
249184,69825,6,Oel Dhakwa (NP) - Ward No.6
249184,69826,7,Oel Dhakwa (NP) - Ward No.7
249184,69827,8,Oel Dhakwa (NP) - Ward No.8
249184,69828,9,Oel Dhakwa (NP) - Ward No.9
249185,31591,1,Dhaurahara (NP) - Ward No.1
249185,31600,10,Dhaurahara (NP) - Ward No.10
249185,31601,11,Dhaurahara (NP) - Ward No.11
249185,31602,12,Dhaurahara (NP) - Ward No.12
249185,31603,13,Dhaurahara (NP) - Ward No.13
249185,31592,2,Dhaurahara (NP) - Ward No.2
249185,31593,3,Dhaurahara (NP) - Ward No.3
249185,31594,4,Dhaurahara (NP) - Ward No.4
249185,31595,5,Dhaurahara (NP) - Ward No.5
249185,31596,6,Dhaurahara (NP) - Ward No.6
249185,31597,7,Dhaurahara (NP) - Ward No.7
249185,31598,8,Dhaurahara (NP) - Ward No.8
249185,31599,9,Dhaurahara (NP) - Ward No.9
249186,69830,1,Maholi (NP) - Ward No.1
249186,69839,10,Maholi (NP) - Ward No.10
249186,69840,11,Maholi (NP) - Ward No.11
249186,69841,12,Maholi (NP) - Ward No.12
249186,69842,13,Maholi (NP) - Ward No.13
249186,69843,14,Maholi (NP) - Ward No.14
249186,69831,2,Maholi (NP) - Ward No.2
249186,69832,3,Maholi (NP) - Ward No.3
249186,69833,4,Maholi (NP) - Ward No.4
249186,69834,5,Maholi (NP) - Ward No.5
249186,69835,6,Maholi (NP) - Ward No.6
249186,69836,7,Maholi (NP) - Ward No.7
249186,69837,8,Maholi (NP) - Ward No.8
249186,69838,9,Maholi (NP) - Ward No.9
249187,31604,1,Misrikh Cum Neemsar (MB) - Ward No.1
249187,31613,10,Misrikh Cum Neemsar (MB) - Ward No.10
249187,31614,11,Misrikh Cum Neemsar (MB) - Ward No.11
249187,31615,12,Misrikh Cum Neemsar (MB) - Ward No.12
249187,31616,13,Misrikh Cum Neemsar (MB) - Ward No.13
249187,31617,14,Misrikh Cum Neemsar (MB) - Ward No.14
249187,31618,15,Misrikh Cum Neemsar (MB) - Ward No.15
249187,31619,16,Misrikh Cum Neemsar (MB) - Ward No.16
249187,31620,17,Misrikh Cum Neemsar (MB) - Ward No.17
249187,31621,18,Misrikh Cum Neemsar (MB) - Ward No.18
249187,31622,19,Misrikh Cum Neemsar (MB) - Ward No.19
249187,31605,2,Misrikh Cum Neemsar (MB) - Ward No.2
249187,31623,20,Misrikh Cum Neemsar (MB) - Ward No.20
249187,31624,21,Misrikh Cum Neemsar (MB) - Ward No.21
249187,31625,22,Misrikh Cum Neemsar (MB) - Ward No.22
249187,31626,23,Misrikh Cum Neemsar (MB) - Ward No.23
249187,31627,24,Misrikh Cum Neemsar (MB) - Ward No.24
249187,31822,25,Misrikh Cum Neemsar (MB) - Ward No.25
249187,31606,3,Misrikh Cum Neemsar (MB) - Ward No.3
249187,31607,4,Misrikh Cum Neemsar (MB) - Ward No.4
249187,31608,5,Misrikh Cum Neemsar (MB) - Ward No.5
249187,31609,6,Misrikh Cum Neemsar (MB) - Ward No.6
249187,31610,7,Misrikh Cum Neemsar (MB) - Ward No.7
249187,31611,8,Misrikh Cum Neemsar (MB) - Ward No.8
249187,31612,9,Misrikh Cum Neemsar (MB) - Ward No.9
249188,31823,1,Khairabad (MB) - Ward No.1
249188,31832,10,Khairabad (MB) - Ward No.10
249188,31833,11,Khairabad (MB) - Ward No.11
249188,31834,12,Khairabad (MB) - Ward No.12
249188,31835,13,Khairabad (MB) - Ward No.13
249188,31836,14,Khairabad (MB) - Ward No.14
249188,31837,15,Khairabad (MB) - Ward No.15
249188,31838,16,Khairabad (MB) - Ward No.16
249188,31839,17,Khairabad (MB) - Ward No.17
249188,31840,18,Khairabad (MB) - Ward No.18
249188,31841,19,Khairabad (MB) - Ward No.19
249188,31824,2,Khairabad (MB) - Ward No.2
249188,31842,20,Khairabad (MB) - Ward No.20
249188,31843,21,Khairabad (MB) - Ward No.21
249188,31844,22,Khairabad (MB) - Ward No.22
249188,31845,23,Khairabad (MB) - Ward No.23
249188,31846,24,Khairabad (MB) - Ward No.24
249188,31847,25,Khairabad (MB) - Ward No.25
249188,31825,3,Khairabad (MB) - Ward No.3
249188,31826,4,Khairabad (MB) - Ward No.4
249188,31827,5,Khairabad (MB) - Ward No.5
249188,31828,6,Khairabad (MB) - Ward No.6
249188,31829,7,Khairabad (MB) - Ward No.7
249188,31830,8,Khairabad (MB) - Ward No.8
249188,31831,9,Khairabad (MB) - Ward No.9
249189,31848,1,Sitapur (MB) - Ward No.1
249189,31857,10,Sitapur (MB) - Ward No.10
249189,31858,11,Sitapur (MB) - Ward No.11
249189,31859,12,Sitapur (MB) - Ward No.12
249189,31860,13,Sitapur (MB) - Ward No.13
249189,31861,14,Sitapur (MB) - Ward No.14
249189,31862,15,Sitapur (MB) - Ward No.15
249189,31863,16,Sitapur (MB) - Ward No.16
249189,31864,17,Sitapur (MB) - Ward No.17
249189,31865,18,Sitapur (MB) - Ward No.18
249189,31866,19,Sitapur (MB) - Ward No.19
249189,31849,2,Sitapur (MB) - Ward No.2
249189,31867,20,Sitapur (MB) - Ward No.20
249189,31868,21,Sitapur (MB) - Ward No.21
249189,31869,22,Sitapur (MB) - Ward No.22
249189,31870,23,Sitapur (MB) - Ward No.23
249189,31871,24,Sitapur (MB) - Ward No.24
249189,31872,25,Sitapur (MB) - Ward No.25
249189,31873,26,Sitapur (MB) - Ward No.26
249189,31850,3,Sitapur (MB) - Ward No.3
249189,31851,4,Sitapur (MB) - Ward No.4
249189,31852,5,Sitapur (MB) - Ward No.5
249189,31853,6,Sitapur (MB) - Ward No.6
249189,31854,7,Sitapur (MB) - Ward No.7
249189,31855,8,Sitapur (MB) - Ward No.8
249189,31856,9,Sitapur (MB) - Ward No.9
249190,31874,1,Hargaon (NP) - Ward No.1
249190,31883,10,Hargaon (NP) - Ward No.10
249190,31884,11,Hargaon (NP) - Ward No.11
249190,31885,12,Hargaon (NP) - Ward No.12
249190,31886,13,Hargaon (NP) - Ward No.13
249190,31875,2,Hargaon (NP) - Ward No.2
249190,31876,3,Hargaon (NP) - Ward No.3
249190,31877,4,Hargaon (NP) - Ward No.4
249190,31878,5,Hargaon (NP) - Ward No.5
249190,31879,6,Hargaon (NP) - Ward No.6
249190,31880,7,Hargaon (NP) - Ward No.7
249190,31881,8,Hargaon (NP) - Ward No.8
249190,31882,9,Hargaon (NP) - Ward No.9
249191,31887,1,Laharpur (MB) - Ward No.1
249191,31896,10,Laharpur (MB) - Ward No.10
249191,31897,11,Laharpur (MB) - Ward No.11
249191,31898,12,Laharpur (MB) - Ward No.12
249191,31899,13,Laharpur (MB) - Ward No.13
249191,31900,14,Laharpur (MB) - Ward No.14
249191,31901,15,Laharpur (MB) - Ward No.15
249191,31902,16,Laharpur (MB) - Ward No.16
249191,31903,17,Laharpur (MB) - Ward No.17
249191,31904,18,Laharpur (MB) - Ward No.18
249191,31905,19,Laharpur (MB) - Ward No.19
249191,31888,2,Laharpur (MB) - Ward No.2
249191,31906,20,Laharpur (MB) - Ward No.20
249191,31907,21,Laharpur (MB) - Ward No.21
249191,31908,22,Laharpur (MB) - Ward No.22
249191,31909,23,Laharpur (MB) - Ward No.23
249191,31910,24,Laharpur (MB) - Ward No.24
249191,31911,25,Laharpur (MB) - Ward No.25
249191,31889,3,Laharpur (MB) - Ward No.3
249191,31890,4,Laharpur (MB) - Ward No.4
249191,31891,5,Laharpur (MB) - Ward No.5
249191,31892,6,Laharpur (MB) - Ward No.6
249191,31893,7,Laharpur (MB) - Ward No.7
249191,31894,8,Laharpur (MB) - Ward No.8
249191,31895,9,Laharpur (MB) - Ward No.9
249192,69844,1,Tambaur Cum Ahmadabad (NP) - Ward No.1
249192,69853,10,Tambaur Cum Ahmadabad (NP) - Ward No.10
249192,69854,11,Tambaur Cum Ahmadabad (NP) - Ward No.11
249192,69855,12,Tambaur Cum Ahmadabad (NP) - Ward No.12
249192,69856,13,Tambaur Cum Ahmadabad (NP) - Ward No.13
249192,69845,2,Tambaur Cum Ahmadabad (NP) - Ward No.2
249192,69846,3,Tambaur Cum Ahmadabad (NP) - Ward No.3
249192,69847,4,Tambaur Cum Ahmadabad (NP) - Ward No.4
249192,69848,5,Tambaur Cum Ahmadabad (NP) - Ward No.5
249192,69849,6,Tambaur Cum Ahmadabad (NP) - Ward No.6
249192,69850,7,Tambaur Cum Ahmadabad (NP) - Ward No.7
249192,69851,8,Tambaur Cum Ahmadabad (NP) - Ward No.8
249192,69852,9,Tambaur Cum Ahmadabad (NP) - Ward No.9
249193,31919,1,Biswan (MB) - Ward No.1
249193,31916,10,Biswan (MB) - Ward No.10
249193,31917,11,Biswan (MB) - Ward No.11
249193,31918,12,Biswan (MB) - Ward No.12
249193,31924,13,Biswan (MB) - Ward No.13
249193,31925,14,Biswan (MB) - Ward No.14
249193,31926,15,Biswan (MB) - Ward No.15
249193,31927,16,Biswan (MB) - Ward No.16
249193,31928,17,Biswan (MB) - Ward No.17
249193,31929,18,Biswan (MB) - Ward No.18
249193,31930,19,Biswan (MB) - Ward No.19
249193,31920,2,Biswan (MB) - Ward No.2
249193,31931,20,Biswan (MB) - Ward No.20
249193,31932,21,Biswan (MB) - Ward No.21
249193,31933,22,Biswan (MB) - Ward No.22
249193,31934,23,Biswan (MB) - Ward No.23
249193,31935,24,Biswan (MB) - Ward No.24
249193,31936,25,Biswan (MB) - Ward No.25
249193,31921,3,Biswan (MB) - Ward No.3
249193,31922,4,Biswan (MB) - Ward No.4
249193,31923,5,Biswan (MB) - Ward No.5
249193,31912,6,Biswan (MB) - Ward No.6
249193,31913,7,Biswan (MB) - Ward No.7
249193,31914,8,Biswan (MB) - Ward No.8
249193,31915,9,Biswan (MB) - Ward No.9
249194,69857,1,Mahmudabad (MB) - Ward No.1
249194,69866,10,Mahmudabad (MB) - Ward No.10
249194,69867,11,Mahmudabad (MB) - Ward No.11
249194,69868,12,Mahmudabad (MB) - Ward No.12
249194,69869,13,Mahmudabad (MB) - Ward No.13
249194,69870,14,Mahmudabad (MB) - Ward No.14
249194,69871,15,Mahmudabad (MB) - Ward No.15
249194,69872,16,Mahmudabad (MB) - Ward No.16
249194,69873,17,Mahmudabad (MB) - Ward No.17
249194,69874,18,Mahmudabad (MB) - Ward No.18
249194,69875,19,Mahmudabad (MB) - Ward No.19
249194,69858,2,Mahmudabad (MB) - Ward No.2
249194,69876,20,Mahmudabad (MB) - Ward No.20
249194,69877,21,Mahmudabad (MB) - Ward No.21
249194,69878,22,Mahmudabad (MB) - Ward No.22
249194,69879,23,Mahmudabad (MB) - Ward No.23
249194,69880,24,Mahmudabad (MB) - Ward No.24
249194,69881,25,Mahmudabad (MB) - Ward No.25
249194,69859,3,Mahmudabad (MB) - Ward No.3
249194,69860,4,Mahmudabad (MB) - Ward No.4
249194,69861,5,Mahmudabad (MB) - Ward No.5
249194,69862,6,Mahmudabad (MB) - Ward No.6
249194,69863,7,Mahmudabad (MB) - Ward No.7
249194,69864,8,Mahmudabad (MB) - Ward No.8
249194,69865,9,Mahmudabad (MB) - Ward No.9
249195,31937,1,Paintepur (NP) - Ward No.1
249195,31946,10,Paintepur (NP) - Ward No.10
249195,31938,2,Paintepur (NP) - Ward No.2
249195,31939,3,Paintepur (NP) - Ward No.3
249195,31940,4,Paintepur (NP) - Ward No.4
249195,31941,5,Paintepur (NP) - Ward No.5
249195,31942,6,Paintepur (NP) - Ward No.6
249195,31943,7,Paintepur (NP) - Ward No.7
249195,31944,8,Paintepur (NP) - Ward No.8
249195,31945,9,Paintepur (NP) - Ward No.9
249196,31947,1,Sidhauli (NP) - Ward No.1
249196,31956,10,Sidhauli (NP) - Ward No.10
249196,31957,11,Sidhauli (NP) - Ward No.11
249196,31958,12,Sidhauli (NP) - Ward No.12
249196,31948,2,Sidhauli (NP) - Ward No.2
249196,31949,3,Sidhauli (NP) - Ward No.3
249196,31950,4,Sidhauli (NP) - Ward No.4
249196,31951,5,Sidhauli (NP) - Ward No.5
249196,31952,6,Sidhauli (NP) - Ward No.6
249196,31953,7,Sidhauli (NP) - Ward No.7
249196,31954,8,Sidhauli (NP) - Ward No.8
249196,31955,9,Sidhauli (NP) - Ward No.9
249197,69882,1,Shahabad (MB) - Ward No.1
249197,69891,10,Shahabad (MB) - Ward No.10
249197,69892,11,Shahabad (MB) - Ward No.11
249197,69893,12,Shahabad (MB) - Ward No.12
249197,69894,13,Shahabad (MB) - Ward No.13
249197,69895,14,Shahabad (MB) - Ward No.14
249197,69896,15,Shahabad (MB) - Ward No.15
249197,69897,16,Shahabad (MB) - Ward No.16
249197,69898,17,Shahabad (MB) - Ward No.17
249197,69999,18,Shahabad (MB) - Ward No.18
249197,70000,19,Shahabad (MB) - Ward No.19
249197,69883,2,Shahabad (MB) - Ward No.2
249197,70001,20,Shahabad (MB) - Ward No.20
249197,70002,21,Shahabad (MB) - Ward No.21
249197,70003,22,Shahabad (MB) - Ward No.22
249197,70004,23,Shahabad (MB) - Ward No.23
249197,70005,24,Shahabad (MB) - Ward No.24
249197,70006,25,Shahabad (MB) - Ward No.25
249197,69884,3,Shahabad (MB) - Ward No.3
249197,69885,4,Shahabad (MB) - Ward No.4
249197,69886,5,Shahabad (MB) - Ward No.5
249197,69887,6,Shahabad (MB) - Ward No.6
249197,69888,7,Shahabad (MB) - Ward No.7
249197,69889,8,Shahabad (MB) - Ward No.8
249197,69890,9,Shahabad (MB) - Ward No.9
249198,31959,1,Pihani (MB) - Ward No.1
249198,31968,10,Pihani (MB) - Ward No.10
249198,31969,11,Pihani (MB) - Ward No.11
249198,31970,12,Pihani (MB) - Ward No.12
249198,31971,13,Pihani (MB) - Ward No.13
249198,31972,14,Pihani (MB) - Ward No.14
249198,31973,15,Pihani (MB) - Ward No.15
249198,31974,16,Pihani (MB) - Ward No.16
249198,31975,17,Pihani (MB) - Ward No.17
249198,31976,18,Pihani (MB) - Ward No.18
249198,31977,19,Pihani (MB) - Ward No.19
249198,31960,2,Pihani (MB) - Ward No.2
249198,31978,20,Pihani (MB) - Ward No.20
249198,31979,21,Pihani (MB) - Ward No.21
249198,31980,22,Pihani (MB) - Ward No.22
249198,31981,23,Pihani (MB) - Ward No.23
249198,31982,24,Pihani (MB) - Ward No.24
249198,31983,25,Pihani (MB) - Ward No.25
249198,31961,3,Pihani (MB) - Ward No.3
249198,31962,4,Pihani (MB) - Ward No.4
249198,31963,5,Pihani (MB) - Ward No.5
249198,31964,6,Pihani (MB) - Ward No.6
249198,31965,7,Pihani (MB) - Ward No.7
249198,31966,8,Pihani (MB) - Ward No.8
249198,31967,9,Pihani (MB) - Ward No.9
249199,31984,1,Pali (NP) - Ward No.1
249199,31993,10,Pali (NP) - Ward No.10
249199,31994,11,Pali (NP) - Ward No.11
249199,31995,12,Pali (NP) - Ward No.12
249199,31985,2,Pali (NP) - Ward No.2
249199,31986,3,Pali (NP) - Ward No.3
249199,31987,4,Pali (NP) - Ward No.4
249199,31988,5,Pali (NP) - Ward No.5
249199,31989,6,Pali (NP) - Ward No.6
249199,31990,7,Pali (NP) - Ward No.7
249199,31991,8,Pali (NP) - Ward No.8
249199,31992,9,Pali (NP) - Ward No.9
249200,31996,1,Gopamau (NP) - Ward No.1
249200,32005,10,Gopamau (NP) - Ward No.10
249200,32006,11,Gopamau (NP) - Ward No.11
249200,31997,2,Gopamau (NP) - Ward No.2
249200,31998,3,Gopamau (NP) - Ward No.3
249200,31999,4,Gopamau (NP) - Ward No.4
249200,32000,5,Gopamau (NP) - Ward No.5
249200,32001,6,Gopamau (NP) - Ward No.6
249200,32002,7,Gopamau (NP) - Ward No.7
249200,32003,8,Gopamau (NP) - Ward No.8
249200,32004,9,Gopamau (NP) - Ward No.9
249201,70007,1,Hardoi (MB) - Ward No.1
249201,70016,10,Hardoi (MB) - Ward No.10
249201,70017,11,Hardoi (MB) - Ward No.11
249201,70018,12,Hardoi (MB) - Ward No.12
249201,70019,13,Hardoi (MB) - Ward No.13
249201,70020,14,Hardoi (MB) - Ward No.14
249201,70021,15,Hardoi (MB) - Ward No.15
249201,70022,16,Hardoi (MB) - Ward No.16
249201,70023,17,Hardoi (MB) - Ward No.17
249201,70024,18,Hardoi (MB) - Ward No.18
249201,70025,19,Hardoi (MB) - Ward No.19
249201,70008,2,Hardoi (MB) - Ward No.2
249201,70026,20,Hardoi (MB) - Ward No.20
249201,70027,21,Hardoi (MB) - Ward No.21
249201,70028,22,Hardoi (MB) - Ward No.22
249201,70029,23,Hardoi (MB) - Ward No.23
249201,70030,24,Hardoi (MB) - Ward No.24
249201,70031,25,Hardoi (MB) - Ward No.25
249201,70009,3,Hardoi (MB) - Ward No.3
249201,70010,4,Hardoi (MB) - Ward No.4
249201,70011,5,Hardoi (MB) - Ward No.5
249201,70012,6,Hardoi (MB) - Ward No.6
249201,70013,7,Hardoi (MB) - Ward No.7
249201,70014,8,Hardoi (MB) - Ward No.8
249201,70015,9,Hardoi (MB) - Ward No.9
249202,70032,1,Sandi (MB) - Ward No.1
249202,70041,10,Sandi (MB) - Ward No.10
249202,70042,11,Sandi (MB) - Ward No.11
249202,70043,12,Sandi (MB) - Ward No.12
249202,70044,13,Sandi (MB) - Ward No.13
249202,70045,14,Sandi (MB) - Ward No.14
249202,70046,15,Sandi (MB) - Ward No.15
249202,70047,16,Sandi (MB) - Ward No.16
249202,70048,17,Sandi (MB) - Ward No.17
249202,70049,18,Sandi (MB) - Ward No.18
249202,70050,19,Sandi (MB) - Ward No.19
249202,70033,2,Sandi (MB) - Ward No.2
249202,70051,20,Sandi (MB) - Ward No.20
249202,70052,21,Sandi (MB) - Ward No.21
249202,70053,22,Sandi (MB) - Ward No.22
249202,70054,23,Sandi (MB) - Ward No.23
249202,70055,24,Sandi (MB) - Ward No.24
249202,70056,25,Sandi (MB) - Ward No.25
249202,70034,3,Sandi (MB) - Ward No.3
249202,70035,4,Sandi (MB) - Ward No.4
249202,70036,5,Sandi (MB) - Ward No.5
249202,70037,6,Sandi (MB) - Ward No.6
249202,70038,7,Sandi (MB) - Ward No.7
249202,70039,8,Sandi (MB) - Ward No.8
249202,70040,9,Sandi (MB) - Ward No.9
249203,32007,1,Bilgram (MB) - Ward No.1
249203,32016,10,Bilgram (MB) - Ward No.10
249203,32017,11,Bilgram (MB) - Ward No.11
249203,32018,12,Bilgram (MB) - Ward No.12
249203,32019,13,Bilgram (MB) - Ward No.13
249203,32020,14,Bilgram (MB) - Ward No.14
249203,32021,15,Bilgram (MB) - Ward No.15
249203,32022,16,Bilgram (MB) - Ward No.16
249203,32023,17,Bilgram (MB) - Ward No.17
249203,32024,18,Bilgram (MB) - Ward No.18
249203,32025,19,Bilgram (MB) - Ward No.19
249203,32008,2,Bilgram (MB) - Ward No.2
249203,32026,20,Bilgram (MB) - Ward No.20
249203,32027,21,Bilgram (MB) - Ward No.21
249203,32028,22,Bilgram (MB) - Ward No.22
249203,32029,23,Bilgram (MB) - Ward No.23
249203,32030,24,Bilgram (MB) - Ward No.24
249203,32031,25,Bilgram (MB) - Ward No.25
249203,32009,3,Bilgram (MB) - Ward No.3
249203,32010,4,Bilgram (MB) - Ward No.4
249203,32011,5,Bilgram (MB) - Ward No.5
249203,32012,6,Bilgram (MB) - Ward No.6
249203,32013,7,Bilgram (MB) - Ward No.7
249203,32014,8,Bilgram (MB) - Ward No.8
249203,32015,9,Bilgram (MB) - Ward No.9
249204,70057,1,Madhoganj (NP) - Ward No.1
249204,70066,10,Madhoganj (NP) - Ward No.10
249204,70058,2,Madhoganj (NP) - Ward No.2
249204,70059,3,Madhoganj (NP) - Ward No.3
249204,70060,4,Madhoganj (NP) - Ward No.4
249204,70061,5,Madhoganj (NP) - Ward No.5
249204,70062,6,Madhoganj (NP) - Ward No.6
249204,70063,7,Madhoganj (NP) - Ward No.7
249204,70064,8,Madhoganj (NP) - Ward No.8
249204,70065,9,Madhoganj (NP) - Ward No.9
249205,32032,1,Mallawan (MB) - Ward No.1
249205,32041,10,Mallawan (MB) - Ward No.10
249205,32042,11,Mallawan (MB) - Ward No.11
249205,32043,12,Mallawan (MB) - Ward No.12
249205,32044,13,Mallawan (MB) - Ward No.13
249205,32045,14,Mallawan (MB) - Ward No.14
249205,32046,15,Mallawan (MB) - Ward No.15
249205,32047,16,Mallawan (MB) - Ward No.16
249205,32048,17,Mallawan (MB) - Ward No.17
249205,32049,18,Mallawan (MB) - Ward No.18
249205,32050,19,Mallawan (MB) - Ward No.19
249205,32033,2,Mallawan (MB) - Ward No.2
249205,32051,20,Mallawan (MB) - Ward No.20
249205,32052,21,Mallawan (MB) - Ward No.21
249205,32053,22,Mallawan (MB) - Ward No.22
249205,32054,23,Mallawan (MB) - Ward No.23
249205,32055,24,Mallawan (MB) - Ward No.24
249205,32056,25,Mallawan (MB) - Ward No.25
249205,32034,3,Mallawan (MB) - Ward No.3
249205,32035,4,Mallawan (MB) - Ward No.4
249205,32036,5,Mallawan (MB) - Ward No.5
249205,32037,6,Mallawan (MB) - Ward No.6
249205,32038,7,Mallawan (MB) - Ward No.7
249205,32039,8,Mallawan (MB) - Ward No.8
249205,32040,9,Mallawan (MB) - Ward No.9
249206,32057,1,Kursath (NP) - Ward No.1
249206,32066,10,Kursath (NP) - Ward No.10
249206,32058,2,Kursath (NP) - Ward No.2
249206,32059,3,Kursath (NP) - Ward No.3
249206,32060,4,Kursath (NP) - Ward No.4
249206,32061,5,Kursath (NP) - Ward No.5
249206,32062,6,Kursath (NP) - Ward No.6
249206,32063,7,Kursath (NP) - Ward No.7
249206,32064,8,Kursath (NP) - Ward No.8
249206,32065,9,Kursath (NP) - Ward No.9
249207,32067,1,Kachhauna Patseni (NP) - Ward No.1
249207,32076,10,Kachhauna Patseni (NP) - Ward No.10
249207,32077,11,Kachhauna Patseni (NP) - Ward No.11
249207,32068,2,Kachhauna Patseni (NP) - Ward No.2
249207,32069,3,Kachhauna Patseni (NP) - Ward No.3
249207,32070,4,Kachhauna Patseni (NP) - Ward No.4
249207,32071,5,Kachhauna Patseni (NP) - Ward No.5
249207,32072,6,Kachhauna Patseni (NP) - Ward No.6
249207,32073,7,Kachhauna Patseni (NP) - Ward No.7
249207,32074,8,Kachhauna Patseni (NP) - Ward No.8
249207,32075,9,Kachhauna Patseni (NP) - Ward No.9
249208,32078,1,Beniganj (NP) - Ward No.1
249208,32087,10,Beniganj (NP) - Ward No.10
249208,32079,2,Beniganj (NP) - Ward No.2
249208,32080,3,Beniganj (NP) - Ward No.3
249208,32081,4,Beniganj (NP) - Ward No.4
249208,32082,5,Beniganj (NP) - Ward No.5
249208,32083,6,Beniganj (NP) - Ward No.6
249208,32084,7,Beniganj (NP) - Ward No.7
249208,32085,8,Beniganj (NP) - Ward No.8
249208,32086,9,Beniganj (NP) - Ward No.9
249209,32088,1,Sandila (MB) - Ward No.1
249209,32097,10,Sandila (MB) - Ward No.10
249209,32098,11,Sandila (MB) - Ward No.11
249209,32099,12,Sandila (MB) - Ward No.12
249209,32100,13,Sandila (MB) - Ward No.13
249209,32101,14,Sandila (MB) - Ward No.14
249209,32102,15,Sandila (MB) - Ward No.15
249209,32103,16,Sandila (MB) - Ward No.16
249209,32104,17,Sandila (MB) - Ward No.17
249209,32105,18,Sandila (MB) - Ward No.18
249209,32106,19,Sandila (MB) - Ward No.19
249209,32089,2,Sandila (MB) - Ward No.2
249209,32107,20,Sandila (MB) - Ward No.20
249209,32108,21,Sandila (MB) - Ward No.21
249209,32109,22,Sandila (MB) - Ward No.22
249209,32110,23,Sandila (MB) - Ward No.23
249209,32111,24,Sandila (MB) - Ward No.24
249209,32112,25,Sandila (MB) - Ward No.25
249209,32090,3,Sandila (MB) - Ward No.3
249209,32091,4,Sandila (MB) - Ward No.4
249209,32092,5,Sandila (MB) - Ward No.5
249209,32093,6,Sandila (MB) - Ward No.6
249209,32094,7,Sandila (MB) - Ward No.7
249209,32095,8,Sandila (MB) - Ward No.8
249209,32096,9,Sandila (MB) - Ward No.9
249211,32775,1,Ganj Muradabad (NP) - Ward No.1
249211,32784,10,Ganj Muradabad (NP) - Ward No.10
249211,32776,2,Ganj Muradabad (NP) - Ward No.2
249211,32777,3,Ganj Muradabad (NP) - Ward No.3
249211,32778,4,Ganj Muradabad (NP) - Ward No.4
249211,32779,5,Ganj Muradabad (NP) - Ward No.5
249211,32780,6,Ganj Muradabad (NP) - Ward No.6
249211,32781,7,Ganj Muradabad (NP) - Ward No.7
249211,32782,8,Ganj Muradabad (NP) - Ward No.8
249211,32783,9,Ganj Muradabad (NP) - Ward No.9
249212,70067,1,Bangarmau (MB) - Ward No.1
249212,70076,10,Bangarmau (MB) - Ward No.10
249212,70077,11,Bangarmau (MB) - Ward No.11
249212,70078,12,Bangarmau (MB) - Ward No.12
249212,70079,13,Bangarmau (MB) - Ward No.13
249212,70080,14,Bangarmau (MB) - Ward No.14
249212,70081,15,Bangarmau (MB) - Ward No.15
249212,70082,16,Bangarmau (MB) - Ward No.16
249212,70083,17,Bangarmau (MB) - Ward No.17
249212,70084,18,Bangarmau (MB) - Ward No.18
249212,70085,19,Bangarmau (MB) - Ward No.19
249212,70068,2,Bangarmau (MB) - Ward No.2
249212,70086,20,Bangarmau (MB) - Ward No.20
249212,70087,21,Bangarmau (MB) - Ward No.21
249212,70088,22,Bangarmau (MB) - Ward No.22
249212,70089,23,Bangarmau (MB) - Ward No.23
249212,70090,24,Bangarmau (MB) - Ward No.24
249212,70091,25,Bangarmau (MB) - Ward No.25
249212,70069,3,Bangarmau (MB) - Ward No.3
249212,70070,4,Bangarmau (MB) - Ward No.4
249212,70071,5,Bangarmau (MB) - Ward No.5
249212,70072,6,Bangarmau (MB) - Ward No.6
249212,70073,7,Bangarmau (MB) - Ward No.7
249212,70074,8,Bangarmau (MB) - Ward No.8
249212,70075,9,Bangarmau (MB) - Ward No.9
249213,32785,1,Fatehpur Chaurasi (NP) - Ward No.1
249213,32794,10,Fatehpur Chaurasi (NP) - Ward No.10
249213,32786,2,Fatehpur Chaurasi (NP) - Ward No.2
249213,32787,3,Fatehpur Chaurasi (NP) - Ward No.3
249213,32788,4,Fatehpur Chaurasi (NP) - Ward No.4
249213,32789,5,Fatehpur Chaurasi (NP) - Ward No.5
249213,32790,6,Fatehpur Chaurasi (NP) - Ward No.6
249213,32791,7,Fatehpur Chaurasi (NP) - Ward No.7
249213,32792,8,Fatehpur Chaurasi (NP) - Ward No.8
249213,32793,9,Fatehpur Chaurasi (NP) - Ward No.9
249214,70092,1,Ugu (NP) - Ward No.1
249214,66770,10,Ugu (NP) - Ward No.10
249214,70093,2,Ugu (NP) - Ward No.2
249214,70094,3,Ugu (NP) - Ward No.3
249214,70095,4,Ugu (NP) - Ward No.4
249214,70096,5,Ugu (NP) - Ward No.5
249214,70097,6,Ugu (NP) - Ward No.6
249214,70348,7,Ugu (NP) - Ward No.7
249214,66768,8,Ugu (NP) - Ward No.8
249214,66769,9,Ugu (NP) - Ward No.9
249215,32795,1,Safipur (NP) - Ward No.1
249215,32804,10,Safipur (NP) - Ward No.10
249215,32805,11,Safipur (NP) - Ward No.11
249215,32806,12,Safipur (NP) - Ward No.12
249215,32807,13,Safipur (NP) - Ward No.13
249215,32808,14,Safipur (NP) - Ward No.14
249215,32796,2,Safipur (NP) - Ward No.2
249215,32797,3,Safipur (NP) - Ward No.3
249215,32798,4,Safipur (NP) - Ward No.4
249215,32799,5,Safipur (NP) - Ward No.5
249215,32800,6,Safipur (NP) - Ward No.6
249215,32801,7,Safipur (NP) - Ward No.7
249215,32802,8,Safipur (NP) - Ward No.8
249215,32803,9,Safipur (NP) - Ward No.9
249216,66771,1,Kursath (NP) - Ward No.1
249216,66780,10,Kursath (NP) - Ward No.10
249216,66772,2,Kursath (NP) - Ward No.2
249216,66773,3,Kursath (NP) - Ward No.3
249216,66774,4,Kursath (NP) - Ward No.4
249216,66775,5,Kursath (NP) - Ward No.5
249216,66776,6,Kursath (NP) - Ward No.6
249216,66777,7,Kursath (NP) - Ward No.7
249216,66778,8,Kursath (NP) - Ward No.8
249216,66779,9,Kursath (NP) - Ward No.9
249217,32809,1,Auras (NP) - Ward No.1
249217,32818,10,Auras (NP) - Ward No.10
249217,32819,11,Auras (NP) - Ward No.11
249217,32810,2,Auras (NP) - Ward No.2
249217,32811,3,Auras (NP) - Ward No.3
249217,32812,4,Auras (NP) - Ward No.4
249217,32813,5,Auras (NP) - Ward No.5
249217,32814,6,Auras (NP) - Ward No.6
249217,32815,7,Auras (NP) - Ward No.7
249217,32816,8,Auras (NP) - Ward No.8
249217,32817,9,Auras (NP) - Ward No.9
249218,32820,1,Hyderabad (NP) - Ward No.1
249218,32829,10,Hyderabad (NP) - Ward No.10
249218,32821,2,Hyderabad (NP) - Ward No.2
249218,32822,3,Hyderabad (NP) - Ward No.3
249218,32823,4,Hyderabad (NP) - Ward No.4
249218,32824,5,Hyderabad (NP) - Ward No.5
249218,32825,6,Hyderabad (NP) - Ward No.6
249218,32826,7,Hyderabad (NP) - Ward No.7
249218,32827,8,Hyderabad (NP) - Ward No.8
249218,32828,9,Hyderabad (NP) - Ward No.9
249219,32830,1,Rasulabad (NP) - Ward No.1
249219,32839,10,Rasulabad (NP) - Ward No.10
249219,32831,2,Rasulabad (NP) - Ward No.2
249219,32832,3,Rasulabad (NP) - Ward No.3
249219,32833,4,Rasulabad (NP) - Ward No.4
249219,32834,5,Rasulabad (NP) - Ward No.5
249219,32835,6,Rasulabad (NP) - Ward No.6
249219,32836,7,Rasulabad (NP) - Ward No.7
249219,32837,8,Rasulabad (NP) - Ward No.8
249219,32838,9,Rasulabad (NP) - Ward No.9
249220,32840,1,Mohan (NP) - Ward No.1
249220,32849,10,Mohan (NP) - Ward No.10
249220,32850,11,Mohan (NP) - Ward No.11
249220,32841,2,Mohan (NP) - Ward No.2
249220,32842,3,Mohan (NP) - Ward No.3
249220,32843,4,Mohan (NP) - Ward No.4
249220,32844,5,Mohan (NP) - Ward No.5
249220,32845,6,Mohan (NP) - Ward No.6
249220,32846,7,Mohan (NP) - Ward No.7
249220,32847,8,Mohan (NP) - Ward No.8
249220,32848,9,Mohan (NP) - Ward No.9
249221,32851,1,Nyotini (NP) - Ward No.1
249221,32860,10,Nyotini (NP) - Ward No.10
249221,32852,2,Nyotini (NP) - Ward No.2
249221,32853,3,Nyotini (NP) - Ward No.3
249221,32854,4,Nyotini (NP) - Ward No.4
249221,32855,5,Nyotini (NP) - Ward No.5
249221,32856,6,Nyotini (NP) - Ward No.6
249221,32857,7,Nyotini (NP) - Ward No.7
249221,32858,8,Nyotini (NP) - Ward No.8
249221,32859,9,Nyotini (NP) - Ward No.9
249222,32861,1,Nawabganj (NP) - Ward No.1
249222,32966,10,Nawabganj (NP) - Ward No.10
249222,32862,2,Nawabganj (NP) - Ward No.2
249222,32863,3,Nawabganj (NP) - Ward No.3
249222,32864,4,Nawabganj (NP) - Ward No.4
249222,32865,5,Nawabganj (NP) - Ward No.5
249222,32866,6,Nawabganj (NP) - Ward No.6
249222,32867,7,Nawabganj (NP) - Ward No.7
249222,32868,8,Nawabganj (NP) - Ward No.8
249222,32965,9,Nawabganj (NP) - Ward No.9
249223,1,1,Unnao (MB) - Ward No.1
249223,10,10,Unnao (MB) - Ward No.10
249223,11,11,Unnao (MB) - Ward No.11
249223,12,12,Unnao (MB) - Ward No.12
249223,13,13,Unnao (MB) - Ward No.13
249223,14,14,Unnao (MB) - Ward No.14
249223,15,15,Unnao (MB) - Ward No.15
249223,16,16,Unnao (MB) - Ward No.16
249223,17,17,Unnao (MB) - Ward No.17
249223,18,18,Unnao (MB) - Ward No.18
249223,19,19,Unnao (MB) - Ward No.19
249223,2,2,Unnao (MB) - Ward No.2
249223,20,20,Unnao (MB) - Ward No.20
249223,21,21,Unnao (MB) - Ward No.21
249223,22,22,Unnao (MB) - Ward No.22
249223,23,23,Unnao (MB) - Ward No.23
249223,24,24,Unnao (MB) - Ward No.24
249223,25,25,Unnao (MB) - Ward No.25
249223,3,3,Unnao (MB) - Ward No.3
249223,4,4,Unnao (MB) - Ward No.4
249223,5,5,Unnao (MB) - Ward No.5
249223,6,6,Unnao (MB) - Ward No.6
249223,7,7,Unnao (MB) - Ward No.7
249223,8,8,Unnao (MB) - Ward No.8
249223,9,9,Unnao (MB) - Ward No.9
249226,74771,1,Purwa (NP) - Ward No.1
249226,74780,10,Purwa (NP) - Ward No.10
249226,74781,11,Purwa (NP) - Ward No.11
249226,74782,12,Purwa (NP) - Ward No.12
249226,74783,13,Purwa (NP) - Ward No.13
249226,74784,14,Purwa (NP) - Ward No.14
249226,74785,15,Purwa (NP) - Ward No.15
249226,74772,2,Purwa (NP) - Ward No.2
249226,74773,3,Purwa (NP) - Ward No.3
249226,74774,4,Purwa (NP) - Ward No.4
249226,74775,5,Purwa (NP) - Ward No.5
249226,74776,6,Purwa (NP) - Ward No.6
249226,74777,7,Purwa (NP) - Ward No.7
249226,74778,8,Purwa (NP) - Ward No.8
249226,74779,9,Purwa (NP) - Ward No.9
249227,52,1,Maurawan (NP) - Ward No.1
249227,61,10,Maurawan (NP) - Ward No.10
249227,62,11,Maurawan (NP) - Ward No.11
249227,53,2,Maurawan (NP) - Ward No.2
249227,54,3,Maurawan (NP) - Ward No.3
249227,55,4,Maurawan (NP) - Ward No.4
249227,56,5,Maurawan (NP) - Ward No.5
249227,57,6,Maurawan (NP) - Ward No.6
249227,58,7,Maurawan (NP) - Ward No.7
249227,59,8,Maurawan (NP) - Ward No.8
249227,60,9,Maurawan (NP) - Ward No.9
249228,63,1,Bighapur (NP) - Ward No.1
249228,72,10,Bighapur (NP) - Ward No.10
249228,64,2,Bighapur (NP) - Ward No.2
249228,65,3,Bighapur (NP) - Ward No.3
249228,66,4,Bighapur (NP) - Ward No.4
249228,67,5,Bighapur (NP) - Ward No.5
249228,68,6,Bighapur (NP) - Ward No.6
249228,69,7,Bighapur (NP) - Ward No.7
249228,70,8,Bighapur (NP) - Ward No.8
249228,71,9,Bighapur (NP) - Ward No.9
249229,73,1,Bhagwant Nagar (NP) - Ward No.1
249229,82,10,Bhagwant Nagar (NP) - Ward No.10
249229,74,2,Bhagwant Nagar (NP) - Ward No.2
249229,75,3,Bhagwant Nagar (NP) - Ward No.3
249229,76,4,Bhagwant Nagar (NP) - Ward No.4
249229,77,5,Bhagwant Nagar (NP) - Ward No.5
249229,78,6,Bhagwant Nagar (NP) - Ward No.6
249229,79,7,Bhagwant Nagar (NP) - Ward No.7
249229,80,8,Bhagwant Nagar (NP) - Ward No.8
249229,81,9,Bhagwant Nagar (NP) - Ward No.9
249230,83,1,Malihabad (NP) - Ward No.1
249230,92,10,Malihabad (NP) - Ward No.10
249230,93,11,Malihabad (NP) - Ward No.11
249230,94,12,Malihabad (NP) - Ward No.12
249230,3113,13,Malihabad (NP) - Ward No.13
249230,84,2,Malihabad (NP) - Ward No.2
249230,85,3,Malihabad (NP) - Ward No.3
249230,86,4,Malihabad (NP) - Ward No.4
249230,87,5,Malihabad (NP) - Ward No.5
249230,88,6,Malihabad (NP) - Ward No.6
249230,89,7,Malihabad (NP) - Ward No.7
249230,90,8,Malihabad (NP) - Ward No.8
249230,91,9,Malihabad (NP) - Ward No.9
249231,95,1,Mahona (NP) - Ward No.1
249231,675,10,Mahona (NP) - Ward No.10
249231,676,11,Mahona (NP) - Ward No.11
249231,667,2,Mahona (NP) - Ward No.2
249231,668,3,Mahona (NP) - Ward No.3
249231,669,4,Mahona (NP) - Ward No.4
249231,670,5,Mahona (NP) - Ward No.5
249231,671,6,Mahona (NP) - Ward No.6
249231,672,7,Mahona (NP) - Ward No.7
249231,673,8,Mahona (NP) - Ward No.8
249231,674,9,Mahona (NP) - Ward No.9
249232,74786,1,Itaunja (NP) - Ward No.1
249232,74795,10,Itaunja (NP) - Ward No.10
249232,74787,2,Itaunja (NP) - Ward No.2
249232,74788,3,Itaunja (NP) - Ward No.3
249232,74789,4,Itaunja (NP) - Ward No.4
249232,74790,5,Itaunja (NP) - Ward No.5
249232,74791,6,Itaunja (NP) - Ward No.6
249232,74792,7,Itaunja (NP) - Ward No.7
249232,74793,8,Itaunja (NP) - Ward No.8
249232,74794,9,Itaunja (NP) - Ward No.9
249233,74796,1,Kakori (NP) - Ward No.1
249233,74805,10,Kakori (NP) - Ward No.10
249233,74806,11,Kakori (NP) - Ward No.11
249233,74807,12,Kakori (NP) - Ward No.12
249233,71029,13,Kakori (NP) - Ward No.13
249233,74797,2,Kakori (NP) - Ward No.2
249233,74798,3,Kakori (NP) - Ward No.3
249233,74799,4,Kakori (NP) - Ward No.4
249233,74800,5,Kakori (NP) - Ward No.5
249233,74801,6,Kakori (NP) - Ward No.6
249233,74802,7,Kakori (NP) - Ward No.7
249233,74803,8,Kakori (NP) - Ward No.8
249233,74804,9,Kakori (NP) - Ward No.9
249234,677,1,Lucknow (M Corp.) - Ward No.1
249234,686,10,Lucknow (M Corp.) - Ward No.10
249234,867,100,Lucknow (M Corp.) - Ward No.100
249234,868,101,Lucknow (M Corp.) - Ward No.101
249234,869,102,Lucknow (M Corp.) - Ward No.102
249234,870,103,Lucknow (M Corp.) - Ward No.103
249234,871,104,Lucknow (M Corp.) - Ward No.104
249234,872,105,Lucknow (M Corp.) - Ward No.105
249234,873,106,Lucknow (M Corp.) - Ward No.106
249234,874,107,Lucknow (M Corp.) - Ward No.107
249234,875,108,Lucknow (M Corp.) - Ward No.108
249234,876,109,Lucknow (M Corp.) - Ward No.109
249234,687,11,Lucknow (M Corp.) - Ward No.11
249234,877,110,Lucknow (M Corp.) - Ward No.110
249234,688,12,Lucknow (M Corp.) - Ward No.12
249234,689,13,Lucknow (M Corp.) - Ward No.13
249234,690,14,Lucknow (M Corp.) - Ward No.14
249234,691,15,Lucknow (M Corp.) - Ward No.15
249234,692,16,Lucknow (M Corp.) - Ward No.16
249234,693,17,Lucknow (M Corp.) - Ward No.17
249234,694,18,Lucknow (M Corp.) - Ward No.18
249234,695,19,Lucknow (M Corp.) - Ward No.19
249234,678,2,Lucknow (M Corp.) - Ward No.2
249234,696,20,Lucknow (M Corp.) - Ward No.20
249234,697,21,Lucknow (M Corp.) - Ward No.21
249234,698,22,Lucknow (M Corp.) - Ward No.22
249234,699,23,Lucknow (M Corp.) - Ward No.23
249234,700,24,Lucknow (M Corp.) - Ward No.24
249234,701,25,Lucknow (M Corp.) - Ward No.25
249234,702,26,Lucknow (M Corp.) - Ward No.26
249234,703,27,Lucknow (M Corp.) - Ward No.27
249234,704,28,Lucknow (M Corp.) - Ward No.28
249234,705,29,Lucknow (M Corp.) - Ward No.29
249234,679,3,Lucknow (M Corp.) - Ward No.3
249234,706,30,Lucknow (M Corp.) - Ward No.30
249234,707,31,Lucknow (M Corp.) - Ward No.31
249234,708,32,Lucknow (M Corp.) - Ward No.32
249234,709,33,Lucknow (M Corp.) - Ward No.33
249234,710,34,Lucknow (M Corp.) - Ward No.34
249234,711,35,Lucknow (M Corp.) - Ward No.35
249234,712,36,Lucknow (M Corp.) - Ward No.36
249234,713,37,Lucknow (M Corp.) - Ward No.37
249234,714,38,Lucknow (M Corp.) - Ward No.38
249234,715,39,Lucknow (M Corp.) - Ward No.39
249234,680,4,Lucknow (M Corp.) - Ward No.4
249234,716,40,Lucknow (M Corp.) - Ward No.40
249234,717,41,Lucknow (M Corp.) - Ward No.41
249234,718,42,Lucknow (M Corp.) - Ward No.42
249234,719,43,Lucknow (M Corp.) - Ward No.43
249234,720,44,Lucknow (M Corp.) - Ward No.44
249234,721,45,Lucknow (M Corp.) - Ward No.45
249234,722,46,Lucknow (M Corp.) - Ward No.46
249234,723,47,Lucknow (M Corp.) - Ward No.47
249234,724,48,Lucknow (M Corp.) - Ward No.48
249234,725,49,Lucknow (M Corp.) - Ward No.49
249234,681,5,Lucknow (M Corp.) - Ward No.5
249234,726,50,Lucknow (M Corp.) - Ward No.50
249234,727,51,Lucknow (M Corp.) - Ward No.51
249234,728,52,Lucknow (M Corp.) - Ward No.52
249234,729,53,Lucknow (M Corp.) - Ward No.53
249234,730,54,Lucknow (M Corp.) - Ward No.54
249234,731,55,Lucknow (M Corp.) - Ward No.55
249234,732,56,Lucknow (M Corp.) - Ward No.56
249234,733,57,Lucknow (M Corp.) - Ward No.57
249234,734,58,Lucknow (M Corp.) - Ward No.58
249234,735,59,Lucknow (M Corp.) - Ward No.59
249234,682,6,Lucknow (M Corp.) - Ward No.6
249234,736,60,Lucknow (M Corp.) - Ward No.60
249234,737,61,Lucknow (M Corp.) - Ward No.61
249234,738,62,Lucknow (M Corp.) - Ward No.62
249234,739,63,Lucknow (M Corp.) - Ward No.63
249234,740,64,Lucknow (M Corp.) - Ward No.64
249234,741,65,Lucknow (M Corp.) - Ward No.65
249234,742,66,Lucknow (M Corp.) - Ward No.66
249234,743,67,Lucknow (M Corp.) - Ward No.67
249234,744,68,Lucknow (M Corp.) - Ward No.68
249234,745,69,Lucknow (M Corp.) - Ward No.69
249234,683,7,Lucknow (M Corp.) - Ward No.7
249234,746,70,Lucknow (M Corp.) - Ward No.70
249234,747,71,Lucknow (M Corp.) - Ward No.71
249234,748,72,Lucknow (M Corp.) - Ward No.72
249234,749,73,Lucknow (M Corp.) - Ward No.73
249234,750,74,Lucknow (M Corp.) - Ward No.74
249234,751,75,Lucknow (M Corp.) - Ward No.75
249234,752,76,Lucknow (M Corp.) - Ward No.76
249234,753,77,Lucknow (M Corp.) - Ward No.77
249234,754,78,Lucknow (M Corp.) - Ward No.78
249234,755,79,Lucknow (M Corp.) - Ward No.79
249234,684,8,Lucknow (M Corp.) - Ward No.8
249234,847,80,Lucknow (M Corp.) - Ward No.80
249234,848,81,Lucknow (M Corp.) - Ward No.81
249234,849,82,Lucknow (M Corp.) - Ward No.82
249234,850,83,Lucknow (M Corp.) - Ward No.83
249234,851,84,Lucknow (M Corp.) - Ward No.84
249234,852,85,Lucknow (M Corp.) - Ward No.85
249234,853,86,Lucknow (M Corp.) - Ward No.86
249234,854,87,Lucknow (M Corp.) - Ward No.87
249234,855,88,Lucknow (M Corp.) - Ward No.88
249234,856,89,Lucknow (M Corp.) - Ward No.89
249234,685,9,Lucknow (M Corp.) - Ward No.9
249234,857,90,Lucknow (M Corp.) - Ward No.90
249234,858,91,Lucknow (M Corp.) - Ward No.91
249234,859,92,Lucknow (M Corp.) - Ward No.92
249234,860,93,Lucknow (M Corp.) - Ward No.93
249234,861,94,Lucknow (M Corp.) - Ward No.94
249234,862,95,Lucknow (M Corp.) - Ward No.95
249234,863,96,Lucknow (M Corp.) - Ward No.96
249234,864,97,Lucknow (M Corp.) - Ward No.97
249234,865,98,Lucknow (M Corp.) - Ward No.98
249234,866,99,Lucknow (M Corp.) - Ward No.99
249235,74808,1,Gosainganj (NP) - Ward No.1
249235,74817,10,Gosainganj (NP) - Ward No.10
249235,74809,2,Gosainganj (NP) - Ward No.2
249235,74810,3,Gosainganj (NP) - Ward No.3
249235,74811,4,Gosainganj (NP) - Ward No.4
249235,74812,5,Gosainganj (NP) - Ward No.5
249235,74813,6,Gosainganj (NP) - Ward No.6
249235,74814,7,Gosainganj (NP) - Ward No.7
249235,74815,8,Gosainganj (NP) - Ward No.8
249235,74816,9,Gosainganj (NP) - Ward No.9
249236,878,1,Amethi (NP) - Ward No.1
249236,887,10,Amethi (NP) - Ward No.10
249236,2957,11,Amethi (NP) - Ward No.11
249236,879,2,Amethi (NP) - Ward No.2
249236,880,3,Amethi (NP) - Ward No.3
249236,881,4,Amethi (NP) - Ward No.4
249236,882,5,Amethi (NP) - Ward No.5
249236,883,6,Amethi (NP) - Ward No.6
249236,884,7,Amethi (NP) - Ward No.7
249236,885,8,Amethi (NP) - Ward No.8
249236,886,9,Amethi (NP) - Ward No.9
249237,888,1,Nagram (NP) - Ward No.1
249237,897,10,Nagram (NP) - Ward No.10
249237,889,2,Nagram (NP) - Ward No.2
249237,890,3,Nagram (NP) - Ward No.3
249237,891,4,Nagram (NP) - Ward No.4
249237,892,5,Nagram (NP) - Ward No.5
249237,893,6,Nagram (NP) - Ward No.6
249237,894,7,Nagram (NP) - Ward No.7
249237,895,8,Nagram (NP) - Ward No.8
249237,896,9,Nagram (NP) - Ward No.9
249238,898,1,Bachhrawan (NP) - Ward No.1
249238,907,10,Bachhrawan (NP) - Ward No.10
249238,899,2,Bachhrawan (NP) - Ward No.2
249238,900,3,Bachhrawan (NP) - Ward No.3
249238,901,4,Bachhrawan (NP) - Ward No.4
249238,902,5,Bachhrawan (NP) - Ward No.5
249238,903,6,Bachhrawan (NP) - Ward No.6
249238,904,7,Bachhrawan (NP) - Ward No.7
249238,905,8,Bachhrawan (NP) - Ward No.8
249238,906,9,Bachhrawan (NP) - Ward No.9
249239,908,1,Maharajganj (NP) - Ward No.1
249239,917,10,Maharajganj (NP) - Ward No.10
249239,909,2,Maharajganj (NP) - Ward No.2
249239,910,3,Maharajganj (NP) - Ward No.3
249239,911,4,Maharajganj (NP) - Ward No.4
249239,912,5,Maharajganj (NP) - Ward No.5
249239,913,6,Maharajganj (NP) - Ward No.6
249239,914,7,Maharajganj (NP) - Ward No.7
249239,915,8,Maharajganj (NP) - Ward No.8
249239,916,9,Maharajganj (NP) - Ward No.9
249240,918,1,Jais (MB) - Ward No.1
249240,927,10,Jais (MB) - Ward No.10
249240,928,11,Jais (MB) - Ward No.11
249240,929,12,Jais (MB) - Ward No.12
249240,930,13,Jais (MB) - Ward No.13
249240,931,14,Jais (MB) - Ward No.14
249240,932,15,Jais (MB) - Ward No.15
249240,933,16,Jais (MB) - Ward No.16
249240,934,17,Jais (MB) - Ward No.17
249240,935,18,Jais (MB) - Ward No.18
249240,936,19,Jais (MB) - Ward No.19
249240,919,2,Jais (MB) - Ward No.2
249240,937,20,Jais (MB) - Ward No.20
249240,938,21,Jais (MB) - Ward No.21
249240,939,22,Jais (MB) - Ward No.22
249240,940,23,Jais (MB) - Ward No.23
249240,1028,24,Jais (MB) - Ward No.24
249240,1029,25,Jais (MB) - Ward No.25
249240,920,3,Jais (MB) - Ward No.3
249240,921,4,Jais (MB) - Ward No.4
249240,922,5,Jais (MB) - Ward No.5
249240,923,6,Jais (MB) - Ward No.6
249240,924,7,Jais (MB) - Ward No.7
249240,925,8,Jais (MB) - Ward No.8
249240,926,9,Jais (MB) - Ward No.9
249241,74818,1,Rae Bareli (MB) - Ward No.1
249241,74827,10,Rae Bareli (MB) - Ward No.10
249241,74828,11,Rae Bareli (MB) - Ward No.11
249241,74829,12,Rae Bareli (MB) - Ward No.12
249241,74830,13,Rae Bareli (MB) - Ward No.13
249241,74831,14,Rae Bareli (MB) - Ward No.14
249241,74832,15,Rae Bareli (MB) - Ward No.15
249241,74833,16,Rae Bareli (MB) - Ward No.16
249241,74834,17,Rae Bareli (MB) - Ward No.17
249241,74835,18,Rae Bareli (MB) - Ward No.18
249241,74836,19,Rae Bareli (MB) - Ward No.19
249241,74819,2,Rae Bareli (MB) - Ward No.2
249241,74837,20,Rae Bareli (MB) - Ward No.20
249241,74838,21,Rae Bareli (MB) - Ward No.21
249241,74839,22,Rae Bareli (MB) - Ward No.22
249241,74840,23,Rae Bareli (MB) - Ward No.23
249241,74841,24,Rae Bareli (MB) - Ward No.24
249241,74842,25,Rae Bareli (MB) - Ward No.25
249241,74843,26,Rae Bareli (MB) - Ward No.26
249241,3267250,27,Rae Bareli (MB) - Ward No.27
249241,3267251,28,Rae Bareli (MB) - Ward No.28
249241,3267252,29,Rae Bareli (MB) - Ward No.29
249241,74820,3,Rae Bareli (MB) - Ward No.3
249241,3267253,30,Rae Bareli (MB) - Ward No.30
249241,3267254,31,Rae Bareli (MB) - Ward No.31
249241,3267255,32,Rae Bareli (MB) - Ward No.32
249241,3267256,33,Rae Bareli (MB) - Ward No.33
249241,3267257,34,Rae Bareli (MB) - Ward No.34
249241,74821,4,Rae Bareli (MB) - Ward No.4
249241,74822,5,Rae Bareli (MB) - Ward No.5
249241,74823,6,Rae Bareli (MB) - Ward No.6
249241,74824,7,Rae Bareli (MB) - Ward No.7
249241,74825,8,Rae Bareli (MB) - Ward No.8
249241,74826,9,Rae Bareli (MB) - Ward No.9
249242,1030,1,Lalganj (NP) - Ward No.1
249242,1039,10,Lalganj (NP) - Ward No.10
249242,1040,11,Lalganj (NP) - Ward No.11
249242,1041,12,Lalganj (NP) - Ward No.12
249242,1031,2,Lalganj (NP) - Ward No.2
249242,1032,3,Lalganj (NP) - Ward No.3
249242,1033,4,Lalganj (NP) - Ward No.4
249242,1034,5,Lalganj (NP) - Ward No.5
249242,1035,6,Lalganj (NP) - Ward No.6
249242,1036,7,Lalganj (NP) - Ward No.7
249242,1037,8,Lalganj (NP) - Ward No.8
249242,1038,9,Lalganj (NP) - Ward No.9
249243,1042,1,Dalmau (NP) - Ward No.1
249243,1051,10,Dalmau (NP) - Ward No.10
249243,1043,2,Dalmau (NP) - Ward No.2
249243,1044,3,Dalmau (NP) - Ward No.3
249243,1045,4,Dalmau (NP) - Ward No.4
249243,1046,5,Dalmau (NP) - Ward No.5
249243,1047,6,Dalmau (NP) - Ward No.6
249243,1048,7,Dalmau (NP) - Ward No.7
249243,1049,8,Dalmau (NP) - Ward No.8
249243,1050,9,Dalmau (NP) - Ward No.9
249244,1052,1,Unchahar (NP) - Ward No.1
249244,1061,10,Unchahar (NP) - Ward No.10
249244,1053,2,Unchahar (NP) - Ward No.2
249244,1054,3,Unchahar (NP) - Ward No.3
249244,1055,4,Unchahar (NP) - Ward No.4
249244,1056,5,Unchahar (NP) - Ward No.5
249244,1057,6,Unchahar (NP) - Ward No.6
249244,1058,7,Unchahar (NP) - Ward No.7
249244,1059,8,Unchahar (NP) - Ward No.8
249244,1060,9,Unchahar (NP) - Ward No.9
249245,1062,1,Parsadepur (NP) - Ward No.1
249245,1071,10,Parsadepur (NP) - Ward No.10
249245,1063,2,Parsadepur (NP) - Ward No.2
249245,1064,3,Parsadepur (NP) - Ward No.3
249245,1065,4,Parsadepur (NP) - Ward No.4
249245,1066,5,Parsadepur (NP) - Ward No.5
249245,1067,6,Parsadepur (NP) - Ward No.6
249245,1068,7,Parsadepur (NP) - Ward No.7
249245,1069,8,Parsadepur (NP) - Ward No.8
249245,1070,9,Parsadepur (NP) - Ward No.9
249246,74844,1,Salon (NP) - Ward No.1
249246,74853,10,Salon (NP) - Ward No.10
249246,74854,11,Salon (NP) - Ward No.11
249246,74845,2,Salon (NP) - Ward No.2
249246,74846,3,Salon (NP) - Ward No.3
249246,74847,4,Salon (NP) - Ward No.4
249246,74848,5,Salon (NP) - Ward No.5
249246,74849,6,Salon (NP) - Ward No.6
249246,74850,7,Salon (NP) - Ward No.7
249246,74851,8,Salon (NP) - Ward No.8
249246,74852,9,Salon (NP) - Ward No.9
249247,1072,1,Kampil (NP) - Ward No.1
249247,1081,10,Kampil (NP) - Ward No.10
249247,1073,2,Kampil (NP) - Ward No.2
249247,1074,3,Kampil (NP) - Ward No.3
249247,1075,4,Kampil (NP) - Ward No.4
249247,1076,5,Kampil (NP) - Ward No.5
249247,1077,6,Kampil (NP) - Ward No.6
249247,1078,7,Kampil (NP) - Ward No.7
249247,1079,8,Kampil (NP) - Ward No.8
249247,1080,9,Kampil (NP) - Ward No.9
249248,1082,1,Kaimganj (MB) - Ward No.1
249248,1091,10,Kaimganj (MB) - Ward No.10
249248,1092,11,Kaimganj (MB) - Ward No.11
249248,1093,12,Kaimganj (MB) - Ward No.12
249248,1094,13,Kaimganj (MB) - Ward No.13
249248,1095,14,Kaimganj (MB) - Ward No.14
249248,1096,15,Kaimganj (MB) - Ward No.15
249248,1097,16,Kaimganj (MB) - Ward No.16
249248,1098,17,Kaimganj (MB) - Ward No.17
249248,1099,18,Kaimganj (MB) - Ward No.18
249248,1100,19,Kaimganj (MB) - Ward No.19
249248,1083,2,Kaimganj (MB) - Ward No.2
249248,1101,20,Kaimganj (MB) - Ward No.20
249248,1102,21,Kaimganj (MB) - Ward No.21
249248,1103,22,Kaimganj (MB) - Ward No.22
249248,1104,23,Kaimganj (MB) - Ward No.23
249248,1105,24,Kaimganj (MB) - Ward No.24
249248,1106,25,Kaimganj (MB) - Ward No.25
249248,1084,3,Kaimganj (MB) - Ward No.3
249248,1085,4,Kaimganj (MB) - Ward No.4
249248,1086,5,Kaimganj (MB) - Ward No.5
249248,1087,6,Kaimganj (MB) - Ward No.6
249248,1088,7,Kaimganj (MB) - Ward No.7
249248,1089,8,Kaimganj (MB) - Ward No.8
249248,1090,9,Kaimganj (MB) - Ward No.9
249250,1122,1,Farrukhabad-cum-Fatehgarh (MB) - Ward No.1
249250,655,10,Farrukhabad-cum-Fatehgarh (MB) - Ward No.10
249250,656,11,Farrukhabad-cum-Fatehgarh (MB) - Ward No.11
249250,657,12,Farrukhabad-cum-Fatehgarh (MB) - Ward No.12
249250,658,13,Farrukhabad-cum-Fatehgarh (MB) - Ward No.13
249250,659,14,Farrukhabad-cum-Fatehgarh (MB) - Ward No.14
249250,660,15,Farrukhabad-cum-Fatehgarh (MB) - Ward No.15
249250,661,16,Farrukhabad-cum-Fatehgarh (MB) - Ward No.16
249250,662,17,Farrukhabad-cum-Fatehgarh (MB) - Ward No.17
249250,663,18,Farrukhabad-cum-Fatehgarh (MB) - Ward No.18
249250,664,19,Farrukhabad-cum-Fatehgarh (MB) - Ward No.19
249250,647,2,Farrukhabad-cum-Fatehgarh (MB) - Ward No.2
249250,665,20,Farrukhabad-cum-Fatehgarh (MB) - Ward No.20
249250,666,21,Farrukhabad-cum-Fatehgarh (MB) - Ward No.21
249250,941,22,Farrukhabad-cum-Fatehgarh (MB) - Ward No.22
249250,942,23,Farrukhabad-cum-Fatehgarh (MB) - Ward No.23
249250,943,24,Farrukhabad-cum-Fatehgarh (MB) - Ward No.24
249250,944,25,Farrukhabad-cum-Fatehgarh (MB) - Ward No.25
249250,945,26,Farrukhabad-cum-Fatehgarh (MB) - Ward No.26
249250,946,27,Farrukhabad-cum-Fatehgarh (MB) - Ward No.27
249250,947,28,Farrukhabad-cum-Fatehgarh (MB) - Ward No.28
249250,948,29,Farrukhabad-cum-Fatehgarh (MB) - Ward No.29
249250,648,3,Farrukhabad-cum-Fatehgarh (MB) - Ward No.3
249250,649,4,Farrukhabad-cum-Fatehgarh (MB) - Ward No.4
249250,650,5,Farrukhabad-cum-Fatehgarh (MB) - Ward No.5
249250,651,6,Farrukhabad-cum-Fatehgarh (MB) - Ward No.6
249250,652,7,Farrukhabad-cum-Fatehgarh (MB) - Ward No.7
249250,653,8,Farrukhabad-cum-Fatehgarh (MB) - Ward No.8
249250,654,9,Farrukhabad-cum-Fatehgarh (MB) - Ward No.9
249251,69132,1,Mohammadabad (NP) - Ward No.1
249251,75169,10,Mohammadabad (NP) - Ward No.10
249251,75170,11,Mohammadabad (NP) - Ward No.11
249251,75171,12,Mohammadabad (NP) - Ward No.12
249251,75172,13,Mohammadabad (NP) - Ward No.13
249251,75173,14,Mohammadabad (NP) - Ward No.14
249251,69133,2,Mohammadabad (NP) - Ward No.2
249251,69134,3,Mohammadabad (NP) - Ward No.3
249251,69135,4,Mohammadabad (NP) - Ward No.4
249251,69136,5,Mohammadabad (NP) - Ward No.5
249251,69137,6,Mohammadabad (NP) - Ward No.6
249251,69138,7,Mohammadabad (NP) - Ward No.7
249251,69139,8,Mohammadabad (NP) - Ward No.8
249251,69140,9,Mohammadabad (NP) - Ward No.9
249252,3437,1,Kamalganj (NP) - Ward No.1
249252,3446,10,Kamalganj (NP) - Ward No.10
249252,3447,11,Kamalganj (NP) - Ward No.11
249252,3438,2,Kamalganj (NP) - Ward No.2
249252,3439,3,Kamalganj (NP) - Ward No.3
249252,3440,4,Kamalganj (NP) - Ward No.4
249252,3441,5,Kamalganj (NP) - Ward No.5
249252,3442,6,Kamalganj (NP) - Ward No.6
249252,3443,7,Kamalganj (NP) - Ward No.7
249252,3444,8,Kamalganj (NP) - Ward No.8
249252,3445,9,Kamalganj (NP) - Ward No.9
249253,3448,1,Samdhan (NP) - KADARKHA NAGAR
249253,3457,10,Samdhan (NP) - GARDABAD
249253,3458,11,Samdhan (NP) - DARASARIA
249253,3459,12,Samdhan (NP) - ALMA IQBALNAGAR
249253,3460,13,Samdhan (NP) - SHIKANDARNAGAR
249253,3461,14,Samdhan (NP) - LOHIANAGAR
249253,3462,15,Samdhan (NP) - ISLAMNAGAR
249253,3463,16,Samdhan (NP) - GARRINAVADA
249253,3449,2,Samdhan (NP) - SANTINAGAR
249253,3450,3,Samdhan (NP) - GANDHINAGAR
249253,3451,4,Samdhan (NP) - NEHURENAGAR
249253,3452,5,Samdhan (NP) - KIDWAINAGAR
249253,3453,6,Samdhan (NP) - RAMNAGAR
249253,3454,7,Samdhan (NP) - SAIDWARA
249253,3455,8,Samdhan (NP) - AZADNAGAR
249253,3456,9,Samdhan (NP) - ASFAKULLHANAGAR
249254,75174,1,Gursahaiganj (MB) - KABIRNAGAR
249254,75183,10,Gursahaiganj (MB) - SUBEDARNAGAR
249254,75184,11,Gursahaiganj (MB) - HARSHNAGAR
249254,75185,12,Gursahaiganj (MB) - SAROJININAGAR
249254,75186,13,Gursahaiganj (MB) - RAJEEVNAGAR
249254,75187,14,Gursahaiganj (MB) - MAHVEERNAGAR
249254,75188,15,Gursahaiganj (MB) - KRISHNANAGAR
249254,75189,16,Gursahaiganj (MB) - JAKIRHUSSAINNAGAR
249254,75190,17,Gursahaiganj (MB) - HAMEEDNAGAR
249254,75191,18,Gursahaiganj (MB) - MEERABAINAGAR
249254,75192,19,Gursahaiganj (MB) - RANAPRATAPNAGAR
249254,75175,2,Gursahaiganj (MB) - AVANTIBAINAGAR
249254,75193,20,Gursahaiganj (MB) - ABDULKALAMAZADNAGAR
249254,75194,21,Gursahaiganj (MB) - GAUTAMBUDHNAGAR
249254,75195,22,Gursahaiganj (MB) - SULTANALAMNAGAR
249254,75196,23,Gursahaiganj (MB) - SEMANTNAGAR
249254,75197,24,Gursahaiganj (MB) - SHIVAJINAGAR
249254,75198,25,Gursahaiganj (MB) - BAGATSINGHNAGAR
249254,75176,3,Gursahaiganj (MB) - RAJENDRANAGAR
249254,75177,4,Gursahaiganj (MB) - AMBEDKARNAGAR
249254,75178,5,Gursahaiganj (MB) - BALMIKINAGAR
249254,75179,6,Gursahaiganj (MB) - PATIALNAGAR
249254,75180,7,Gursahaiganj (MB) - LAXMIBAINAGAR
249254,75181,8,Gursahaiganj (MB) - SANJAYNAGAR
249254,75182,9,Gursahaiganj (MB) - NEHURENAGAR
249255,3464,1,Sikanderpur (NP) - AMEDKARNAGAR
249255,3473,10,Sikanderpur (NP) - BAGATSINGH NAGAR
249255,3465,2,Sikanderpur (NP) - SUBASHNAGAR
249255,3466,3,Sikanderpur (NP) - SASTRINAGAR
249255,3467,4,Sikanderpur (NP) - NEHURENAGAR
249255,3468,5,Sikanderpur (NP) - GANDHINAGAR
249255,3469,6,Sikanderpur (NP) - MALVIANAGAR
249255,3470,7,Sikanderpur (NP) - AZADNAGAR
249255,3471,8,Sikanderpur (NP) - LOHIANAGAR
249255,3472,9,Sikanderpur (NP) - INDRANAGAR
249256,3474,1,Chhibramau (MB) - AMEDKARNAGAR
249256,3483,10,Chhibramau (MB) - ADRASNAGAR
249256,3484,11,Chhibramau (MB) - INDRANAGAR
249256,3485,12,Chhibramau (MB) - SASTRINAGAR
249256,3486,13,Chhibramau (MB) - HARSHNAGAR
249256,3487,14,Chhibramau (MB) - SUBHASHNAGAR
249256,3488,15,Chhibramau (MB) - LOHIANAGAR
249256,3489,16,Chhibramau (MB) - SWAROOPNAGAR
249256,3490,17,Chhibramau (MB) - GOVINDNAGAR
249256,3491,18,Chhibramau (MB) - TILAKNAGAR
249256,3492,19,Chhibramau (MB) - SAROJININAGAR
249256,3475,2,Chhibramau (MB) - PATAILNAGAR
249256,3493,20,Chhibramau (MB) - RAJENDRANAGAR
249256,3494,21,Chhibramau (MB) - ASHOKNAGAR
249256,3495,22,Chhibramau (MB) - AZADNAGAR
249256,3496,23,Chhibramau (MB) - CHANDRASHEKHARNAGAR
249256,3497,24,Chhibramau (MB) - PANTNAGAR
249256,3498,25,Chhibramau (MB) - KRISHNANAGAR
249256,3476,3,Chhibramau (MB) - ARYANAGAR
249256,3477,4,Chhibramau (MB) - SANJAYNAGAR
249256,3478,5,Chhibramau (MB) - TAUGORNAGAR
249256,3479,6,Chhibramau (MB) - GANDHINAGAR
249256,3480,7,Chhibramau (MB) - JAWHARNAGAR
249256,3481,8,Chhibramau (MB) - MALVEENAGAR
249256,3482,9,Chhibramau (MB) - NEHURENAGAR
249257,75199,1,Saurikh (NP) - SANJAYNAGAR
249257,75208,10,Saurikh (NP) - AZADNAGAR
249257,70722,11,Saurikh (NP) - NEHRUNAGAR
249257,75200,2,Saurikh (NP) - AMBEDKARNAGAR
249257,75201,3,Saurikh (NP) - INDRANAGAR
249257,75202,4,Saurikh (NP) - LOHIANAGAR
249257,75203,5,Saurikh (NP) - SUBAHNAGAR
249257,75204,6,Saurikh (NP) - SADAR BAZAR
249257,75205,7,Saurikh (NP) - KIDWAINAGAR
249257,75206,8,Saurikh (NP) - GANDHINAGAR
249257,75207,9,Saurikh (NP) - SAROJININAGAR
249258,3499,1,Talgram (NP) - HARSHNAGAR
249258,3508,10,Talgram (NP) - IQBALNAGAR
249258,3500,2,Talgram (NP) - SHIVAJINAGAR
249258,3501,3,Talgram (NP) - INDRANAGAR
249258,3502,4,Talgram (NP) - KIDWAINAGAR
249258,3503,5,Talgram (NP) - LAXMINAGAR
249258,3504,6,Talgram (NP) - JAWHARNAGAR
249258,3505,7,Talgram (NP) - SASTRINAGAR
249258,3506,8,Talgram (NP) - MAHVEERNAGAR
249258,3507,9,Talgram (NP) - HAMEEDNAGAR
249259,3509,1,Kannauj (MB) - MAHTMAGANDHI
249259,3518,10,Kannauj (MB) - CHANDRA SEKHAR AZAD
249259,3519,11,Kannauj (MB) - RANI AHILIYABAI
249259,3520,12,Kannauj (MB) - JAWHARLAL NEHURE
249259,3521,13,Kannauj (MB) - INDRA GANDHI
249259,3522,14,Kannauj (MB) - DR. RAJENDRA PRASHAD
249259,3523,15,Kannauj (MB) - RAVINDRA NATH TAGORE
249259,3524,16,Kannauj (MB) - MAULANA ABDUL KALAMAZAD
249259,3525,17,Kannauj (MB) - LALBAHDUR SASTRI
249259,3526,18,Kannauj (MB) - BABU JAIPRAKASH NARIYAN
249259,3527,19,Kannauj (MB) - SANT KABIR
249259,3510,2,Kannauj (MB) - RAMMANOHAR LOHIA
249259,3528,20,Kannauj (MB) - MAHARANI LAXMIBAI
249259,3529,21,Kannauj (MB) - SWAMI VIVAKANAND
249259,3530,22,Kannauj (MB) - NIRALA
249259,3531,23,Kannauj (MB) - MAHARANA PRATAP
249259,3532,24,Kannauj (MB) - VEER ABDUL HAMEED
249259,3533,25,Kannauj (MB) - MIRZA GALIB
249259,3511,3,Kannauj (MB) - SANTKAVI JAAISI
249259,3512,4,Kannauj (MB) - DR. BHIMRAO AMBEDKAR
249259,3513,5,Kannauj (MB) - BHATENDRA HARISH CHANDRA
249259,3514,6,Kannauj (MB) - MAHADEVI VERMA
249259,3515,7,Kannauj (MB) - MAHVEER
249259,3516,8,Kannauj (MB) - JAISHANKER PRASHAD
249259,3517,9,Kannauj (MB) - AKBAR
249260,3534,1,Tirwaganj (NP) - AMBEDKARNAGAR
249260,3543,10,Tirwaganj (NP) - RANIAWANTI BAI NAGAR
249260,3544,11,Tirwaganj (NP) - SUBASHNAGAR
249260,3545,12,Tirwaganj (NP) - AZADNAGAR
249260,3546,13,Tirwaganj (NP) - SASTRINAGAR
249260,2520,14,Tirwaganj (NP) - MANDIBAZAR
249260,2954,15,Tirwaganj (NP) - KALKANAGAR
249260,2952,15,Tirwaganj (NP) - KALKANAGAR
249260,2955,15,Tirwaganj (NP) - KALKANAGAR
249260,2953,15,Tirwaganj (NP) - KALKANAGAR
249260,3535,2,Tirwaganj (NP) - GANDHINAGAR
249260,3536,3,Tirwaganj (NP) - JAWAHARNAGAR
249260,3537,4,Tirwaganj (NP) - ASOKNAGAR
249260,3538,5,Tirwaganj (NP) - DURGANAGAR
249260,3539,6,Tirwaganj (NP) - LOHIANAGAR
249260,3540,7,Tirwaganj (NP) - INDRANAGAR
249260,3541,8,Tirwaganj (NP) - ANPURNANAGAR
249260,3542,9,Tirwaganj (NP) - BAUDHNAGAR
249261,75209,1,Jaswantnagar (MB) - Ward No.1
249261,75218,10,Jaswantnagar (MB) - Ward No.10
249261,75219,11,Jaswantnagar (MB) - Ward No.11
249261,75220,12,Jaswantnagar (MB) - Ward No.12
249261,75221,13,Jaswantnagar (MB) - Ward No.13
249261,75222,14,Jaswantnagar (MB) - Ward No.14
249261,75223,15,Jaswantnagar (MB) - Ward No.15
249261,75224,16,Jaswantnagar (MB) - Ward No.16
249261,75225,17,Jaswantnagar (MB) - Ward No.17
249261,75226,18,Jaswantnagar (MB) - Ward No.18
249261,75227,19,Jaswantnagar (MB) - Ward No.19
249261,75210,2,Jaswantnagar (MB) - Ward No.2
249261,75228,20,Jaswantnagar (MB) - Ward No.20
249261,75229,21,Jaswantnagar (MB) - Ward No.21
249261,75230,22,Jaswantnagar (MB) - Ward No.22
249261,75231,23,Jaswantnagar (MB) - Ward No.23
249261,75232,24,Jaswantnagar (MB) - Ward No.24
249261,75233,25,Jaswantnagar (MB) - Ward No.25
249261,75211,3,Jaswantnagar (MB) - Ward No.3
249261,75212,4,Jaswantnagar (MB) - Ward No.4
249261,75213,5,Jaswantnagar (MB) - Ward No.5
249261,75214,6,Jaswantnagar (MB) - Ward No.6
249261,75215,7,Jaswantnagar (MB) - Ward No.7
249261,75216,8,Jaswantnagar (MB) - Ward No.8
249261,75217,9,Jaswantnagar (MB) - Ward No.9
249262,3547,1,Etawah (MB) - Ward No.1
249262,3556,10,Etawah (MB) - Ward No.10
249262,3557,11,Etawah (MB) - Ward No.11
249262,3558,12,Etawah (MB) - Ward No.12
249262,3559,13,Etawah (MB) - Ward No.13
249262,3560,14,Etawah (MB) - Ward No.14
249262,3561,15,Etawah (MB) - Ward No.15
249262,3562,16,Etawah (MB) - Ward No.16
249262,3563,17,Etawah (MB) - Ward No.17
249262,3564,18,Etawah (MB) - Ward No.18
249262,3565,19,Etawah (MB) - Ward No.19
249262,3548,2,Etawah (MB) - Ward No.2
249262,3566,20,Etawah (MB) - Ward No.20
249262,3567,21,Etawah (MB) - Ward No.21
249262,3568,22,Etawah (MB) - Ward No.22
249262,3569,23,Etawah (MB) - Ward No.23
249262,3570,24,Etawah (MB) - Ward No.24
249262,3571,25,Etawah (MB) - Ward No.25
249262,3572,26,Etawah (MB) - Ward No.26
249262,3573,27,Etawah (MB) - Ward No.27
249262,3549,3,Etawah (MB) - Ward No.3
249262,3550,4,Etawah (MB) - Ward No.4
249262,3551,5,Etawah (MB) - Ward No.5
249262,3552,6,Etawah (MB) - Ward No.6
249262,3553,7,Etawah (MB) - Ward No.7
249262,3554,8,Etawah (MB) - Ward No.8
249262,3555,9,Etawah (MB) - Ward No.9
249263,3574,1,Ekdil (NP) - Ward No.1
249263,3583,10,Ekdil (NP) - Ward No.10
249263,3575,2,Ekdil (NP) - Ward No.2
249263,3576,3,Ekdil (NP) - Ward No.3
249263,3577,4,Ekdil (NP) - Ward No.4
249263,3578,5,Ekdil (NP) - Ward No.5
249263,3579,6,Ekdil (NP) - Ward No.6
249263,3580,7,Ekdil (NP) - Ward No.7
249263,3581,8,Ekdil (NP) - Ward No.8
249263,3582,9,Ekdil (NP) - Ward No.9
249264,3584,1,Bharthana (MB) - Ward No.1
249264,3593,10,Bharthana (MB) - Ward No.10
249264,3594,11,Bharthana (MB) - Ward No.11
249264,3595,12,Bharthana (MB) - Ward No.12
249264,3596,13,Bharthana (MB) - Ward No.13
249264,3597,14,Bharthana (MB) - Ward No.14
249264,3598,15,Bharthana (MB) - Ward No.15
249264,3599,16,Bharthana (MB) - Ward No.16
249264,3600,17,Bharthana (MB) - Ward No.17
249264,3601,18,Bharthana (MB) - Ward No.18
249264,3602,19,Bharthana (MB) - Ward No.19
249264,3585,2,Bharthana (MB) - Ward No.2
249264,3603,20,Bharthana (MB) - Ward No.20
249264,3604,21,Bharthana (MB) - Ward No.21
249264,3605,22,Bharthana (MB) - Ward No.22
249264,3606,23,Bharthana (MB) - Ward No.23
249264,3607,24,Bharthana (MB) - Ward No.24
249264,3608,25,Bharthana (MB) - Ward No.25
249264,3586,3,Bharthana (MB) - Ward No.3
249264,3587,4,Bharthana (MB) - Ward No.4
249264,3588,5,Bharthana (MB) - Ward No.5
249264,3589,6,Bharthana (MB) - Ward No.6
249264,3590,7,Bharthana (MB) - Ward No.7
249264,3591,8,Bharthana (MB) - Ward No.8
249264,3592,9,Bharthana (MB) - Ward No.9
249265,3609,1,Bakewar (NP) - Ward No.1
249265,4773,10,Bakewar (NP) - Ward No.10
249265,4774,11,Bakewar (NP) - Ward No.11
249265,3610,2,Bakewar (NP) - Ward No.2
249265,3611,3,Bakewar (NP) - Ward No.3
249265,3612,4,Bakewar (NP) - Ward No.4
249265,3613,5,Bakewar (NP) - Ward No.5
249265,4769,6,Bakewar (NP) - Ward No.6
249265,4770,7,Bakewar (NP) - Ward No.7
249265,4771,8,Bakewar (NP) - Ward No.8
249265,4772,9,Bakewar (NP) - Ward No.9
249266,75234,1,Lakhna (NP) - Ward No.1
249266,75243,10,Lakhna (NP) - Ward No.10
249266,75235,2,Lakhna (NP) - Ward No.2
249266,75236,3,Lakhna (NP) - Ward No.3
249266,75237,4,Lakhna (NP) - Ward No.4
249266,75238,5,Lakhna (NP) - Ward No.5
249266,75239,6,Lakhna (NP) - Ward No.6
249266,75240,7,Lakhna (NP) - Ward No.7
249266,75241,8,Lakhna (NP) - Ward No.8
249266,75242,9,Lakhna (NP) - Ward No.9
249267,4775,1,Bidhuna (NP) - Ward No.1
249267,4784,10,Bidhuna (NP) - Ward No.10
249267,4785,11,Bidhuna (NP) - Ward No.11
249267,4786,12,Bidhuna (NP) - Ward No.12
249267,4787,13,Bidhuna (NP) - Ward No.13
249267,4788,14,Bidhuna (NP) - Ward No.14
249267,4789,15,Bidhuna (NP) - Ward No.15
249267,4776,2,Bidhuna (NP) - Ward No.2
249267,4777,3,Bidhuna (NP) - Ward No.3
249267,4778,4,Bidhuna (NP) - Ward No.4
249267,4779,5,Bidhuna (NP) - Ward No.5
249267,4780,6,Bidhuna (NP) - Ward No.6
249267,4781,7,Bidhuna (NP) - Ward No.7
249267,4782,8,Bidhuna (NP) - Ward No.8
249267,4783,9,Bidhuna (NP) - Ward No.9
249268,75244,1,Achhalda (NP) - Ward No.1
249268,75253,10,Achhalda (NP) - Ward No.10
249268,75245,2,Achhalda (NP) - Ward No.2
249268,75246,3,Achhalda (NP) - Ward No.3
249268,75247,4,Achhalda (NP) - Ward No.4
249268,75248,5,Achhalda (NP) - Ward No.5
249268,75249,6,Achhalda (NP) - Ward No.6
249268,75250,7,Achhalda (NP) - Ward No.7
249268,75251,8,Achhalda (NP) - Ward No.8
249268,75252,9,Achhalda (NP) - Ward No.9
249269,4790,1,Babarpur Ajitmal (NP) - Ward No.1
249269,4799,10,Babarpur Ajitmal (NP) - Ward No.10
249269,4800,11,Babarpur Ajitmal (NP) - Ward No.11
249269,4801,12,Babarpur Ajitmal (NP) - Ward No.12
249269,4802,13,Babarpur Ajitmal (NP) - Ward No.13
249269,4803,14,Babarpur Ajitmal (NP) - Ward No.14
249269,4804,15,Babarpur Ajitmal (NP) - Ward No.15
249269,4791,2,Babarpur Ajitmal (NP) - Ward No.2
249269,4792,3,Babarpur Ajitmal (NP) - Ward No.3
249269,4793,4,Babarpur Ajitmal (NP) - Ward No.4
249269,4794,5,Babarpur Ajitmal (NP) - Ward No.5
249269,4795,6,Babarpur Ajitmal (NP) - Ward No.6
249269,4796,7,Babarpur Ajitmal (NP) - Ward No.7
249269,4797,8,Babarpur Ajitmal (NP) - Ward No.8
249269,4798,9,Babarpur Ajitmal (NP) - Ward No.9
249270,4805,1,Atasu (NP) - Ward No.1
249270,4814,10,Atasu (NP) - Ward No.10
249270,4806,2,Atasu (NP) - Ward No.2
249270,4807,3,Atasu (NP) - Ward No.3
249270,4808,4,Atasu (NP) - Ward No.4
249270,4809,5,Atasu (NP) - Ward No.5
249270,4810,6,Atasu (NP) - Ward No.6
249270,4811,7,Atasu (NP) - Ward No.7
249270,4812,8,Atasu (NP) - Ward No.8
249270,4813,9,Atasu (NP) - Ward No.9
249271,4815,1,Phaphund (NP) - Ward No 1
249271,4824,10,Phaphund (NP) - Ward No 10
249271,4825,11,Phaphund (NP) - Ward No 11
249271,4826,12,Phaphund (NP) - Ward No12
249271,3200261,13,Phaphund (NP) - Ward No.13
249271,4816,2,Phaphund (NP) - Ward No 2
249271,4817,3,Phaphund (NP) - Ward No 3
249271,4818,4,Phaphund (NP) - Ward No 4
249271,4819,5,Phaphund (NP) - Ward No 5
249271,4820,6,Phaphund (NP) - Ward No 6
249271,4821,7,Phaphund (NP) - Ward No 7
249271,4822,8,Phaphund (NP) - Ward No 8
249271,4823,9,Phaphund (NP) - Ward No 9
249272,4827,1,Dibiyapur (NP) - Ward No.1
249272,4836,10,Dibiyapur (NP) - Ward No.10
249272,4837,11,Dibiyapur (NP) - Ward No.11
249272,4838,12,Dibiyapur (NP) - Ward No.12
249272,4828,2,Dibiyapur (NP) - Ward No.2
249272,4829,3,Dibiyapur (NP) - Ward No.3
249272,4830,4,Dibiyapur (NP) - Ward No.4
249272,4831,5,Dibiyapur (NP) - Ward No.5
249272,4832,6,Dibiyapur (NP) - Ward No.6
249272,4833,7,Dibiyapur (NP) - Ward No.7
249272,4834,8,Dibiyapur (NP) - Ward No.8
249272,4835,9,Dibiyapur (NP) - Ward No.9
249273,4839,1,Auraiya (MB) - Ward No.1
249273,4848,10,Auraiya (MB) - Ward No.10
249273,4849,11,Auraiya (MB) - Ward No.11
249273,4850,12,Auraiya (MB) - Ward No.12
249273,4851,13,Auraiya (MB) - Ward No.13
249273,4852,14,Auraiya (MB) - Ward No.14
249273,4853,15,Auraiya (MB) - Ward No.15
249273,4854,16,Auraiya (MB) - Ward No.16
249273,4855,17,Auraiya (MB) - Ward No.17
249273,4856,18,Auraiya (MB) - Ward No.18
249273,4857,19,Auraiya (MB) - Ward No.19
249273,4840,2,Auraiya (MB) - Ward No.2
249273,4858,20,Auraiya (MB) - Ward No.20
249273,4859,21,Auraiya (MB) - Ward No.21
249273,4860,22,Auraiya (MB) - Ward No.22
249273,4861,23,Auraiya (MB) - Ward No.23
249273,4862,24,Auraiya (MB) - Ward No.24
249273,4955,25,Auraiya (MB) - Ward No.25
249273,4841,3,Auraiya (MB) - Ward No.3
249273,4842,4,Auraiya (MB) - Ward No.4
249273,4843,5,Auraiya (MB) - Ward No.5
249273,4844,6,Auraiya (MB) - Ward No.6
249273,4845,7,Auraiya (MB) - Ward No.7
249273,4846,8,Auraiya (MB) - Ward No.8
249273,4847,9,Auraiya (MB) - Ward No.9
249275,75254,1,Shivli (NP) - Ward No.1
249275,75263,10,Shivli (NP) - Ward No.10
249275,75255,2,Shivli (NP) - Ward No.2
249275,75256,3,Shivli (NP) - Ward No.3
249275,75257,4,Shivli (NP) - Ward No.4
249275,75258,5,Shivli (NP) - Ward No.5
249275,75259,6,Shivli (NP) - Ward No.6
249275,75260,7,Shivli (NP) - Ward No.7
249275,75261,8,Shivli (NP) - Ward No.8
249275,75262,9,Shivli (NP) - Ward No.9
249276,4968,1,Rura (NP) - Ward No.1
249276,4977,10,Rura (NP) - Ward No.10
249276,4978,11,Rura (NP) - Ward No.11
249276,4969,2,Rura (NP) - Ward No.2
249276,4970,3,Rura (NP) - Ward No.3
249276,4971,4,Rura (NP) - Ward No.4
249276,4972,5,Rura (NP) - Ward No.5
249276,4973,6,Rura (NP) - Ward No.6
249276,4974,7,Rura (NP) - Ward No.7
249276,4975,8,Rura (NP) - Ward No.8
249276,4976,9,Rura (NP) - Ward No.9
249277,4979,1,Akbarpur (NP) - Ward No.1
249277,4988,10,Akbarpur (NP) - Ward No.10
249277,4989,11,Akbarpur (NP) - Ward No.11
249277,4990,12,Akbarpur (NP) - Ward No.12
249277,4980,2,Akbarpur (NP) - Ward No.2
249277,4981,3,Akbarpur (NP) - Ward No.3
249277,4982,4,Akbarpur (NP) - Ward No.4
249277,4983,5,Akbarpur (NP) - Ward No.5
249277,4984,6,Akbarpur (NP) - Ward No.6
249277,4985,7,Akbarpur (NP) - Ward No.7
249277,4986,8,Akbarpur (NP) - Ward No.8
249277,4987,9,Akbarpur (NP) - Ward No.9
249279,5001,1,Pukhrayan (MB) - Ward No.1
249279,5010,10,Pukhrayan (MB) - Ward No.10
249279,5011,11,Pukhrayan (MB) - Ward No.11
249279,5012,12,Pukhrayan (MB) - Ward No.12
249279,5013,13,Pukhrayan (MB) - Ward No.13
249279,5014,14,Pukhrayan (MB) - Ward No.14
249279,5015,15,Pukhrayan (MB) - Ward No.15
249279,5016,16,Pukhrayan (MB) - Ward No.16
249279,5017,17,Pukhrayan (MB) - Ward No.17
249279,5018,18,Pukhrayan (MB) - Ward No.18
249279,5019,19,Pukhrayan (MB) - Ward No.19
249279,5002,2,Pukhrayan (MB) - Ward No.2
249279,5020,20,Pukhrayan (MB) - Ward No.20
249279,5021,21,Pukhrayan (MB) - Ward No.21
249279,5022,22,Pukhrayan (MB) - Ward No.22
249279,5023,23,Pukhrayan (MB) - Ward No.23
249279,5024,24,Pukhrayan (MB) - Ward No.24
249279,5025,25,Pukhrayan (MB) - Ward No.25
249279,5003,3,Pukhrayan (MB) - Ward No.3
249279,5004,4,Pukhrayan (MB) - Ward No.4
249279,5005,5,Pukhrayan (MB) - Ward No.5
249279,5006,6,Pukhrayan (MB) - Ward No.6
249279,5007,7,Pukhrayan (MB) - Ward No.7
249279,5008,8,Pukhrayan (MB) - Ward No.8
249279,5009,9,Pukhrayan (MB) - Ward No.9
249282,75265,1,Bilhaur (MB) - Ward No.1
249282,75274,10,Bilhaur (MB) - Ward No.10
249282,75275,11,Bilhaur (MB) - Ward No.11
249282,75276,12,Bilhaur (MB) - Ward No.12
249282,75277,13,Bilhaur (MB) - Ward No.13
249282,75278,14,Bilhaur (MB) - Ward No.14
249282,75279,15,Bilhaur (MB) - Ward No.15
249282,75280,16,Bilhaur (MB) - Ward No.16
249282,75281,17,Bilhaur (MB) - Ward No.17
249282,75282,18,Bilhaur (MB) - Ward No.18
249282,75283,19,Bilhaur (MB) - Ward No.19
249282,75266,2,Bilhaur (MB) - Ward No.2
249282,75284,20,Bilhaur (MB) - Ward No.20
249282,75285,21,Bilhaur (MB) - Ward No.21
249282,75286,22,Bilhaur (MB) - Ward No.22
249282,75287,23,Bilhaur (MB) - Ward No.23
249282,75288,24,Bilhaur (MB) - Ward No.24
249282,75289,25,Bilhaur (MB) - Ward No.25
249282,75267,3,Bilhaur (MB) - Ward No.3
249282,75268,4,Bilhaur (MB) - Ward No.4
249282,75269,5,Bilhaur (MB) - Ward No.5
249282,75270,6,Bilhaur (MB) - Ward No.6
249282,75271,7,Bilhaur (MB) - Ward No.7
249282,75272,8,Bilhaur (MB) - Ward No.8
249282,75273,9,Bilhaur (MB) - Ward No.9
249283,75290,1,Shivrajpur (NP) - Ward No.1
249283,75299,10,Shivrajpur (NP) - Ward No.10
249283,75291,2,Shivrajpur (NP) - Ward No.2
249283,75292,3,Shivrajpur (NP) - Ward No.3
249283,75293,4,Shivrajpur (NP) - Ward No.4
249283,75294,5,Shivrajpur (NP) - Ward No.5
249283,75295,6,Shivrajpur (NP) - Ward No.6
249283,75296,7,Shivrajpur (NP) - Ward No.7
249283,75297,8,Shivrajpur (NP) - Ward No.8
249283,75298,9,Shivrajpur (NP) - Ward No.9
249285,5036,1,Bithoor (NP) - Ward No.1
249285,5045,10,Bithoor (NP) - Ward No.10
249285,5037,2,Bithoor (NP) - Ward No.2
249285,5038,3,Bithoor (NP) - Ward No.3
249285,5039,4,Bithoor (NP) - Ward No.4
249285,5040,5,Bithoor (NP) - Ward No.5
249285,5041,6,Bithoor (NP) - Ward No.6
249285,5042,7,Bithoor (NP) - Ward No.7
249285,5043,8,Bithoor (NP) - Ward No.8
249285,5044,9,Bithoor (NP) - Ward No.9
249286,5046,1,Kanpur (M Corp.) - Ward No.1
249286,5055,10,Kanpur (M Corp.) - Ward No.10
249286,5145,100,Kanpur (M Corp.) - Ward No.100
249286,5146,101,Kanpur (M Corp.) - Ward No.101
249286,5147,102,Kanpur (M Corp.) - Ward No.102
249286,5148,103,Kanpur (M Corp.) - Ward No.103
249286,5149,104,Kanpur (M Corp.) - Ward No.104
249286,5150,105,Kanpur (M Corp.) - Ward No.105
249286,5151,106,Kanpur (M Corp.) - Ward No.106
249286,5152,107,Kanpur (M Corp.) - Ward No.107
249286,5153,108,Kanpur (M Corp.) - Ward No.108
249286,5154,109,Kanpur (M Corp.) - Ward No.109
249286,5056,11,Kanpur (M Corp.) - Ward No.11
249286,5155,110,Kanpur (M Corp.) - Ward No.110
249286,5156,111,Central Railway Colony (OG) - Ward No.111
249286,5157,112,Rawatpur Station Yard (OG) - Ward No.112
249286,5057,12,Kanpur (M Corp.) - Ward No.12
249286,5058,13,Kanpur (M Corp.) - Ward No.13
249286,5059,14,Kanpur (M Corp.) - Ward No.14
249286,5060,15,Kanpur (M Corp.) - Ward No.15
249286,5061,16,Kanpur (M Corp.) - Ward No.16
249286,5062,17,Kanpur (M Corp.) - Ward No.17
249286,5063,18,Kanpur (M Corp.) - Ward No.18
249286,5064,19,Kanpur (M Corp.) - Ward No.19
249286,5047,2,Kanpur (M Corp.) - Ward No.2
249286,5065,20,Kanpur (M Corp.) - Ward No.20
249286,5066,21,Kanpur (M Corp.) - Ward No.21
249286,5067,22,Kanpur (M Corp.) - Ward No.22
249286,5068,23,Kanpur (M Corp.) - Ward No.23
249286,5069,24,Kanpur (M Corp.) - Ward No.24
249286,5070,25,Kanpur (M Corp.) - Ward No.25
249286,5071,26,Kanpur (M Corp.) - Ward No.26
249286,5072,27,Kanpur (M Corp.) - Ward No.27
249286,5073,28,Kanpur (M Corp.) - Ward No.28
249286,5074,29,Kanpur (M Corp.) - Ward No.29
249286,5048,3,Kanpur (M Corp.) - Ward No.3
249286,5075,30,Kanpur (M Corp.) - Ward No.30
249286,5076,31,Kanpur (M Corp.) - Ward No.31
249286,5077,32,Kanpur (M Corp.) - Ward No.32
249286,5078,33,Kanpur (M Corp.) - Ward No.33
249286,5079,34,Kanpur (M Corp.) - Ward No.34
249286,5080,35,Kanpur (M Corp.) - Ward No.35
249286,5081,36,Kanpur (M Corp.) - Ward No.36
249286,5082,37,Kanpur (M Corp.) - Ward No.37
249286,5083,38,Kanpur (M Corp.) - Ward No.38
249286,5084,39,Kanpur (M Corp.) - Ward No.39
249286,5049,4,Kanpur (M Corp.) - Ward No.4
249286,5085,40,Kanpur (M Corp.) - Ward No.40
249286,5086,41,Kanpur (M Corp.) - Ward No.41
249286,5087,42,Kanpur (M Corp.) - Ward No.42
249286,5088,43,Kanpur (M Corp.) - Ward No.43
249286,5089,44,Kanpur (M Corp.) - Ward No.44
249286,5090,45,Kanpur (M Corp.) - Ward No.45
249286,5091,46,Kanpur (M Corp.) - Ward No.46
249286,5092,47,Kanpur (M Corp.) - Ward No.47
249286,5093,48,Kanpur (M Corp.) - Ward No.48
249286,5094,49,Kanpur (M Corp.) - Ward No.49
249286,5050,5,Kanpur (M Corp.) - Ward No.5
249286,5095,50,Kanpur (M Corp.) - Ward No.50
249286,5096,51,Kanpur (M Corp.) - Ward No.51
249286,5097,52,Kanpur (M Corp.) - Ward No.52
249286,5098,53,Kanpur (M Corp.) - Ward No.53
249286,5099,54,Kanpur (M Corp.) - Ward No.54
249286,5100,55,Kanpur (M Corp.) - Ward No.55
249286,5101,56,Kanpur (M Corp.) - Ward No.56
249286,5102,57,Kanpur (M Corp.) - Ward No.57
249286,5103,58,Kanpur (M Corp.) - Ward No.58
249286,5104,59,Kanpur (M Corp.) - Ward No.59
249286,5051,6,Kanpur (M Corp.) - Ward No.6
249286,5105,60,Kanpur (M Corp.) - Ward No.60
249286,5106,61,Kanpur (M Corp.) - Ward No.61
249286,5107,62,Kanpur (M Corp.) - Ward No.62
249286,5108,63,Kanpur (M Corp.) - Ward No.63
249286,5109,64,Kanpur (M Corp.) - Ward No.64
249286,5110,65,Kanpur (M Corp.) - Ward No.65
249286,5111,66,Kanpur (M Corp.) - Ward No.66
249286,5112,67,Kanpur (M Corp.) - Ward No.67
249286,5113,68,Kanpur (M Corp.) - Ward No.68
249286,5114,69,Kanpur (M Corp.) - Ward No.69
249286,5052,7,Kanpur (M Corp.) - Ward No.7
249286,5115,70,Kanpur (M Corp.) - Ward No.70
249286,5116,71,Kanpur (M Corp.) - Ward No.71
249286,5117,72,Kanpur (M Corp.) - Ward No.72
249286,5118,73,Kanpur (M Corp.) - Ward No.73
249286,5119,74,Kanpur (M Corp.) - Ward No.74
249286,5120,75,Kanpur (M Corp.) - Ward No.75
249286,5121,76,Kanpur (M Corp.) - Ward No.76
249286,5122,77,Kanpur (M Corp.) - Ward No.77
249286,5123,78,Kanpur (M Corp.) - Ward No.78
249286,5124,79,Kanpur (M Corp.) - Ward No.79
249286,5053,8,Kanpur (M Corp.) - Ward No.8
249286,5125,80,Kanpur (M Corp.) - Ward No.80
249286,5126,81,Kanpur (M Corp.) - Ward No.81
249286,5127,82,Kanpur (M Corp.) - Ward No.82
249286,5128,83,Kanpur (M Corp.) - Ward No.83
249286,5129,84,Kanpur (M Corp.) - Ward No.84
249286,5130,85,Kanpur (M Corp.) - Ward No.85
249286,5131,86,Kanpur (M Corp.) - Ward No.86
249286,5132,87,Kanpur (M Corp.) - Ward No.87
249286,5133,88,Kanpur (M Corp.) - Ward No.88
249286,5134,89,Kanpur (M Corp.) - Ward No.89
249286,5054,9,Kanpur (M Corp.) - Ward No.9
249286,5135,90,Kanpur (M Corp.) - Ward No.90
249286,5136,91,Kanpur (M Corp.) - Ward No.91
249286,5137,92,Kanpur (M Corp.) - Ward No.92
249286,5138,93,Kanpur (M Corp.) - Ward No.93
249286,5139,94,Kanpur (M Corp.) - Ward No.94
249286,5140,95,Kanpur (M Corp.) - Ward No.95
249286,5141,96,Kanpur (M Corp.) - Ward No.96
249286,5142,97,Kanpur (M Corp.) - Ward No.97
249286,5143,98,Kanpur (M Corp.) - Ward No.98
249286,5144,99,Kanpur (M Corp.) - Ward No.99
249290,5159,1,Ghatampur (MB) - Ward No.1
249290,5168,10,Ghatampur (MB) - Ward No.10
249290,5169,11,Ghatampur (MB) - Ward No.11
249290,5170,12,Ghatampur (MB) - Ward No.12
249290,5171,13,Ghatampur (MB) - Ward No.13
249290,5172,14,Ghatampur (MB) - Ward No.14
249290,5173,15,Ghatampur (MB) - Ward No.15
249290,5174,16,Ghatampur (MB) - Ward No.16
249290,5175,17,Ghatampur (MB) - Ward No.17
249290,5176,18,Ghatampur (MB) - Ward No.18
249290,5177,19,Ghatampur (MB) - Ward No.19
249290,5160,2,Ghatampur (MB) - Ward No.2
249290,5178,20,Ghatampur (MB) - Ward No.20
249290,5179,21,Ghatampur (MB) - Ward No.21
249290,5180,22,Ghatampur (MB) - Ward No.22
249290,5181,23,Ghatampur (MB) - Ward No.23
249290,5182,24,Ghatampur (MB) - Ward No.24
249290,5183,25,Ghatampur (MB) - Ward No.25
249290,5161,3,Ghatampur (MB) - Ward No.3
249290,5162,4,Ghatampur (MB) - Ward No.4
249290,5163,5,Ghatampur (MB) - Ward No.5
249290,5164,6,Ghatampur (MB) - Ward No.6
249290,5165,7,Ghatampur (MB) - Ward No.7
249290,5166,8,Ghatampur (MB) - Ward No.8
249290,5167,9,Ghatampur (MB) - Ward No.9
249291,75303,1,Rampura (NP) - Ward No.1
249291,75312,10,Rampura (NP) - Ward No.10
249291,75304,2,Rampura (NP) - Ward No.2
249291,75305,3,Rampura (NP) - Ward No.3
249291,75306,4,Rampura (NP) - Ward No.4
249291,75307,5,Rampura (NP) - Ward No.5
249291,75308,6,Rampura (NP) - Ward No.6
249291,75309,7,Rampura (NP) - Ward No.7
249291,75310,8,Rampura (NP) - Ward No.8
249291,75311,9,Rampura (NP) - Ward No.9
249292,5184,1,Umri (NP) - Ward No.1
249292,5193,10,Umri (NP) - Ward No.10
249292,5185,2,Umri (NP) - Ward No.2
249292,5186,3,Umri (NP) - Ward No.3
249292,5187,4,Umri (NP) - Ward No.4
249292,5188,5,Umri (NP) - Ward No.5
249292,5189,6,Umri (NP) - Ward No.6
249292,5190,7,Umri (NP) - Ward No.7
249292,5191,8,Umri (NP) - Ward No.8
249292,5192,9,Umri (NP) - Ward No.9
249293,5194,1,Madhogarh (NP) - Ward No.1
249293,5203,10,Madhogarh (NP) - Ward No.10
249293,5195,2,Madhogarh (NP) - Ward No.2
249293,5196,3,Madhogarh (NP) - Ward No.3
249293,5197,4,Madhogarh (NP) - Ward No.4
249293,5198,5,Madhogarh (NP) - Ward No.5
249293,5199,6,Madhogarh (NP) - Ward No.6
249293,5200,7,Madhogarh (NP) - Ward No.7
249293,5201,8,Madhogarh (NP) - Ward No.8
249293,5202,9,Madhogarh (NP) - Ward No.9
249294,75313,1,Jalaun (MB) - Ward No.1
249294,75322,10,Jalaun (MB) - Ward No.10
249294,75323,11,Jalaun (MB) - Ward No.11
249294,75324,12,Jalaun (MB) - Ward No.12
249294,75325,13,Jalaun (MB) - Ward No.13
249294,75326,14,Jalaun (MB) - Ward No.14
249294,75327,15,Jalaun (MB) - Ward No.15
249294,75328,16,Jalaun (MB) - Ward No.16
249294,75329,17,Jalaun (MB) - Ward No.17
249294,75330,18,Jalaun (MB) - Ward No.18
249294,75331,19,Jalaun (MB) - Ward No.19
249294,75314,2,Jalaun (MB) - Ward No.2
249294,75332,20,Jalaun (MB) - Ward No.20
249294,75333,21,Jalaun (MB) - Ward No.21
249294,75334,22,Jalaun (MB) - Ward No.22
249294,75335,23,Jalaun (MB) - Ward No.23
249294,75336,24,Jalaun (MB) - Ward No.24
249294,75337,25,Jalaun (MB) - Ward No.25
249294,75315,3,Jalaun (MB) - Ward No.3
249294,75316,4,Jalaun (MB) - Ward No.4
249294,75317,5,Jalaun (MB) - Ward No.5
249294,75318,6,Jalaun (MB) - Ward No.6
249294,75319,7,Jalaun (MB) - Ward No.7
249294,75320,8,Jalaun (MB) - Ward No.8
249294,75321,9,Jalaun (MB) - Ward No.9
249295,5204,1,Kalpi (MB) - Ward No.1
249295,5213,10,Kalpi (MB) - Ward No.10
249295,5214,11,Kalpi (MB) - Ward No.11
249295,5215,12,Kalpi (MB) - Ward No.12
249295,5216,13,Kalpi (MB) - Ward No.13
249295,5217,14,Kalpi (MB) - Ward No.14
249295,5218,15,Kalpi (MB) - Ward No.15
249295,5219,16,Kalpi (MB) - Ward No.16
249295,5220,17,Kalpi (MB) - Ward No.17
249295,5221,18,Kalpi (MB) - Ward No.18
249295,5222,19,Kalpi (MB) - Ward No.19
249295,5205,2,Kalpi (MB) - Ward No.2
249295,5223,20,Kalpi (MB) - Ward No.20
249295,5224,21,Kalpi (MB) - Ward No.21
249295,5225,22,Kalpi (MB) - Ward No.22
249295,5226,23,Kalpi (MB) - Ward No.23
249295,5227,24,Kalpi (MB) - Ward No.24
249295,5228,25,Kalpi (MB) - Ward No.25
249295,5206,3,Kalpi (MB) - Ward No.3
249295,5207,4,Kalpi (MB) - Ward No.4
249295,5208,5,Kalpi (MB) - Ward No.5
249295,5209,6,Kalpi (MB) - Ward No.6
249295,5210,7,Kalpi (MB) - Ward No.7
249295,5211,8,Kalpi (MB) - Ward No.8
249295,5212,9,Kalpi (MB) - Ward No.9
249296,5229,1,Kadaura (NP) - Ward No.1
249296,5425,10,Kadaura (NP) - Ward No.10
249296,5426,11,Kadaura (NP) - Ward No.11
249296,5230,2,Kadaura (NP) - Ward No.2
249296,5231,3,Kadaura (NP) - Ward No.3
249296,5232,4,Kadaura (NP) - Ward No.4
249296,5420,5,Kadaura (NP) - Ward No.5
249296,5421,6,Kadaura (NP) - Ward No.6
249296,5422,7,Kadaura (NP) - Ward No.7
249296,5423,8,Kadaura (NP) - Ward No.8
249296,5424,9,Kadaura (NP) - Ward No.9
249297,75338,1,Orai (MB) - Ward No.1
249297,75347,10,Orai (MB) - Ward No.10
249297,75348,11,Orai (MB) - Ward No.11
249297,75349,12,Orai (MB) - Ward No.12
249297,75350,13,Orai (MB) - Ward No.13
249297,75351,14,Orai (MB) - Ward No.14
249297,75352,15,Orai (MB) - Ward No.15
249297,75353,16,Orai (MB) - Ward No.16
249297,75354,17,Orai (MB) - Ward No.17
249297,75355,18,Orai (MB) - Ward No.18
249297,75356,19,Orai (MB) - Ward No.19
249297,75339,2,Orai (MB) - Ward No.2
249297,75357,20,Orai (MB) - Ward No.20
249297,75358,21,Orai (MB) - Ward No.21
249297,75359,22,Orai (MB) - Ward No.22
249297,75360,23,Orai (MB) - Ward No.23
249297,75361,24,Orai (MB) - Ward No.24
249297,75362,25,Orai (MB) - Ward No.25
249297,75340,3,Orai (MB) - Ward No.3
249297,75341,4,Orai (MB) - Ward No.4
249297,75342,5,Orai (MB) - Ward No.5
249297,75343,6,Orai (MB) - Ward No.6
249297,75344,7,Orai (MB) - Ward No.7
249297,75345,8,Orai (MB) - Ward No.8
249297,75346,9,Orai (MB) - Ward No.9
249298,5427,1,Kotra (NP) - Ward No.1
249298,5436,10,Kotra (NP) - Ward No.10
249298,5428,2,Kotra (NP) - Ward No.2
249298,5429,3,Kotra (NP) - Ward No.3
249298,5430,4,Kotra (NP) - Ward No.4
249298,5431,5,Kotra (NP) - Ward No.5
249298,5432,6,Kotra (NP) - Ward No.6
249298,5433,7,Kotra (NP) - Ward No.7
249298,5434,8,Kotra (NP) - Ward No.8
249298,5435,9,Kotra (NP) - Ward No.9
249299,5437,1,Konch (MB) - Ward No.1
249299,5446,10,Konch (MB) - Ward No.10
249299,5447,11,Konch (MB) - Ward No.11
249299,5448,12,Konch (MB) - Ward No.12
249299,5449,13,Konch (MB) - Ward No.13
249299,5450,14,Konch (MB) - Ward No.14
249299,5451,15,Konch (MB) - Ward No.15
249299,5452,16,Konch (MB) - Ward No.16
249299,5453,17,Konch (MB) - Ward No.17
249299,5454,18,Konch (MB) - Ward No.18
249299,5455,19,Konch (MB) - Ward No.19
249299,5438,2,Konch (MB) - Ward No.2
249299,5456,20,Konch (MB) - Ward No.20
249299,5457,21,Konch (MB) - Ward No.21
249299,5458,22,Konch (MB) - Ward No.22
249299,5459,23,Konch (MB) - Ward No.23
249299,5460,24,Konch (MB) - Ward No.24
249299,5461,25,Konch (MB) - Ward No.25
249299,5439,3,Konch (MB) - Ward No.3
249299,5440,4,Konch (MB) - Ward No.4
249299,5441,5,Konch (MB) - Ward No.5
249299,5442,6,Konch (MB) - Ward No.6
249299,5443,7,Konch (MB) - Ward No.7
249299,5444,8,Konch (MB) - Ward No.8
249299,5445,9,Konch (MB) - Ward No.9
249300,5462,1,Nadigaon (NP) - Ward No.1
249300,5471,10,Nadigaon (NP) - Ward No.10
249300,5463,2,Nadigaon (NP) - Ward No.2
249300,5464,3,Nadigaon (NP) - Ward No.3
249300,5465,4,Nadigaon (NP) - Ward No.4
249300,5466,5,Nadigaon (NP) - Ward No.5
249300,5467,6,Nadigaon (NP) - Ward No.6
249300,5468,7,Nadigaon (NP) - Ward No.7
249300,5469,8,Nadigaon (NP) - Ward No.8
249300,5470,9,Nadigaon (NP) - Ward No.9
249301,5472,1,Samthar (MB) - Ward No.1
249301,5481,10,Samthar (MB) - Ward No.10
249301,5482,11,Samthar (MB) - Ward No.11
249301,5483,12,Samthar (MB) - Ward No.12
249301,5484,13,Samthar (MB) - Ward No.13
249301,5485,14,Samthar (MB) - Ward No.14
249301,5486,15,Samthar (MB) - Ward No.15
249301,5487,16,Samthar (MB) - Ward No.16
249301,5488,17,Samthar (MB) - Ward No.17
249301,5489,18,Samthar (MB) - Ward No.18
249301,5490,19,Samthar (MB) - Ward No.19
249301,5473,2,Samthar (MB) - Ward No.2
249301,5491,20,Samthar (MB) - Ward No.20
249301,5492,21,Samthar (MB) - Ward No.21
249301,5493,22,Samthar (MB) - Ward No.22
249301,5494,23,Samthar (MB) - Ward No.23
249301,5495,24,Samthar (MB) - Ward No.24
249301,5496,25,Samthar (MB) - Ward No.25
249301,5474,3,Samthar (MB) - Ward No.3
249301,5475,4,Samthar (MB) - Ward No.4
249301,5476,5,Samthar (MB) - Ward No.5
249301,5477,6,Samthar (MB) - Ward No.6
249301,5478,7,Samthar (MB) - Ward No.7
249301,5479,8,Samthar (MB) - Ward No.8
249301,5480,9,Samthar (MB) - Ward No.9
249302,75363,1,Moth (NP) - Ward No.1
249302,75372,10,Moth (NP) - Ward No.10
249302,75373,11,Moth (NP) - Ward No.11
249302,75364,2,Moth (NP) - Ward No.2
249302,75365,3,Moth (NP) - Ward No.3
249302,75366,4,Moth (NP) - Ward No.4
249302,75367,5,Moth (NP) - Ward No.5
249302,75368,6,Moth (NP) - Ward No.6
249302,75369,7,Moth (NP) - Ward No.7
249302,75370,8,Moth (NP) - Ward No.8
249302,75371,9,Moth (NP) - Ward No.9
249303,5497,1,Chirgaon (MB) - Ward No.1
249303,5506,10,Chirgaon (MB) - Ward No.10
249303,5507,11,Chirgaon (MB) - Ward No.11
249303,5508,12,Chirgaon (MB) - Ward No.12
249303,5509,13,Chirgaon (MB) - Ward No.13
249303,5510,14,Chirgaon (MB) - Ward No.14
249303,5511,15,Chirgaon (MB) - Ward No.15
249303,5512,16,Chirgaon (MB) - Ward No.16
249303,5513,17,Chirgaon (MB) - Ward No.17
249303,5514,18,Chirgaon (MB) - Ward No.18
249303,5515,19,Chirgaon (MB) - Ward No.19
249303,5498,2,Chirgaon (MB) - Ward No.2
249303,5516,20,Chirgaon (MB) - Ward No.20
249303,5517,21,Chirgaon (MB) - Ward No.21
249303,5518,22,Chirgaon (MB) - Ward No.22
249303,6169,23,Chirgaon (MB) - Ward No.23
249303,6170,24,Chirgaon (MB) - Ward No.24
249303,6171,25,Chirgaon (MB) - Ward No.25
249303,5499,3,Chirgaon (MB) - Ward No.3
249303,5500,4,Chirgaon (MB) - Ward No.4
249303,5501,5,Chirgaon (MB) - Ward No.5
249303,5502,6,Chirgaon (MB) - Ward No.6
249303,5503,7,Chirgaon (MB) - Ward No.7
249303,5504,8,Chirgaon (MB) - Ward No.8
249303,5505,9,Chirgaon (MB) - Ward No.9
249304,6172,1,Erich (NP) - Ward No.1
249304,6181,10,Erich (NP) - Ward No.10
249304,6173,2,Erich (NP) - Ward No.2
249304,6174,3,Erich (NP) - Ward No.3
249304,6175,4,Erich (NP) - Ward No.4
249304,6176,5,Erich (NP) - Ward No.5
249304,6177,6,Erich (NP) - Ward No.6
249304,6178,7,Erich (NP) - Ward No.7
249304,6179,8,Erich (NP) - Ward No.8
249304,6180,9,Erich (NP) - Ward No.9
249305,6182,1,Gursarai (MB) - Ward No.1
249305,6191,10,Gursarai (MB) - Ward No.10
249305,6192,11,Gursarai (MB) - Ward No.11
249305,6193,12,Gursarai (MB) - Ward No.12
249305,6194,13,Gursarai (MB) - Ward No.13
249305,6195,14,Gursarai (MB) - Ward No.14
249305,6196,15,Gursarai (MB) - Ward No.15
249305,6197,16,Gursarai (MB) - Ward No.16
249305,6198,17,Gursarai (MB) - Ward No.17
249305,6199,18,Gursarai (MB) - Ward No.18
249305,6200,19,Gursarai (MB) - Ward No.19
249305,6183,2,Gursarai (MB) - Ward No.2
249305,6201,20,Gursarai (MB) - Ward No.20
249305,6202,21,Gursarai (MB) - Ward No.21
249305,6203,22,Gursarai (MB) - Ward No.22
249305,6204,23,Gursarai (MB) - Ward No.23
249305,6205,24,Gursarai (MB) - Ward No.24
249305,6206,25,Gursarai (MB) - Ward No.25
249305,6184,3,Gursarai (MB) - Ward No.3
249305,6185,4,Gursarai (MB) - Ward No.4
249305,6186,5,Gursarai (MB) - Ward No.5
249305,6187,6,Gursarai (MB) - Ward No.6
249305,6188,7,Gursarai (MB) - Ward No.7
249305,6189,8,Gursarai (MB) - Ward No.8
249305,6190,9,Gursarai (MB) - Ward No.9
249306,6207,1,Garautha (NP) - Ward No.1
249306,6216,10,Garautha (NP) - Ward No.10
249306,6208,2,Garautha (NP) - Ward No.2
249306,6209,3,Garautha (NP) - Ward No.3
249306,6210,4,Garautha (NP) - Ward No.4
249306,6211,5,Garautha (NP) - Ward No.5
249306,6212,6,Garautha (NP) - Ward No.6
249306,6213,7,Garautha (NP) - Ward No.7
249306,6214,8,Garautha (NP) - Ward No.8
249306,6215,9,Garautha (NP) - Ward No.9
249307,75374,1,Tondi Fatehpur (NP) - Ward No.1
249307,75383,10,Tondi Fatehpur (NP) - Ward No.10
249307,75375,2,Tondi Fatehpur (NP) - Ward No.2
249307,75376,3,Tondi Fatehpur (NP) - Ward No.3
249307,75377,4,Tondi Fatehpur (NP) - Ward No.4
249307,75378,5,Tondi Fatehpur (NP) - Ward No.5
249307,75379,6,Tondi Fatehpur (NP) - Ward No.6
249307,75380,7,Tondi Fatehpur (NP) - Ward No.7
249307,75381,8,Tondi Fatehpur (NP) - Ward No.8
249307,75382,9,Tondi Fatehpur (NP) - Ward No.9
249308,6217,1,Mauranipur (MB) - Ward No.1
249308,6226,10,Mauranipur (MB) - Ward No.10
249308,6227,11,Mauranipur (MB) - Ward No.11
249308,6228,12,Mauranipur (MB) - Ward No.12
249308,6229,13,Mauranipur (MB) - Ward No.13
249308,6230,14,Mauranipur (MB) - Ward No.14
249308,6231,15,Mauranipur (MB) - Ward No.15
249308,6232,16,Mauranipur (MB) - Ward No.16
249308,6233,17,Mauranipur (MB) - Ward No.17
249308,6234,18,Mauranipur (MB) - Ward No.18
249308,6235,19,Mauranipur (MB) - Ward No.19
249308,6218,2,Mauranipur (MB) - Ward No.2
249308,6236,20,Mauranipur (MB) - Ward No.20
249308,6237,21,Mauranipur (MB) - Ward No.21
249308,6238,22,Mauranipur (MB) - Ward No.22
249308,6239,23,Mauranipur (MB) - Ward No.23
249308,6240,24,Mauranipur (MB) - Ward No.24
249308,6241,25,Mauranipur (MB) - Ward No.25
249308,6219,3,Mauranipur (MB) - Ward No.3
249308,6220,4,Mauranipur (MB) - Ward No.4
249308,6221,5,Mauranipur (MB) - Ward No.5
249308,6222,6,Mauranipur (MB) - Ward No.6
249308,6223,7,Mauranipur (MB) - Ward No.7
249308,6224,8,Mauranipur (MB) - Ward No.8
249308,6225,9,Mauranipur (MB) - Ward No.9
249309,75384,1,Ranipur (NP) - Ward No.1
249309,75393,10,Ranipur (NP) - Ward No.10
249309,75394,11,Ranipur (NP) - Ward No.11
249309,75395,12,Ranipur (NP) - Ward No.12
249309,75396,13,Ranipur (NP) - Ward No.13
249309,75385,2,Ranipur (NP) - Ward No.2
249309,75386,3,Ranipur (NP) - Ward No.3
249309,75387,4,Ranipur (NP) - Ward No.4
249309,75388,5,Ranipur (NP) - Ward No.5
249309,75389,6,Ranipur (NP) - Ward No.6
249309,75390,7,Ranipur (NP) - Ward No.7
249309,75391,8,Ranipur (NP) - Ward No.8
249309,75392,9,Ranipur (NP) - Ward No.9
249310,6242,1,Kathera (NP) - Ward No.1
249310,6251,10,Kathera (NP) - Ward No.10
249310,6243,2,Kathera (NP) - Ward No.2
249310,6244,3,Kathera (NP) - Ward No.3
249310,6245,4,Kathera (NP) - Ward No.4
249310,6246,5,Kathera (NP) - Ward No.5
249310,6247,6,Kathera (NP) - Ward No.6
249310,6248,7,Kathera (NP) - Ward No.7
249310,6249,8,Kathera (NP) - Ward No.8
249310,6250,9,Kathera (NP) - Ward No.9
249311,6252,1,Barua Sagar (MB) - Ward No.1
249311,6261,10,Barua Sagar (MB) - Ward No.10
249311,6262,11,Barua Sagar (MB) - Ward No.11
249311,6263,12,Barua Sagar (MB) - Ward No.12
249311,6709,13,Barua Sagar (MB) - Ward No.13
249311,6710,14,Barua Sagar (MB) - Ward No.14
249311,6711,15,Barua Sagar (MB) - Ward No.15
249311,6712,16,Barua Sagar (MB) - Ward No.16
249311,6713,17,Barua Sagar (MB) - Ward No.17
249311,6714,18,Barua Sagar (MB) - Ward No.18
249311,6715,19,Barua Sagar (MB) - Ward No.19
249311,6253,2,Barua Sagar (MB) - Ward No.2
249311,6716,20,Barua Sagar (MB) - Ward No.20
249311,6717,21,Barua Sagar (MB) - Ward No.21
249311,6718,22,Barua Sagar (MB) - Ward No.22
249311,6719,23,Barua Sagar (MB) - Ward No.23
249311,6720,24,Barua Sagar (MB) - Ward No.24
249311,6721,25,Barua Sagar (MB) - Ward No.25
249311,6254,3,Barua Sagar (MB) - Ward No.3
249311,6255,4,Barua Sagar (MB) - Ward No.4
249311,6256,5,Barua Sagar (MB) - Ward No.5
249311,6257,6,Barua Sagar (MB) - Ward No.6
249311,6258,7,Barua Sagar (MB) - Ward No.7
249311,6259,8,Barua Sagar (MB) - Ward No.8
249311,6260,9,Barua Sagar (MB) - Ward No.9
249313,75398,1,Bara Gaon (NP) - Ward No.1
249313,75407,10,Bara Gaon (NP) - Ward No.10
249313,75399,2,Bara Gaon (NP) - Ward No.2
249313,75400,3,Bara Gaon (NP) - Ward No.3
249313,75401,4,Bara Gaon (NP) - Ward No.4
249313,75402,5,Bara Gaon (NP) - Ward No.5
249313,75403,6,Bara Gaon (NP) - Ward No.6
249313,75404,7,Bara Gaon (NP) - Ward No.7
249313,75405,8,Bara Gaon (NP) - Ward No.8
249313,75406,9,Bara Gaon (NP) - Ward No.9
249314,6722,1,Jhansi (MB) - Ward No.1
249314,6731,10,Jhansi (MB) - Ward No.10
249314,6732,11,Jhansi (MB) - Ward No.11
249314,6733,12,Jhansi (MB) - Ward No.12
249314,6734,13,Jhansi (MB) - Ward No.13
249314,6735,14,Jhansi (MB) - Ward No.14
249314,6736,15,Jhansi (MB) - Ward No.15
249314,6737,16,Jhansi (MB) - Ward No.16
249314,6738,17,Jhansi (MB) - Ward No.17
249314,6739,18,Jhansi (MB) - Ward No.18
249314,6740,19,Jhansi (MB) - Ward No.19
249314,6723,2,Jhansi (MB) - Ward No.2
249314,6741,20,Jhansi (MB) - Ward No.20
249314,6742,21,Jhansi (MB) - Ward No.21
249314,6743,22,Jhansi (MB) - Ward No.22
249314,6744,23,Jhansi (MB) - Ward No.23
249314,6745,24,Jhansi (MB) - Ward No.24
249314,6746,25,Jhansi (MB) - Ward No.25
249314,6747,26,Jhansi (MB) - Ward No.26
249314,6748,27,Jhansi (MB) - Ward No.27
249314,6749,28,Jhansi (MB) - Ward No.28
249314,6750,29,Jhansi (MB) - Ward No.29
249314,6724,3,Jhansi (MB) - Ward No.3
249314,6751,30,Jhansi (MB) - Ward No.30
249314,6752,31,Jhansi (MB) - Ward No.31
249314,6753,32,Jhansi (MB) - Ward No.32
249314,6754,33,Jhansi (MB) - Ward No.33
249314,6755,34,Jhansi (MB) - Ward No.34
249314,6756,35,Jhansi (MB) - Ward No.35
249314,6757,36,Nayagaon (OG) - Ward No.36
249314,6758,37,Garhiagaon (OG) - Ward No.37
249314,6759,38,Lehar Gird (OG) - Ward No.38
249314,6760,39,Bundelkhand University and RLB Medical College (OG) - Ward No.39
249314,6725,4,Jhansi (MB) - Ward No.4
249314,6761,40,Bhatta Gaon (OG) - Ward No.40
249314,6762,41,Hansari Gird (OG) - Ward No.41
249314,3256675,42,Jhansi (MB) ward No. 42
249314,3256676,43,Jhansi (MB) Ward No. 43
249314,3256677,44,Jhansi (MB) Ward No. 44
249314,3256678,45,Jhansi (MB) Ward No. 45
249314,3256679,46,Jhansi (MB) Ward No. 46
249314,3256680,47,Jhansi (MB) Ward No. 47
249314,3256672,48,Jhansi (MB) Ward No. 48
249314,3256673,49,Jhansi (MB) Ward No. 49
249314,6726,5,Jhansi (MB) - Ward No.5
249314,3256674,50,Jhansi (MB) Ward No. 50
249314,3256681,51,Jhansi (MB) Ward No. 51
249314,3256682,52,Jhansi (MB) Ward No. 52
249314,3256683,53,Jhansi (MB) Ward No. 53
249314,3256684,54,Jhansi (MB) Ward No. 54
249314,3256685,55,Jhansi (MB) Ward No. 55
249314,3256686,56,Jhansi (MB) Ward No. 56
249314,3256687,57,Jhansi (MB) Ward No. 57
249314,3256688,58,Jhansi (MB) Ward No. 58
249314,3256689,59,Jhansi (MB) Ward No. 59
249314,6727,6,Jhansi (MB) - Ward No.6
249314,3256690,60,Jhansi (MB) Ward No. 60
249314,6728,7,Jhansi (MB) - Ward No.7
249314,6729,8,Jhansi (MB) - Ward No.8
249314,6730,9,Jhansi (MB) - Ward No.9
249317,75408,1,Talbehat (NP) - Ward No.1
249317,75417,10,Talbehat (NP) - Ward No.10
249317,75418,11,Talbehat (NP) - Ward No.11
249317,75409,2,Talbehat (NP) - Ward No.2
249317,75410,3,Talbehat (NP) - Ward No.3
249317,75411,4,Talbehat (NP) - Ward No.4
249317,75412,5,Talbehat (NP) - Ward No.5
249317,75413,6,Talbehat (NP) - Ward No.6
249317,75414,7,Talbehat (NP) - Ward No.7
249317,75415,8,Talbehat (NP) - Ward No.8
249317,75416,9,Talbehat (NP) - Ward No.9
249318,6769,1,Lalitpur (MB) - Ward No.1
249318,6778,10,Lalitpur (MB) - Ward No.10
249318,6779,11,Lalitpur (MB) - Ward No.11
249318,6780,12,Lalitpur (MB) - Ward No.12
249318,6781,13,Lalitpur (MB) - Ward No.13
249318,6782,14,Lalitpur (MB) - Ward No.14
249318,6783,15,Lalitpur (MB) - Ward No.15
249318,6784,16,Lalitpur (MB) - Ward No.16
249318,6785,17,Lalitpur (MB) - Ward No.17
249318,6786,18,Lalitpur (MB) - Ward No.18
249318,6787,19,Lalitpur (MB) - Ward No.19
249318,6770,2,Lalitpur (MB) - Ward No.2
249318,6788,20,Lalitpur (MB) - Ward No.20
249318,6789,21,Lalitpur (MB) - Ward No.21
249318,6790,22,Lalitpur (MB) - Ward No.22
249318,6791,23,Lalitpur (MB) - Ward No.23
249318,6792,24,Lalitpur (MB) - Ward No.24
249318,6793,25,Lalitpur (MB) - Ward No.25
249318,6771,3,Lalitpur (MB) - Ward No.3
249318,6772,4,Lalitpur (MB) - Ward No.4
249318,6773,5,Lalitpur (MB) - Ward No.5
249318,6774,6,Lalitpur (MB) - Ward No.6
249318,6775,7,Lalitpur (MB) - Ward No.7
249318,6776,8,Lalitpur (MB) - Ward No.8
249318,6777,9,Lalitpur (MB) - Ward No.9
249319,75419,1,Pali (NP) - Ward No.1
249319,75428,10,Pali (NP) - Ward No.10
249319,75420,2,Pali (NP) - Ward No.2
249319,75421,3,Pali (NP) - Ward No.3
249319,75422,4,Pali (NP) - Ward No.4
249319,75423,5,Pali (NP) - Ward No.5
249319,75424,6,Pali (NP) - Ward No.6
249319,75425,7,Pali (NP) - Ward No.7
249319,75426,8,Pali (NP) - Ward No.8
249319,75427,9,Pali (NP) - Ward No.9
249320,6794,1,Mahroni (NP) - Ward No.1
249320,6803,10,Mahroni (NP) - Ward No.10
249320,6795,2,Mahroni (NP) - Ward No.2
249320,6796,3,Mahroni (NP) - Ward No.3
249320,6797,4,Mahroni (NP) - Ward No.4
249320,6798,5,Mahroni (NP) - Ward No.5
249320,6799,6,Mahroni (NP) - Ward No.6
249320,6800,7,Mahroni (NP) - Ward No.7
249320,6801,8,Mahroni (NP) - Ward No.8
249320,6802,9,Mahroni (NP) - Ward No.9
249321,6804,1,Kurara (NP) - Ward No.1
249321,6813,10,Kurara (NP) - Ward No.10
249321,6805,2,Kurara (NP) - Ward No.2
249321,6806,3,Kurara (NP) - Ward No.3
249321,6807,4,Kurara (NP) - Ward No.4
249321,6808,5,Kurara (NP) - Ward No.5
249321,6809,6,Kurara (NP) - Ward No.6
249321,6810,7,Kurara (NP) - Ward No.7
249321,6811,8,Kurara (NP) - Ward No.8
249321,6812,9,Kurara (NP) - Ward No.9
249322,75429,1,Hamirpur (MB) - Ward No.1
249322,75438,10,Hamirpur (MB) - Ward No.10
249322,75439,11,Hamirpur (MB) - Ward No.11
249322,75440,12,Hamirpur (MB) - Ward No.12
249322,75441,13,Hamirpur (MB) - Ward No.13
249322,75442,14,Hamirpur (MB) - Ward No.14
249322,75443,15,Hamirpur (MB) - Ward No.15
249322,75444,16,Hamirpur (MB) - Ward No.16
249322,75445,17,Hamirpur (MB) - Ward No.17
249322,75446,18,Hamirpur (MB) - Ward No.18
249322,75447,19,Hamirpur (MB) - Ward No.19
249322,75430,2,Hamirpur (MB) - Ward No.2
249322,75448,20,Hamirpur (MB) - Ward No.20
249322,75449,21,Hamirpur (MB) - Ward No.21
249322,75450,22,Hamirpur (MB) - Ward No.22
249322,75451,23,Hamirpur (MB) - Ward No.23
249322,75452,24,Hamirpur (MB) - Ward No.24
249322,75453,25,Hamirpur (MB) - Ward No.25
249322,75431,3,Hamirpur (MB) - Ward No.3
249322,75432,4,Hamirpur (MB) - Ward No.4
249322,75433,5,Hamirpur (MB) - Ward No.5
249322,75434,6,Hamirpur (MB) - Ward No.6
249322,75435,7,Hamirpur (MB) - Ward No.7
249322,75436,8,Hamirpur (MB) - Ward No.8
249322,75437,9,Hamirpur (MB) - Ward No.9
249323,6814,1,Sumerpur (NP) - Ward No.1
249323,6823,10,Sumerpur (NP) - Ward No.10
249323,6824,11,Sumerpur (NP) - Ward No.11
249323,6825,12,Sumerpur (NP) - Ward No.12
249323,6826,13,Sumerpur (NP) - Ward No.13
249323,6827,14,Sumerpur (NP) - Ward No.14
249323,6828,15,Sumerpur (NP) - Ward No.15
249323,6815,2,Sumerpur (NP) - Ward No.2
249323,6816,3,Sumerpur (NP) - Ward No.3
249323,6817,4,Sumerpur (NP) - Ward No.4
249323,6818,5,Sumerpur (NP) - Ward No.5
249323,6819,6,Sumerpur (NP) - Ward No.6
249323,6820,7,Sumerpur (NP) - Ward No.7
249323,6821,8,Sumerpur (NP) - Ward No.8
249323,6822,9,Sumerpur (NP) - Ward No.9
249324,75454,1,Sarila (NP) - Ward No.1
249324,75463,10,Sarila (NP) - Ward No.10
249324,75455,2,Sarila (NP) - Ward No.2
249324,75456,3,Sarila (NP) - Ward No.3
249324,75457,4,Sarila (NP) - Ward No.4
249324,75458,5,Sarila (NP) - Ward No.5
249324,75459,6,Sarila (NP) - Ward No.6
249324,75460,7,Sarila (NP) - Ward No.7
249324,75461,8,Sarila (NP) - Ward No.8
249324,75462,9,Sarila (NP) - Ward No.9
249325,6829,1,Gohand (NP) - Ward No.1
249325,6838,10,Gohand (NP) - Ward No.10
249325,6830,2,Gohand (NP) - Ward No.2
249325,6831,3,Gohand (NP) - Ward No.3
249325,6832,4,Gohand (NP) - Ward No.4
249325,6833,5,Gohand (NP) - Ward No.5
249325,6834,6,Gohand (NP) - Ward No.6
249325,6835,7,Gohand (NP) - Ward No.7
249325,6836,8,Gohand (NP) - Ward No.8
249325,6837,9,Gohand (NP) - Ward No.9
249326,6839,1,Rath (MB) - Ward No.1
249326,6848,10,Rath (MB) - Ward No.10
249326,6849,11,Rath (MB) - Ward No.11
249326,6850,12,Rath (MB) - Ward No.12
249326,6851,13,Rath (MB) - Ward No.13
249326,6852,14,Rath (MB) - Ward No.14
249326,6853,15,Rath (MB) - Ward No.15
249326,6854,16,Rath (MB) - Ward No.16
249326,6855,17,Rath (MB) - Ward No.17
249326,6856,18,Rath (MB) - Ward No.18
249326,6857,19,Rath (MB) - Ward No.19
249326,6840,2,Rath (MB) - Ward No.2
249326,6858,20,Rath (MB) - Ward No.20
249326,6859,21,Rath (MB) - Ward No.21
249326,6860,22,Rath (MB) - Ward No.22
249326,6861,23,Rath (MB) - Ward No.23
249326,6862,24,Rath (MB) - Ward No.24
249326,6863,25,Rath (MB) - Ward No.25
249326,6841,3,Rath (MB) - Ward No.3
249326,6842,4,Rath (MB) - Ward No.4
249326,6843,5,Rath (MB) - Ward No.5
249326,6844,6,Rath (MB) - Ward No.6
249326,6845,7,Rath (MB) - Ward No.7
249326,6846,8,Rath (MB) - Ward No.8
249326,6847,9,Rath (MB) - Ward No.9
249327,6864,1,Maudaha (MB) - Ward No.1
249327,6873,10,Maudaha (MB) - Ward No.10
249327,6874,11,Maudaha (MB) - Ward No.11
249327,6875,12,Maudaha (MB) - Ward No.12
249327,6876,13,Maudaha (MB) - Ward No.13
249327,6877,14,Maudaha (MB) - Ward No.14
249327,6878,15,Maudaha (MB) - Ward No.15
249327,6879,16,Maudaha (MB) - Ward No.16
249327,6880,17,Maudaha (MB) - Ward No.17
249327,6881,18,Maudaha (MB) - Ward No.18
249327,6882,19,Maudaha (MB) - Ward No.19
249327,6865,2,Maudaha (MB) - Ward No.2
249327,6883,20,Maudaha (MB) - Ward No.20
249327,6884,21,Maudaha (MB) - Ward No.21
249327,6885,22,Maudaha (MB) - Ward No.22
249327,6886,23,Maudaha (MB) - Ward No.23
249327,6887,24,Maudaha (MB) - Ward No.24
249327,6888,25,Maudaha (MB) - Ward No.25
249327,6866,3,Maudaha (MB) - Ward No.3
249327,6867,4,Maudaha (MB) - Ward No.4
249327,6868,5,Maudaha (MB) - Ward No.5
249327,6869,6,Maudaha (MB) - Ward No.6
249327,6870,7,Maudaha (MB) - Ward No.7
249327,6871,8,Maudaha (MB) - Ward No.8
249327,6872,9,Maudaha (MB) - Ward No.9
249328,6889,1,Kulpahar (NP) - Ward No.1
249328,6898,10,Kulpahar (NP) - Ward No.10
249328,6899,11,Kulpahar (NP) - Ward No.11
249328,6900,12,Kulpahar (NP) - Ward No.12
249328,6890,2,Kulpahar (NP) - Ward No.2
249328,6891,3,Kulpahar (NP) - Ward No.3
249328,6892,4,Kulpahar (NP) - Ward No.4
249328,6893,5,Kulpahar (NP) - Ward No.5
249328,6894,6,Kulpahar (NP) - Ward No.6
249328,6895,7,Kulpahar (NP) - Ward No.7
249328,6896,8,Kulpahar (NP) - Ward No.8
249328,6897,9,Kulpahar (NP) - Ward No.9
249329,6901,1,Kharela (NP) - Ward No.1
249329,6910,10,Kharela (NP) - Ward No.10
249329,6911,11,Kharela (NP) - Ward No.11
249329,6912,12,Kharela (NP) - Ward No.12
249329,6902,2,Kharela (NP) - Ward No.2
249329,6903,3,Kharela (NP) - Ward No.3
249329,6904,4,Kharela (NP) - Ward No.4
249329,6905,5,Kharela (NP) - Ward No.5
249329,6906,6,Kharela (NP) - Ward No.6
249329,6907,7,Kharela (NP) - Ward No.7
249329,6908,8,Kharela (NP) - Ward No.8
249329,6909,9,Kharela (NP) - Ward No.9
249330,75464,1,Charkhari (MB) - Ward No.1
249330,75473,10,Charkhari (MB) - Ward No.10
249330,75474,11,Charkhari (MB) - Ward No.11
249330,75475,12,Charkhari (MB) - Ward No.12
249330,75476,13,Charkhari (MB) - Ward No.13
249330,75477,14,Charkhari (MB) - Ward No.14
249330,75478,15,Charkhari (MB) - Ward No.15
249330,75479,16,Charkhari (MB) - Ward No.16
249330,75480,17,Charkhari (MB) - Ward No.17
249330,75481,18,Charkhari (MB) - Ward No.18
249330,75482,19,Charkhari (MB) - Ward No.19
249330,75465,2,Charkhari (MB) - Ward No.2
249330,75483,20,Charkhari (MB) - Ward No.20
249330,75484,21,Charkhari (MB) - Ward No.21
249330,75485,22,Charkhari (MB) - Ward No.22
249330,75486,23,Charkhari (MB) - Ward No.23
249330,75487,24,Charkhari (MB) - Ward No.24
249330,75488,25,Charkhari (MB) - Ward No.25
249330,75466,3,Charkhari (MB) - Ward No.3
249330,75467,4,Charkhari (MB) - Ward No.4
249330,75468,5,Charkhari (MB) - Ward No.5
249330,75469,6,Charkhari (MB) - Ward No.6
249330,75470,7,Charkhari (MB) - Ward No.7
249330,75471,8,Charkhari (MB) - Ward No.8
249330,75472,9,Charkhari (MB) - Ward No.9
249331,6913,1,Mahoba (MB) - Ward No.1
249331,6922,10,Mahoba (MB) - Ward No.10
249331,6923,11,Mahoba (MB) - Ward No.11
249331,6924,12,Mahoba (MB) - Ward No.12
249331,6925,13,Mahoba (MB) - Ward No.13
249331,6926,14,Mahoba (MB) - Ward No.14
249331,6927,15,Mahoba (MB) - Ward No.15
249331,6928,16,Mahoba (MB) - Ward No.16
249331,6929,17,Mahoba (MB) - Ward No.17
249331,6930,18,Mahoba (MB) - Ward No.18
249331,6931,19,Mahoba (MB) - Ward No.19
249331,6914,2,Mahoba (MB) - Ward No.2
249331,6932,20,Mahoba (MB) - Ward No.20
249331,6933,21,Mahoba (MB) - Ward No.21
249331,6934,22,Mahoba (MB) - Ward No.22
249331,6935,23,Mahoba (MB) - Ward No.23
249331,6936,24,Mahoba (MB) - Ward No.24
249331,6937,25,Mahoba (MB) - Ward No.25
249331,6915,3,Mahoba (MB) - Ward No.3
249331,6916,4,Mahoba (MB) - Ward No.4
249331,6917,5,Mahoba (MB) - Ward No.5
249331,6918,6,Mahoba (MB) - Ward No.6
249331,6919,7,Mahoba (MB) - Ward No.7
249331,6920,8,Mahoba (MB) - Ward No.8
249331,6921,9,Mahoba (MB) - Ward No.9
249332,6938,1,Kabrai (NP) - Ward No.1
249332,6947,10,Kabrai (NP) - Ward No.10
249332,6948,11,Kabrai (NP) - Ward No.11
249332,6949,12,Kabrai (NP) - Ward No.12
249332,6950,13,Kabrai (NP) - Ward No.13
249332,6939,2,Kabrai (NP) - Ward No.2
249332,6940,3,Kabrai (NP) - Ward No.3
249332,6941,4,Kabrai (NP) - Ward No.4
249332,6942,5,Kabrai (NP) - Ward No.5
249332,6943,6,Kabrai (NP) - Ward No.6
249332,6944,7,Kabrai (NP) - Ward No.7
249332,6945,8,Kabrai (NP) - Ward No.8
249332,6946,9,Kabrai (NP) - Ward No.9
249333,6951,1,Mataundh (NP) - Ward No.1
249333,6960,10,Mataundh (NP) - Ward No.10
249333,6952,2,Mataundh (NP) - Ward No.2
249333,6953,3,Mataundh (NP) - Ward No.3
249333,6954,4,Mataundh (NP) - Ward No.4
249333,6955,5,Mataundh (NP) - Ward No.5
249333,6956,6,Mataundh (NP) - Ward No.6
249333,6957,7,Mataundh (NP) - Ward No.7
249333,6958,8,Mataundh (NP) - Ward No.8
249333,6959,9,Mataundh (NP) - Ward No.9
249334,75489,1,Banda (MB) - Ward No.1
249334,75498,10,Banda (MB) - Ward No.10
249334,75499,11,Banda (MB) - Ward No.11
249334,75500,12,Banda (MB) - Ward No.12
249334,75501,13,Banda (MB) - Ward No.13
249334,75502,14,Banda (MB) - Ward No.14
249334,75503,15,Banda (MB) - Ward No.15
249334,75504,16,Banda (MB) - Ward No.16
249334,75505,17,Banda (MB) - Ward No.17
249334,75506,18,Banda (MB) - Ward No.18
249334,75507,19,Banda (MB) - Ward No.19
249334,75490,2,Banda (MB) - Ward No.2
249334,75508,20,Banda (MB) - Ward No.20
249334,75509,21,Banda (MB) - Ward No.21
249334,75510,22,Banda (MB) - Ward No.22
249334,75511,23,Banda (MB) - Ward No.23
249334,75512,24,Banda (MB) - Ward No.24
249334,75513,25,Banda (MB) - Ward No.25
249334,75514,26,"Indira Nagar Colony, Mandi Samiti and Laraka Purwa (OG) - Ward No.26"
249334,75491,3,Banda (MB) - Ward No.3
249334,75492,4,Banda (MB) - Ward No.4
249334,75493,5,Banda (MB) - Ward No.5
249334,75494,6,Banda (MB) - Ward No.6
249334,75495,7,Banda (MB) - Ward No.7
249334,75496,8,Banda (MB) - Ward No.8
249334,75497,9,Banda (MB) - Ward No.9
249335,6961,1,Tindwari (NP) - Ward No.1
249335,6970,10,Tindwari (NP) - Ward No.10
249335,6962,2,Tindwari (NP) - Ward No.2
249335,6963,3,Tindwari (NP) - Ward No.3
249335,6964,4,Tindwari (NP) - Ward No.4
249335,6965,5,Tindwari (NP) - Ward No.5
249335,6966,6,Tindwari (NP) - Ward No.6
249335,6967,7,Tindwari (NP) - Ward No.7
249335,6968,8,Tindwari (NP) - Ward No.8
249335,6969,9,Tindwari (NP) - Ward No.9
249336,6971,1,Baberu (NP) - Ward No.1
249336,6980,10,Baberu (NP) - Ward No.10
249336,6981,11,Baberu (NP) - Ward No.11
249336,6972,2,Baberu (NP) - Ward No.2
249336,6973,3,Baberu (NP) - Ward No.3
249336,6974,4,Baberu (NP) - Ward No.4
249336,6975,5,Baberu (NP) - Ward No.5
249336,6976,6,Baberu (NP) - Ward No.6
249336,6977,7,Baberu (NP) - Ward No.7
249336,6978,8,Baberu (NP) - Ward No.8
249336,6979,9,Baberu (NP) - Ward No.9
249337,6982,1,Oran (NP) - Ward No.1
249337,6991,10,Oran (NP) - Ward No.10
249337,6983,2,Oran (NP) - Ward No.2
249337,6984,3,Oran (NP) - Ward No.3
249337,6985,4,Oran (NP) - Ward No.4
249337,6986,5,Oran (NP) - Ward No.5
249337,6987,6,Oran (NP) - Ward No.6
249337,6988,7,Oran (NP) - Ward No.7
249337,6989,8,Oran (NP) - Ward No.8
249337,6990,9,Oran (NP) - Ward No.9
249338,6992,1,Bisanda Buzurg (NP) - Ward No.1
249338,7191,10,Bisanda Buzurg (NP) - Ward No.10
249338,6993,2,Bisanda Buzurg (NP) - Ward No.2
249338,6994,3,Bisanda Buzurg (NP) - Ward No.3
249338,6995,4,Bisanda Buzurg (NP) - Ward No.4
249338,6996,5,Bisanda Buzurg (NP) - Ward No.5
249338,6997,6,Bisanda Buzurg (NP) - Ward No.6
249338,6998,7,Bisanda Buzurg (NP) - Ward No.7
249338,6999,8,Bisanda Buzurg (NP) - Ward No.8
249338,7190,9,Bisanda Buzurg (NP) - Ward No.9
249339,7192,1,Atarra (MB) - Ward No.1
249339,7201,10,Atarra (MB) - Ward No.10
249339,7202,11,Atarra (MB) - Ward No.11
249339,7203,12,Atarra (MB) - Ward No.12
249339,7204,13,Atarra (MB) - Ward No.13
249339,7205,14,Atarra (MB) - Ward No.14
249339,7206,15,Atarra (MB) - Ward No.15
249339,7207,16,Atarra (MB) - Ward No.16
249339,7208,17,Atarra (MB) - Ward No.17
249339,7209,18,Atarra (MB) - Ward No.18
249339,7210,19,Atarra (MB) - Ward No.19
249339,7193,2,Atarra (MB) - Ward No.2
249339,7211,20,Atarra (MB) - Ward No.20
249339,7212,21,Atarra (MB) - Ward No.21
249339,7213,22,Atarra (MB) - Ward No.22
249339,7214,23,Atarra (MB) - Ward No.23
249339,7215,24,Atarra (MB) - Ward No.24
249339,7216,25,Atarra (MB) - Ward No.25
249339,7194,3,Atarra (MB) - Ward No.3
249339,7195,4,Atarra (MB) - Ward No.4
249339,7196,5,Atarra (MB) - Ward No.5
249339,7197,6,Atarra (MB) - Ward No.6
249339,7198,7,Atarra (MB) - Ward No.7
249339,7199,8,Atarra (MB) - Ward No.8
249339,7200,9,Atarra (MB) - Ward No.9
249340,7217,1,Naraini (NP) - Ward No.1
249340,7226,10,Naraini (NP) - Ward No.10
249340,7218,2,Naraini (NP) - Ward No.2
249340,7219,3,Naraini (NP) - Ward No.3
249340,7220,4,Naraini (NP) - Ward No.4
249340,7221,5,Naraini (NP) - Ward No.5
249340,7222,6,Naraini (NP) - Ward No.6
249340,7223,7,Naraini (NP) - Ward No.7
249340,7224,8,Naraini (NP) - Ward No.8
249340,7225,9,Naraini (NP) - Ward No.9
249341,7227,1,Manikpur Sarhat (NP) - Ward No.1
249341,7236,10,Manikpur Sarhat (NP) - Ward No.10
249341,7237,11,Manikpur Sarhat (NP) - Ward No.11
249341,7228,2,Manikpur Sarhat (NP) - Ward No.2
249341,7229,3,Manikpur Sarhat (NP) - Ward No.3
249341,7230,4,Manikpur Sarhat (NP) - Ward No.4
249341,7231,5,Manikpur Sarhat (NP) - Ward No.5
249341,7232,6,Manikpur Sarhat (NP) - Ward No.6
249341,7233,7,Manikpur Sarhat (NP) - Ward No.7
249341,7234,8,Manikpur Sarhat (NP) - Ward No.8
249341,7235,9,Manikpur Sarhat (NP) - Ward No.9
249342,7238,1,Chitrakoot Dham (Karwi) (MB) - Ward No.1
249342,7247,10,Chitrakoot Dham (Karwi) (MB) - Ward No.10
249342,7248,11,Chitrakoot Dham (Karwi) (MB) - Ward No.11
249342,7249,12,Chitrakoot Dham (Karwi) (MB) - Ward No.12
249342,7250,13,Chitrakoot Dham (Karwi) (MB) - Ward No.13
249342,7251,14,Chitrakoot Dham (Karwi) (MB) - Ward No.14
249342,7252,15,Chitrakoot Dham (Karwi) (MB) - Ward No.15
249342,7253,16,Chitrakoot Dham (Karwi) (MB) - Ward No.16
249342,7254,17,Chitrakoot Dham (Karwi) (MB) - Ward No.17
249342,7255,18,Chitrakoot Dham (Karwi) (MB) - Ward No.18
249342,7256,19,Chitrakoot Dham (Karwi) (MB) - Ward No.19
249342,7239,2,Chitrakoot Dham (Karwi) (MB) - Ward No.2
249342,7257,20,Chitrakoot Dham (Karwi) (MB) - Ward No.20
249342,7258,21,Chitrakoot Dham (Karwi) (MB) - Ward No.21
249342,7259,22,Chitrakoot Dham (Karwi) (MB) - Ward No.22
249342,7260,23,Chitrakoot Dham (Karwi) (MB) - Ward No.23
249342,7261,24,Chitrakoot Dham (Karwi) (MB) - Ward No.24
249342,7262,25,Chitrakoot Dham (Karwi) (MB) - Ward No.25
249342,7240,3,Chitrakoot Dham (Karwi) (MB) - Ward No.3
249342,7241,4,Chitrakoot Dham (Karwi) (MB) - Ward No.4
249342,7242,5,Chitrakoot Dham (Karwi) (MB) - Ward No.5
249342,7243,6,Chitrakoot Dham (Karwi) (MB) - Ward No.6
249342,7244,7,Chitrakoot Dham (Karwi) (MB) - Ward No.7
249342,7245,8,Chitrakoot Dham (Karwi) (MB) - Ward No.8
249342,7246,9,Chitrakoot Dham (Karwi) (MB) - Ward No.9
249343,7263,1,Rajapur (NP) - Ward No.1
249343,7272,10,Rajapur (NP) - Ward No.10
249343,7264,2,Rajapur (NP) - Ward No.2
249343,7265,3,Rajapur (NP) - Ward No.3
249343,7266,4,Rajapur (NP) - Ward No.4
249343,7267,5,Rajapur (NP) - Ward No.5
249343,7268,6,Rajapur (NP) - Ward No.6
249343,7269,7,Rajapur (NP) - Ward No.7
249343,7270,8,Rajapur (NP) - Ward No.8
249343,7271,9,Rajapur (NP) - Ward No.9
249344,7273,1,Kora Jahanabad (NP) - Ward No.1 &#2350;&#2367;&#2351;&#2366;&#2306;&#2335;&#2379;&#2354;&#2366;
249344,7757,10,Kora Jahanabad (NP) - Ward No.10 &#2327;&#2338;&#2368;
249344,7758,11,Kora Jahanabad (NP) - Ward No.11 &#2350;&#2370;&#2354;&#2330;&#2344;&#2381;ž&#2342;&#2381;&#2352; &#2327;&#2354;&#2368;
249344,7759,12,Kora Jahanabad (NP) - Ward No.12 &#2336;&#2325;&#2369;&#2352;&#2344; &#2327;&#2354;&#2368;
249344,7760,13,Kora Jahanabad (NP) - Ward No.13 &#2360;&#2366;&#2344;&#2368; &#2327;&#2338;&#2357;&#2366;
249344,7761,14,Kora Jahanabad (NP) - Ward No.14 &#2325;&#2366;&#2332;&#2368; &#2335;&#2379;&#2354;&#2366;
249344,7762,15,Kora Jahanabad (NP) - Ward No.15 &#2354;&#2366;&#2354;&#2366;&#2327;&#2354;&#2368;
249344,7274,2,Kora Jahanabad (NP) - Ward No.2 &#2350;&#2354;&#2366;&#2325;&#2366;&#2346;&#2369;&#2352;
249344,7750,3,Kora Jahanabad (NP) - Ward No.3 &#2330;&#2344;&#2381;ž&#2342;&#2366;&#2327;&#2354;&#2368;
249344,7751,4,Kora Jahanabad (NP) - Ward No.4 &#2325;&#2335;&#2352;&#2366; &#2330;&#2369;&#2344;&#2346;&#2369;&#2332;
249344,7752,5,Kora Jahanabad (NP) - Ward No.5 &#2360;&#2369;&#2344;&#2352;&#2366;&#2361;&#2368; &#2327;&#2354;&#2368;
249344,7753,6,Kora Jahanabad (NP) - Ward No.6 &#2344;&#2375;&#2357;&#2366;&#2340;&#2368; &#2335;&#2379;&#2354;&#2366;
249344,7754,7,Kora Jahanabad (NP) - Ward No.7 &#2325;&#2381;ž&#2351;&#2380;&#2335;&#2352;&#2366;
249344,7755,8,Kora Jahanabad (NP) - Ward No.8 &#2354;&#2366;&#2354;&#2370;&#2327;&#2306;&#2332;
249344,7756,9,Kora Jahanabad (NP) - Ward No.9 &#2331;&#2379;&#2335;&#2368; &#2348;&#2366;&#2332;&#2366;&#2352;
249345,75515,1,Bindki (MB) - Ward No.1 &#2346;&#2369;&#2352;&#2366;&#2344;&#2368; &#2348;&#2367;&#2344;&#2381;ž&#2342;&#2325;&#2368; &#2346;&#2358;&#2381;&#2330;&#2367;&#2350;&#2368;
249345,74061,10,Bindki (MB) - Ward No.10 &#2350;&#2368;&#2352;&#2326;&#2346;&#2369;&#2352; &#2313;&#2340;&#2381;ž&#2340;&#2352;&#2368;
249345,74062,11,Bindki (MB) - Ward No.11 &#2350;&#2361;&#2332;&#2344;&#2368; &#2327;&#2354;&#2368;
249345,74063,12,Bindki (MB) - Ward No.12 &#2325;&#2335;&#2352;&#2366;
249345,74064,13,Bindki (MB) - Ward No.13 &#2348;&#2366;&#2332;&#2366;&#2352; &#2346;&#2370;&#2352;&#2381;&#2357;&#2368;
249345,74065,14,Bindki (MB) - Ward No.14 &#2348;&#2366;&#2332;&#2366;&#2352; &#2346;&#2358;&#2381;&#2330;&#2367;&#2350;&#2368;
249345,74066,15,Bindki (MB) - Ward No.15 &#2332;&#2361;&#2366;&#2344;&#2346;&#2369;&#2352; &#2350;&#2343;&#2381;ž&#2351;
249345,74067,16,Bindki (MB) - Ward No.16 &#2348;&#2366;&#2332;&#2366;&#2352; &#2313;&#2340;&#2381;ž&#2340;&#2352;&#2368;
249345,74068,17,Bindki (MB) - Ward No.17 &#2348;&#2366;&#2332;&#2366;&#2352; &#2342;&#2325;&#2381;&#2359;&#2367;&#2339;&#2368;
249345,74069,18,Bindki (MB) - Ward No.18 &#2354;&#2306;&#2325;&#2366; &#2325;&#2381;ž&#2351;&#2380;&#2335;&#2352;&#2366;
249345,74070,19,Bindki (MB) - Ward No.19 &#2325;&#2332;&#2367;&#2351;&#2366;&#2344;&#2366; &#2342;&#2325;&#2381;&#2359;&#2367;&#2339;&#2368;
249345,75516,2,Bindki (MB) - Ward No.2 &#2346;&#2373;&#2327;&#2350;&#2381;ž&#2348;&#2352;&#2346;&#2369;&#2352; &#2346;&#2370;&#2352;&#2381;&#2357;&#2368;
249345,74071,20,Bindki (MB) - Ward No.20 &#2332;&#2361;&#2366;&#2344;&#2346;&#2369;&#2352; &#2346;&#2358;&#2381;&#2330;&#2367;&#2350;&#2368;
249345,74072,21,Bindki (MB) - Ward No.21 &#2348;&#2366;&#2332;&#2366;&#2352; &#2350;&#2343;&#2381;ž&#2351;
249345,74073,22,Bindki (MB) - Ward No.22 &#2354;&#2366;&#2361;&#2380;&#2352;&#2368;
249345,74074,23,Bindki (MB) - Ward No.23 &#2325;&#2332;&#2367;&#2351;&#2366;&#2344;&#2366; &#2313;&#2340;&#2381;ž&#2340;&#2352;&#2368;
249345,74075,24,Bindki (MB) - Ward No.24 &#2350;&#2369;&#2327;&#2354;&#2366;&#2361;&#2368; &#2313;&#2340;&#2381;ž&#2340;&#2352;&#2368;
249345,74076,25,Bindki (MB) - Ward No.25 &#2350;&#2369;&#2327;&#2354;&#2366;&#2361;&#2368; &#2342;&#2325;&#2381;&#2359;&#2367;&#2339;&#2368;
249345,75517,3,Bindki (MB) - Ward No.3 &#2361;&#2332;&#2352;&#2340;&#2346;&#2369;&#2352; &#2346;&#2370;&#2352;&#2381;&#2357;&#2368;
249345,75518,4,Bindki (MB) - Ward No.4 &#2331;&#2367;&#2346;&#2361;&#2335;&#2368;
249345,75519,5,Bindki (MB) - Ward No.5 &#2332;&#2361;&#2366;&#2344;&#2346;&#2369;&#2352; &#2346;&#2370;&#2352;&#2381;&#2357;&#2368;
249345,75520,6,Bindki (MB) - Ward No.6 &#2346;&#2369;&#2352;&#2366;&#2344;&#2368; &#2348;&#2367;&#2344;&#2381;ž&#2342;&#2325;&#2368; &#2346;&#2370;&#2352;&#2381;&#2357;&#2368;
249345,75521,7,Bindki (MB) - Ward No.7 &#2361;&#2332;&#2352;&#2340;&#2346;&#2369;&#2352; &#2346;&#2358;&#2381;&#2330;&#2367;&#2350;&#2368;
249345,75522,8,Bindki (MB) - Ward No.8 &#2350;&#2368;&#2352;&#2326;&#2346;&#2369;&#2352; &#2342;&#2325;&#2381;&#2359;&#2367;&#2339;&#2368;
249345,74060,9,Bindki (MB) - Ward No.9 &#2346;&#2373;&#2327;&#2350;&#2381;ž&#2348;&#2352;&#2346;&#2369;&#2352; &#2342;&#2325;&#2381;&#2359;&#2367;&#2339;&#2368;
249346,7763,1,Bahuwa (NP) - Ward No.1 &#2360;&#2352;&#2381;&#2357;&#2379;&#2342;&#2351; &#2344;&#2327;&#2352;
249346,7772,10,Bahuwa (NP) - Ward No.10 &#2358;&#2366;&#2344;&#2381;ž&#2340;&#2368; &#2344;&#2327;&#2352;
249346,7764,2,Bahuwa (NP) - Ward No.2 &#2327;&#2366;&#2306;&#2343;&#2368; &#2344;&#2327;&#2352;
249346,7765,3,Bahuwa (NP) - Ward No.3 &#2358;&#2366;&#2360;&#2381;ž&#2340;&#2381;&#2352;&#2368; &#2344;&#2327;&#2352;
249346,7766,4,Bahuwa (NP) - Ward No.4 &#2325;&#2364;&#2359;&#2381;ž&#2339;&#2366;&#2344;&#2327;&#2352; &#2346;&#2358;&#2381;&#2330;&#2367;&#2350;&#2368;
249346,7767,5,Bahuwa (NP) - Ward No.5 &#2352;&#2366;&#2332;&#2344;&#2327;&#2352;
249346,7768,6,Bahuwa (NP) - Ward No.6 &#2357;&#2367;&#2332;&#2351; &#2344;&#2327;&#2352;
249346,7769,7,Bahuwa (NP) - Ward No.7 &#2325;&#2364;&#2359;&#2381;ž&#2339;&#2366;&#2344;&#2327;&#2352; &#2346;&#2370;&#2352;&#2381;&#2357;&#2368;
249346,7770,8,Bahuwa (NP) - Ward No.8 &#2310;&#2332;&#2366;&#2342; &#2344;&#2327;&#2352;
249346,7771,9,Bahuwa (NP) - Ward No.9 &#2332;&#2357;&#2366;&#2361;&#2352; &#2344;&#2327;&#2352;
249347,7773,1,Fatehpur (MB) - Ward No.1 &#2309;&#2332;&#2327;&#2357;&#2377;
249347,7782,10,Fatehpur (MB) - Ward No.10 &#2309;&#2360;&#2381;ž&#2340;&#2368;
249347,7783,11,Fatehpur (MB) - Ward No.11 &#2310;&#2357;&#2366;&#2360; &#2357;&#2367;&#2325;&#2366;&#2360;
249347,7784,12,Fatehpur (MB) - Ward No.12 &#2352;&#2366;&#2343;&#2366; &#2344;&#2327;&#2352;
249347,7785,13,Fatehpur (MB) - Ward No.13 &#2325;&#2354;&#2375;&#2325;&#2381;ž&#2335;&#2352;&#2327;&#2306;&#2332;
249347,7786,14,Fatehpur (MB) - Ward No.14 &#2352;&#2366;&#2350;&#2327;&#2306;&#2332;
249347,7787,15,Fatehpur (MB) - Ward No.15 &#2360;&#2366;&#2342;&#2368;&#2346;&#2369;&#2352;
249347,7847,16,Fatehpur (MB) - Ward No.16 &#2309;&#2350;&#2352;&#2332;&#2312;
249347,7848,17,Fatehpur (MB) - Ward No.17 &#2332;&#2381;ž&#2357;&#2366;&#2354;&#2366;&#2327;&#2306;&#2332;
249347,7849,18,Fatehpur (MB) - Ward No.18 &#2309;&#2361;&#2350;&#2342;&#2327;&#2306;&#2332;
249347,7850,19,Fatehpur (MB) - Ward No.19 &#2352;&#2375;&#2337;&#2311;&#2351;&#2366;
249347,7774,2,Fatehpur (MB) - Ward No.2 &#2310;&#2348;&#2370;&#2344;&#2327;&#2352;
249347,7851,20,Fatehpur (MB) - Ward No.20 &#2360;&#2367;&#2357;&#2367;&#2354; &#2354;&#2366;&#2311;&#2344;
249347,7852,21,Fatehpur (MB) - Ward No.21 &#2350;&#2360;&#2357;&#2366;&#2344;&#2368;
249347,7853,22,Fatehpur (MB) - Ward No.22 &#2348;&#2366;&#2325;&#2352;&#2327;&#2306;&#2332;
249347,7854,23,Fatehpur (MB) - Ward No.23 &#2326;&#2375;&#2354;&#2342;&#2366;&#2352;
249347,7855,24,Fatehpur (MB) - Ward No.24 &#2350;&#2361;&#2366;&#2332;&#2352;&#2368;
249347,7856,25,Fatehpur (MB) - Ward No.25 &#2350;&#2369;&#2352;&#2366;&#2312;&#2344;&#2335;&#2379;&#2354;&#2366;
249347,2453,26,Fatehpur(MB) -Ward No. 26 &#2330;&#2380;&#2343;&#2352;&#2366;&#2344;&#2366;
249347,2454,27,Fatehpur(MB) -Ward No. 27 &#2346;&#2368;&#2352;&#2344;&#2346;&#2369;&#2352;
249347,2455,28,Fatehpur(MB) -Ward No. 28 &#2330;&#2344;&#2381;&#2342;&#2367;&#2351;&#2366;&#2344;&#2366;
249347,2456,29,Fatehpur(MB) -Ward No. 29 &#2346;&#2344;&#2368;
249347,7775,3,Fatehpur (MB) - Ward No.3 &#2309;&#2344;&#2381;ž&#2342;&#2380;&#2354;&#2368;
249347,2457,30,Fatehpur(MB) -Ward No. 30 &#2360;&#2376;&#2351;&#2342; &#2348;&#2366;&#2337;&#2366;
249347,7776,4,Fatehpur (MB) - Ward No.4 &#2326;&#2350;&#2381;ž&#2348;&#2366;&#2346;&#2369;&#2352;
249347,7777,5,Fatehpur (MB) - Ward No.5 &#2333;&#2366;&#2314;&#2346;&#2369;&#2352;
249347,7778,6,Fatehpur (MB) - Ward No.6 &#2309;&#2352;&#2348;&#2346;&#2369;&#2352;
249347,7779,7,Fatehpur (MB) - Ward No.7 &#2342;&#2375;&#2357;&#2368;&#2327;&#2306;&#2332;
249347,7780,8,Fatehpur (MB) - Ward No.8 &#2361;&#2352;&#2367;&#2361;&#2352;&#2327;&#2306;&#2332;
249347,7781,9,Fatehpur (MB) - Ward No.9 &#2325;&#2364;&#2359;&#2381;ž&#2339; &#2348;&#2367;&#2361;&#2366;&#2352;&#2368; &#2344;&#2327;&#2352;
249348,7857,1,Khaga (NP) - Ward No.1 &#2344;&#2381;ž&#2351;&#2370;&#2344;&#2327;&#2338;&#2368; &#2342;&#2325;&#2381;&#2359;&#2367;&#2339;&#2368;
249348,7866,10,Khaga (NP) - Ward No.10 &#2348;&#2381;&#2352;&#2366;&#2350;&#2381;ž&#2361;&#2339; &#2335;&#2379;&#2354;&#2366;
249348,2548,11,Khaga (NP) - Ward No.11 &#2348;&#2366;&#2332;&#2366;&#2352;
249348,2549,12,Khaga (NP) - Ward No.12 &#2344;&#2312; &#2348;&#2366;&#2332;&#2366;&#2352; &#2342;&#2325;&#2381;&#2359;&#2367;&#2339;&#2368;
249348,2550,13,Khaga (NP) - Ward No.13 &#2352;&#2366;&#2350;&#2344;&#2327;&#2352;
249348,2551,14,Khaga (NP) - Ward No.14 &#2330;&#2380;&#2337;&#2366; &#2326;&#2375;&#2352; &#2313;&#2340;&#2381;ž&#2340;&#2352;&#2368;
249348,7858,2,Khaga (NP) - Ward No.2 &#2344;&#2312;&#2348;&#2366;&#2332;&#2366;&#2352; &#2313;&#2340;&#2381;ž&#2340;&#2352;&#2368; &#2349;&#2366;&#2327;
249348,7859,3,Khaga (NP) - Ward No.3 &#2327;&#2338;&#2368; &#2313;&#2340;&#2381;ž&#2340;&#2352;&#2368;
249348,7860,4,Khaga (NP) - Ward No.4 &#2330;&#2380;&#2352;&#2366;&#2361;&#2366;&#2344;&#2381;ž&#2351;&#2370;&#2344;
249348,7861,5,Khaga (NP) - Ward No.5 &#2342;&#2352;&#2381;&#2332;&#2367;&#2344; &#2335;&#2379;&#2354;&#2366;
249348,7862,6,Khaga (NP) - Ward No.6 &#2330;&#2380;&#2337;&#2366;&#2326;&#2375;&#2352; &#2342;&#2325;&#2381;&#2359;&#2367;&#2339;&#2368;
249348,7863,7,Khaga (NP) - Ward No.7 &#2327;&#2342;&#2366;&#2312;
249348,7864,8,Khaga (NP) - Ward No.8 &#2344;&#2312; &#2348;&#2366;&#2332;&#2366;&#2352; &#2350;&#2343;&#2381;ž&#2351;
249348,7865,9,Khaga (NP) - Ward No.9 &#2330;&#2380;&#2352;&#2366;&#2361;&#2366; &#2309;&#2343;&#2367;&#2325;&#2366;&#2306;&#2358;
249349,74077,1,Kishunpur (NP) - Ward No.1 &#2346;&#2358;&#2381;&#2330;&#2367;&#2350;&#2368; &#2326;&#2335;&#2367;&#2325;&#2366;&#2344;&#2366;
249349,74086,10,Kishunpur (NP) - Ward No.10 &#2331;&#2367;&#2346;&#2361;&#2335;&#2368;
249349,74078,2,Kishunpur (NP) - Ward No.2 &#2346;&#2370;&#2352;&#2381;&#2357;&#2368; &#2326;&#2335;&#2367;&#2325;&#2366;&#2344;&#2366;
249349,74079,3,Kishunpur (NP) - Ward No.3 &#2331;&#2368;&#2306;&#2331;&#2366;&#2346;&#2366;&#2352; &#2326;&#2335;&#2367;&#2325;&#2366;&#2344;&#2366;
249349,74080,4,Kishunpur (NP) - Ward No.4 &#2344;&#2352;&#2357;&#2366;&#2346;&#2352; &#2326;&#2335;&#2367;&#2325;&#2366;&#2344;&#2366;
249349,74081,5,Kishunpur (NP) - Ward No.5 &#2340;&#2350;&#2352;&#2361;&#2335;&#2368;
249349,74082,6,Kishunpur (NP) - Ward No.6 &#2309;&#2361;&#2367;&#2352;&#2366;&#2344;&#2366; &#2348;&#2361;&#2367;&#2352;&#2366;&#2344;&#2366;
249349,74083,7,Kishunpur (NP) - Ward No.7 &#2309;&#2327;&#2381;&#2352;&#2357;&#2366;&#2354; &#2309;&#2343;&#2367;&#2325;&#2366;&#2306;&#2358; &#2313;&#2340;&#2381;ž&#2340;&#2352;&#2368; &#2349;&#2366;&#2327;
249349,74084,8,Kishunpur (NP) - Ward No.8 &#2309;&#2327;&#2381;&#2352;&#2357;&#2366;&#2354; &#2309;&#2343;&#2367;&#2325;&#2366;&#2306;&#2358; &#2342;&#2325;&#2381;&#2359;&#2367;&#2339;&#2368; &#2349;&#2366;&#2327;
249349,74085,9,Kishunpur (NP) - Ward No.9 &#2352;&#2380;&#2340;&#2366;&#2344;&#2366;
249350,7867,1,Manikpur (NP) - Ward No.1
249350,7876,10,Manikpur (NP) - Ward No.10
249350,7877,11,Manikpur (NP) - Ward No.11
249350,7868,2,Manikpur (NP) - Ward No.2
249350,7869,3,Manikpur (NP) - Ward No.3
249350,7870,4,Manikpur (NP) - Ward No.4
249350,7871,5,Manikpur (NP) - Ward No.5
249350,7872,6,Manikpur (NP) - Ward No.6
249350,7873,7,Manikpur (NP) - Ward No.7
249350,7874,8,Manikpur (NP) - Ward No.8
249350,7875,9,Manikpur (NP) - Ward No.9
249351,7878,1,Kunda (NP) - Ward No.1
249351,7887,10,Kunda (NP) - Ward No.10
249351,7888,11,Kunda (NP) - Ward No.11
249351,7889,12,Kunda (NP) - Ward No.12
249351,7890,13,Kunda (NP) - Ward No.13
249351,7891,14,Kunda (NP) - Ward No.14
249351,7879,2,Kunda (NP) - Ward No.2
249351,7880,3,Kunda (NP) - Ward No.3
249351,7881,4,Kunda (NP) - Ward No.4
249351,7882,5,Kunda (NP) - Ward No.5
249351,7883,6,Kunda (NP) - Ward No.6
249351,7884,7,Kunda (NP) - Ward No.7
249351,7885,8,Kunda (NP) - Ward No.8
249351,7886,9,Kunda (NP) - Ward No.9
249352,7892,1,Antu (NP) - Ward No.1
249352,7901,10,Antu (NP) - Ward No.10
249352,7893,2,Antu (NP) - Ward No.2
249352,7894,3,Antu (NP) - Ward No.3
249352,7895,4,Antu (NP) - Ward No.4
249352,7896,5,Antu (NP) - Ward No.5
249352,7897,6,Antu (NP) - Ward No.6
249352,7898,7,Antu (NP) - Ward No.7
249352,7899,8,Antu (NP) - Ward No.8
249352,7900,9,Antu (NP) - Ward No.9
249353,7902,1,Bela Pratapgarh (MB) - Ward No.1
249353,8011,10,Bela Pratapgarh (MB) - Ward No.10
249353,8012,11,Bela Pratapgarh (MB) - Ward No.11
249353,8013,12,Bela Pratapgarh (MB) - Ward No.12
249353,8014,13,Bela Pratapgarh (MB) - Ward No.13
249353,8015,14,Bela Pratapgarh (MB) - Ward No.14
249353,8016,15,Bela Pratapgarh (MB) - Ward No.15
249353,8017,16,Bela Pratapgarh (MB) - Ward No.16
249353,8018,17,Bela Pratapgarh (MB) - Ward No.17
249353,8019,18,Bela Pratapgarh (MB) - Ward No.18
249353,8020,19,Bela Pratapgarh (MB) - Ward No.19
249353,7903,2,Bela Pratapgarh (MB) - Ward No.2
249353,8021,20,Bela Pratapgarh (MB) - Ward No.20
249353,8022,21,Bela Pratapgarh (MB) - Ward No.21
249353,8023,22,Bela Pratapgarh (MB) - Ward No.22
249353,8024,23,Bela Pratapgarh (MB) - Ward No.23
249353,8025,24,Bela Pratapgarh (MB) - Ward No.24
249353,8026,25,Bela Pratapgarh (MB) - Ward No.25
249353,7904,3,Bela Pratapgarh (MB) - Ward No.3
249353,7905,4,Bela Pratapgarh (MB) - Ward No.4
249353,7906,5,Bela Pratapgarh (MB) - Ward No.5
249353,7907,6,Bela Pratapgarh (MB) - Ward No.6
249353,7908,7,Bela Pratapgarh (MB) - Ward No.7
249353,7909,8,Bela Pratapgarh (MB) - Ward No.8
249353,7910,9,Bela Pratapgarh (MB) - Ward No.9
249354,74087,1,Pratapgarh City (NP) - Ward No.1
249354,74096,10,Pratapgarh City (NP) - Ward No.10
249354,74088,2,Pratapgarh City (NP) - Ward No.2
249354,74089,3,Pratapgarh City (NP) - Ward No.3
249354,74090,4,Pratapgarh City (NP) - Ward No.4
249354,74091,5,Pratapgarh City (NP) - Ward No.5
249354,74092,6,Pratapgarh City (NP) - Ward No.6
249354,74093,7,Pratapgarh City (NP) - Ward No.7
249354,74094,8,Pratapgarh City (NP) - Ward No.8
249354,74095,9,Pratapgarh City (NP) - Ward No.9
249355,8027,1,Katra Medniganj (NP) - Ward No.1
249355,8036,10,Katra Medniganj (NP) - Ward No.10
249355,8028,2,Katra Medniganj (NP) - Ward No.2
249355,8029,3,Katra Medniganj (NP) - Ward No.3
249355,8030,4,Katra Medniganj (NP) - Ward No.4
249355,8031,5,Katra Medniganj (NP) - Ward No.5
249355,8032,6,Katra Medniganj (NP) - Ward No.6
249355,8033,7,Katra Medniganj (NP) - Ward No.7
249355,8034,8,Katra Medniganj (NP) - Ward No.8
249355,8035,9,Katra Medniganj (NP) - Ward No.9
249356,74097,1,Patti (NP) - Ward No.1
249356,74106,10,Patti (NP) - Ward No.10
249356,74098,2,Patti (NP) - Ward No.2
249356,74099,3,Patti (NP) - Ward No.3
249356,74100,4,Patti (NP) - Ward No.4
249356,74101,5,Patti (NP) - Ward No.5
249356,74102,6,Patti (NP) - Ward No.6
249356,74103,7,Patti (NP) - Ward No.7
249356,74104,8,Patti (NP) - Ward No.8
249356,74105,9,Patti (NP) - Ward No.9
249357,8037,1,Ajhuwa (NP) - Ward No.1
249357,8046,10,Ajhuwa (NP) - Ward No.10
249357,8047,11,Ajhuwa (NP) - Ward No.11
249357,3618,12,Ajhuwa (NP) - Ward No.12
249357,8038,2,Ajhuwa (NP) - Ward No.2
249357,8039,3,Ajhuwa (NP) - Ward No.3
249357,8040,4,Ajhuwa (NP) - Ward No.4
249357,8041,5,Ajhuwa (NP) - Ward No.5
249357,8042,6,Ajhuwa (NP) - Ward No.6
249357,8043,7,Ajhuwa (NP) - Ward No.7
249357,8044,8,Ajhuwa (NP) - Ward No.8
249357,8045,9,Ajhuwa (NP) - Ward No.9
249358,74107,1,Sirathu (NP) - Ward No.1
249358,74116,10,Sirathu (NP) - Ward No.10
249358,71057,11,Sirathu (NP) - Ward No.11
249358,71058,12,Sirathu (NP) - Ward No.12
249358,74108,2,Sirathu (NP) - Ward No.2
249358,74109,3,Sirathu (NP) - Ward No.3
249358,74110,4,Sirathu (NP) - Ward No.4
249358,74111,5,Sirathu (NP) - Ward No.5
249358,74112,6,Sirathu (NP) - Ward No.6
249358,74113,7,Sirathu (NP) - Ward No.7
249358,74114,8,Sirathu (NP) - Ward No.8
249358,74115,9,Sirathu (NP) - Ward No.9
249359,8048,1,Manjhanpur (NP) - Ward No.1
249359,8057,10,Manjhanpur (NP) - Ward No.10
249359,3619,11,Manjhanpur (NP) - Ward No.11
249359,3620,12,Manjhanpur (NP) - Ward No.12
249359,8049,2,Manjhanpur (NP) - Ward No.2
249359,8050,3,Manjhanpur (NP) - Ward No.3
249359,8051,4,Manjhanpur (NP) - Ward No.4
249359,8052,5,Manjhanpur (NP) - Ward No.5
249359,8053,6,Manjhanpur (NP) - Ward No.6
249359,8054,7,Manjhanpur (NP) - Ward No.7
249359,8055,8,Manjhanpur (NP) - Ward No.8
249359,8056,9,Manjhanpur (NP) - Ward No.9
249360,74117,1,Karari (NP) - Ward No.1
249360,74126,10,Karari (NP) - Ward No.10
249360,71059,11,Karari (NP) - Ward No.11
249360,71060,12,Karari (NP) - Ward No.12
249360,74118,2,Karari (NP) - Ward No.2
249360,74119,3,Karari (NP) - Ward No.3
249360,74120,4,Karari (NP) - Ward No.4
249360,74121,5,Karari (NP) - Ward No.5
249360,74122,6,Karari (NP) - Ward No.6
249360,74123,7,Karari (NP) - Ward No.7
249360,74124,8,Karari (NP) - Ward No.8
249360,74125,9,Karari (NP) - Ward No.9
249361,8058,1,Bharwari (NP) - Ward No.1
249361,8067,10,Bharwari (NP) - Ward No.10
249361,8068,11,Bharwari (NP) - Ward No.11
249361,3621,12,Bharwari (NP) - Ward No.12
249361,8059,2,Bharwari (NP) - Ward No.2
249361,8060,3,Bharwari (NP) - Ward No.3
249361,8061,4,Bharwari (NP) - Ward No.4
249361,8062,5,Bharwari (NP) - Ward No.5
249361,8063,6,Bharwari (NP) - Ward No.6
249361,8064,7,Bharwari (NP) - Ward No.7
249361,8065,8,Bharwari (NP) - Ward No.8
249361,8066,9,Bharwari (NP) - Ward No.9
249362,8069,1,Chail (NP) - Ward No.1
249362,8078,10,Chail (NP) - Ward No.10
249362,8070,2,Chail (NP) - Ward No.2
249362,8071,3,Chail (NP) - Ward No.3
249362,8072,4,Chail (NP) - Ward No.4
249362,8073,5,Chail (NP) - Ward No.5
249362,8074,6,Chail (NP) - Ward No.6
249362,8075,7,Chail (NP) - Ward No.7
249362,8076,8,Chail (NP) - Ward No.8
249362,8077,9,Chail (NP) - Ward No.9
249363,8079,1,Sarai Aquil (NP) - Ward No.1
249363,8088,10,Sarai Aquil (NP) - Ward No.10
249363,8089,11,Sarai Aquil (NP) - Ward No.11
249363,3622,12,Sarai Aquil (NP) - Ward No.12
249363,3623,13,Sarai Aquil (NP) - Ward No.13
249363,8080,2,Sarai Aquil (NP) - Ward No.2
249363,8081,3,Sarai Aquil (NP) - Ward No.3
249363,8082,4,Sarai Aquil (NP) - Ward No.4
249363,8083,5,Sarai Aquil (NP) - Ward No.5
249363,8084,6,Sarai Aquil (NP) - Ward No.6
249363,8085,7,Sarai Aquil (NP) - Ward No.7
249363,8086,8,Sarai Aquil (NP) - Ward No.8
249363,8087,9,Sarai Aquil (NP) - Ward No.9
249364,74127,1,Mau Aima (NP) - Ward No.1
249364,74136,10,Mau Aima (NP) - Ward No.10
249364,74137,11,Mau Aima (NP) - Ward No.11
249364,74138,12,Mau Aima (NP) - Ward No.12
249364,74128,2,Mau Aima (NP) - Ward No.2
249364,74129,3,Mau Aima (NP) - Ward No.3
249364,74130,4,Mau Aima (NP) - Ward No.4
249364,74131,5,Mau Aima (NP) - Ward No.5
249364,74132,6,Mau Aima (NP) - Ward No.6
249364,74133,7,Mau Aima (NP) - Ward No.7
249364,74134,8,Mau Aima (NP) - Ward No.8
249364,74135,9,Mau Aima (NP) - Ward No.9
249365,8090,1,Lal Gopalganj Nindaura (NP) - Ward No.1
249365,8191,10,Lal Gopalganj Nindaura (NP) - Ward No.10
249365,8192,11,Lal Gopalganj Nindaura (NP) - Ward No.11
249365,8193,12,Lal Gopalganj Nindaura (NP) - Ward No.12
249365,8194,13,Lal Gopalganj Nindaura (NP) - Ward No.13
249365,8195,14,Lal Gopalganj Nindaura (NP) - Ward No.14
249365,8196,15,Lal Gopalganj Nindaura (NP) - Ward No.15
249365,8091,2,Lal Gopalganj Nindaura (NP) - Ward No.2
249365,8092,3,Lal Gopalganj Nindaura (NP) - Ward No.3
249365,8093,4,Lal Gopalganj Nindaura (NP) - Ward No.4
249365,8094,5,Lal Gopalganj Nindaura (NP) - Ward No.5
249365,8095,6,Lal Gopalganj Nindaura (NP) - Ward No.6
249365,8096,7,Lal Gopalganj Nindaura (NP) - Ward No.7
249365,8097,8,Lal Gopalganj Nindaura (NP) - Ward No.8
249365,8098,9,Lal Gopalganj Nindaura (NP) - Ward No.9
249368,8208,1,Phulpur (NP) - Ward No.1
249368,8217,10,Phulpur (NP) - Ward No.10
249368,8218,11,Phulpur (NP) - Ward No.11
249368,8219,12,Phulpur (NP) - Ward No.12
249368,8220,13,Phulpur (NP) - Ward No.13
249368,8221,14,Phulpur (NP) - Ward No.14
249368,8209,2,Phulpur (NP) - Ward No.2
249368,8210,3,Phulpur (NP) - Ward No.3
249368,8211,4,Phulpur (NP) - Ward No.4
249368,8212,5,Phulpur (NP) - Ward No.5
249368,8213,6,Phulpur (NP) - Ward No.6
249368,8214,7,Phulpur (NP) - Ward No.7
249368,8215,8,Phulpur (NP) - Ward No.8
249368,8216,9,Phulpur (NP) - Ward No.9
249369,8222,1,Allahabad (M Corp.) - Ward No.1
249369,8231,10,Allahabad (M Corp.) - Ward No.10
249369,8232,11,Allahabad (M Corp.) - Ward No.11
249369,8233,12,Allahabad (M Corp.) - Ward No.12
249369,8234,13,Allahabad (M Corp.) - Ward No.13
249369,8235,14,Allahabad (M Corp.) - Ward No.14
249369,8236,15,Allahabad (M Corp.) - Ward No.15
249369,8237,16,Allahabad (M Corp.) - Ward No.16
249369,8238,17,Allahabad (M Corp.) - Ward No.17
249369,8239,18,Allahabad (M Corp.) - Ward No.18
249369,8240,19,Allahabad (M Corp.) - Ward No.19
249369,8223,2,Allahabad (M Corp.) - Ward No.2
249369,8241,20,Allahabad (M Corp.) - Ward No.20
249369,8242,21,Allahabad (M Corp.) - Ward No.21
249369,8243,22,Allahabad (M Corp.) - Ward No.22
249369,8244,23,Allahabad (M Corp.) - Ward No.23
249369,8245,24,Allahabad (M Corp.) - Ward No.24
249369,8246,25,Allahabad (M Corp.) - Ward No.25
249369,8247,26,Allahabad (M Corp.) - Ward No.26
249369,8248,27,Allahabad (M Corp.) - Ward No.27
249369,8249,28,Allahabad (M Corp.) - Ward No.28
249369,8250,29,Allahabad (M Corp.) - Ward No.29
249369,8224,3,Allahabad (M Corp.) - Ward No.3
249369,8251,30,Allahabad (M Corp.) - Ward No.30
249369,8252,31,Allahabad (M Corp.) - Ward No.31
249369,8253,32,Allahabad (M Corp.) - Ward No.32
249369,8254,33,Allahabad (M Corp.) - Ward No.33
249369,8255,34,Allahabad (M Corp.) - Ward No.34
249369,8256,35,Allahabad (M Corp.) - Ward No.35
249369,8257,36,Allahabad (M Corp.) - Ward No.36
249369,8258,37,Allahabad (M Corp.) - Ward No.37
249369,8259,38,Allahabad (M Corp.) - Ward No.38
249369,8260,39,Allahabad (M Corp.) - Ward No.39
249369,8225,4,Allahabad (M Corp.) - Ward No.4
249369,8261,40,Allahabad (M Corp.) - Ward No.40
249369,8262,41,Allahabad (M Corp.) - Ward No.41
249369,8263,42,Allahabad (M Corp.) - Ward No.42
249369,8264,43,Allahabad (M Corp.) - Ward No.43
249369,8265,44,Allahabad (M Corp.) - Ward No.44
249369,8266,45,Allahabad (M Corp.) - Ward No.45
249369,8267,46,Allahabad (M Corp.) - Ward No.46
249369,8268,47,Allahabad (M Corp.) - Ward No.47
249369,8269,48,Allahabad (M Corp.) - Ward No.48
249369,8270,49,Allahabad (M Corp.) - Ward No.49
249369,8226,5,Allahabad (M Corp.) - Ward No.5
249369,8271,50,Allahabad (M Corp.) - Ward No.50
249369,8272,51,Allahabad (M Corp.) - Ward No.51
249369,8273,52,Allahabad (M Corp.) - Ward No.52
249369,8274,53,Allahabad (M Corp.) - Ward No.53
249369,8275,54,Allahabad (M Corp.) - Ward No.54
249369,8276,55,Allahabad (M Corp.) - Ward No.55
249369,8277,56,Allahabad (M Corp.) - Ward No.56
249369,8278,57,Allahabad (M Corp.) - Ward No.57
249369,8279,58,Allahabad (M Corp.) - Ward No.58
249369,8280,59,Allahabad (M Corp.) - Ward No.59
249369,8227,6,Allahabad (M Corp.) - Ward No.6
249369,8281,60,Allahabad (M Corp.) - Ward No.60
249369,8282,61,Allahabad (M Corp.) - Ward No.61
249369,8283,62,Allahabad (M Corp.) - Ward No.62
249369,8284,63,Allahabad (M Corp.) - Ward No.63
249369,8285,64,Allahabad (M Corp.) - Ward No.64
249369,8286,65,Allahabad (M Corp.) - Ward No.65
249369,8287,66,Allahabad (M Corp.) - Ward No.66
249369,8288,67,Allahabad (M Corp.) - Ward No.67
249369,8289,68,Allahabad (M Corp.) - Ward No.68
249369,8290,69,Allahabad (M Corp.) - Ward No.69
249369,8228,7,Allahabad (M Corp.) - Ward No.7
249369,8291,70,Allahabad (M Corp.) - Ward No.70
249369,8229,8,Allahabad (M Corp.) - Ward No.8
249369,8302,81,T.S.L.Factory (OG) - Ward No.81
249369,8303,82,Triveni Nagar (N.E.C.S.W.) (OG) - Ward No.82
249369,8304,83,Doorbani nagar (OG) - Ward No.83
249369,8305,84,A.D.A. Colony (OG) - Ward No.84
249369,8306,85,Gurunanak Nagar (OG) - Ward No.85
249369,8307,86,Shiv Nagar (OG) - Ward No.86
249369,8308,87,"Gandhi Nagar, Manas Nagar, Industrial Labour Colony (OG) - Ward No.87"
249369,8230,9,Allahabad (M Corp.) - Ward No.9
249370,74139,1,Shankargarh (NP) - Ward No.1
249370,74148,10,Shankargarh (NP) - Ward No.10
249370,74149,11,Shankargarh (NP) - Ward No.11
249370,74140,2,Shankargarh (NP) - Ward No.2
249370,74141,3,Shankargarh (NP) - Ward No.3
249370,74142,4,Shankargarh (NP) - Ward No.4
249370,74143,5,Shankargarh (NP) - Ward No.5
249370,74144,6,Shankargarh (NP) - Ward No.6
249370,74145,7,Shankargarh (NP) - Ward No.7
249370,74146,8,Shankargarh (NP) - Ward No.8
249370,74147,9,Shankargarh (NP) - Ward No.9
249372,74150,1,Handia (NP) - Ward No.1
249372,74159,10,Handia (NP) - Ward No.10
249372,74160,11,Handia (NP) - Ward No.11
249372,74161,12,Handia (NP) - Ward No.12
249372,74151,2,Handia (NP) - Ward No.2
249372,74152,3,Handia (NP) - Ward No.3
249372,74153,4,Handia (NP) - Ward No.4
249372,74154,5,Handia (NP) - Ward No.5
249372,74155,6,Handia (NP) - Ward No.6
249372,74156,7,Handia (NP) - Ward No.7
249372,74157,8,Handia (NP) - Ward No.8
249372,74158,9,Handia (NP) - Ward No.9
249373,8310,1,Sirsa (NP) - Ward No.1
249373,8319,10,Sirsa (NP) - Ward No.10
249373,8311,2,Sirsa (NP) - Ward No.2
249373,8312,3,Sirsa (NP) - Ward No.3
249373,8313,4,Sirsa (NP) - Ward No.4
249373,8314,5,Sirsa (NP) - Ward No.5
249373,8315,6,Sirsa (NP) - Ward No.6
249373,8316,7,Sirsa (NP) - Ward No.7
249373,8317,8,Sirsa (NP) - Ward No.8
249373,8318,9,Sirsa (NP) - Ward No.9
249374,8320,1,Bharatganj (NP) - Ward No.1
249374,8329,10,Bharatganj (NP) - Ward No.10
249374,8330,11,Bharatganj (NP) - Ward No.11
249374,8331,12,Bharatganj (NP) - Ward No.12
249374,8321,2,Bharatganj (NP) - Ward No.2
249374,8322,3,Bharatganj (NP) - Ward No.3
249374,8323,4,Bharatganj (NP) - Ward No.4
249374,8324,5,Bharatganj (NP) - Ward No.5
249374,8325,6,Bharatganj (NP) - Ward No.6
249374,8326,7,Bharatganj (NP) - Ward No.7
249374,8327,8,Bharatganj (NP) - Ward No.8
249374,8328,9,Bharatganj (NP) - Ward No.9
249375,8332,1,Koraon (NP) - Ward No.1
249375,8341,10,Koraon (NP) - Ward No.10
249375,8333,2,Koraon (NP) - Ward No.2
249375,8334,3,Koraon (NP) - Ward No.3
249375,8335,4,Koraon (NP) - Ward No.4
249375,8336,5,Koraon (NP) - Ward No.5
249375,8337,6,Koraon (NP) - Ward No.6
249375,8338,7,Koraon (NP) - Ward No.7
249375,8339,8,Koraon (NP) - Ward No.8
249375,8340,9,Koraon (NP) - Ward No.9
249376,74162,1,Fatehpur (NP) - Ward No.1
249376,74171,10,Fatehpur (NP) - Ward No.10
249376,74172,11,Fatehpur (NP) - Ward No.11
249376,74173,12,Fatehpur (NP) - Ward No.12
249376,74174,13,Fatehpur (NP) - Ward No.13
249376,74175,14,Fatehpur (NP) - Ward No.14
249376,74176,15,Fatehpur (NP) - Ward No.15
249376,74177,16,Fatehpur (NP) - Ward No.16
249376,74163,2,Fatehpur (NP) - Ward No.2
249376,74164,3,Fatehpur (NP) - Ward No.3
249376,74165,4,Fatehpur (NP) - Ward No.4
249376,74166,5,Fatehpur (NP) - Ward No.5
249376,74167,6,Fatehpur (NP) - Ward No.6
249376,74168,7,Fatehpur (NP) - Ward No.7
249376,74169,8,Fatehpur (NP) - Ward No.8
249376,74170,9,Fatehpur (NP) - Ward No.9
249377,8342,1,Ramnagar (NP) - Ward No.1
249377,8351,10,Ramnagar (NP) - Ward No.10
249377,8343,2,Ramnagar (NP) - Ward No.2
249377,8344,3,Ramnagar (NP) - Ward No.3
249377,8345,4,Ramnagar (NP) - Ward No.4
249377,8346,5,Ramnagar (NP) - Ward No.5
249377,8347,6,Ramnagar (NP) - Ward No.6
249377,8348,7,Ramnagar (NP) - Ward No.7
249377,8349,8,Ramnagar (NP) - Ward No.8
249377,8350,9,Ramnagar (NP) - Ward No.9
249378,8352,1,Dewa (NP) - Ward No.1
249378,8361,10,Dewa (NP) - Ward No.10
249378,8353,2,Dewa (NP) - Ward No.2
249378,8354,3,Dewa (NP) - Ward No.3
249378,8355,4,Dewa (NP) - Ward No.4
249378,8356,5,Dewa (NP) - Ward No.5
249378,8357,6,Dewa (NP) - Ward No.6
249378,8358,7,Dewa (NP) - Ward No.7
249378,8359,8,Dewa (NP) - Ward No.8
249378,8360,9,Dewa (NP) - Ward No.9
249380,8362,1,Banki (NP) - Ward No.1
249380,8468,10,Banki (NP) - Ward No.10
249380,8469,11,Banki (NP) - Ward No.11
249380,8470,12,Banki (NP) - Ward No.12
249380,8363,2,Banki (NP) - Ward No.2
249380,8364,3,Banki (NP) - Ward No.3
249380,8365,4,Banki (NP) - Ward No.4
249380,8366,5,Banki (NP) - Ward No.5
249380,8367,6,Banki (NP) - Ward No.6
249380,8368,7,Banki (NP) - Ward No.7
249380,8466,8,Banki (NP) - Ward No.8
249380,8467,9,Banki (NP) - Ward No.9
249381,8471,1,Satrikh (NP) - Ward No.1
249381,8480,10,Satrikh (NP) - Ward No.10
249381,8472,2,Satrikh (NP) - Ward No.2
249381,8473,3,Satrikh (NP) - Ward No.3
249381,8474,4,Satrikh (NP) - Ward No.4
249381,8475,5,Satrikh (NP) - Ward No.5
249381,8476,6,Satrikh (NP) - Ward No.6
249381,8477,7,Satrikh (NP) - Ward No.7
249381,8478,8,Satrikh (NP) - Ward No.8
249381,8479,9,Satrikh (NP) - Ward No.9
249382,74204,1,Zaidpur (NP) - Ward No.1
249382,74213,10,Zaidpur (NP) - Ward No.10
249382,74214,11,Zaidpur (NP) - Ward No.11
249382,74215,12,Zaidpur (NP) - Ward No.12
249382,74216,13,Zaidpur (NP) - Ward No.13
249382,74217,14,Zaidpur (NP) - Ward No.14
249382,74218,15,Zaidpur (NP) - Ward No.15
249382,74219,16,Zaidpur (NP) - Ward No.16
249382,74205,2,Zaidpur (NP) - Ward No.2
249382,74206,3,Zaidpur (NP) - Ward No.3
249382,74207,4,Zaidpur (NP) - Ward No.4
249382,74208,5,Zaidpur (NP) - Ward No.5
249382,74209,6,Zaidpur (NP) - Ward No.6
249382,74210,7,Zaidpur (NP) - Ward No.7
249382,74211,8,Zaidpur (NP) - Ward No.8
249382,74212,9,Zaidpur (NP) - Ward No.9
249384,8482,1,Tikait Nagar (NP) - Ward No.1
249384,8491,10,Tikait Nagar (NP) - Ward No.10
249384,8483,2,Tikait Nagar (NP) - Ward No.2
249384,8484,3,Tikait Nagar (NP) - Ward No.3
249384,8485,4,Tikait Nagar (NP) - Ward No.4
249384,8486,5,Tikait Nagar (NP) - Ward No.5
249384,8487,6,Tikait Nagar (NP) - Ward No.6
249384,8488,7,Tikait Nagar (NP) - Ward No.7
249384,8489,8,Tikait Nagar (NP) - Ward No.8
249384,8490,9,Tikait Nagar (NP) - Ward No.9
249385,8492,1,Dariyabad (NP) - Ward No.1
249385,8501,10,Dariyabad (NP) - Ward No.10
249385,8502,11,Dariyabad (NP) - Ward No.11
249385,8503,12,Dariyabad (NP) - Ward No.12
249385,8493,2,Dariyabad (NP) - Ward No.2
249385,8494,3,Dariyabad (NP) - Ward No.3
249385,8495,4,Dariyabad (NP) - Ward No.4
249385,8496,5,Dariyabad (NP) - Ward No.5
249385,8497,6,Dariyabad (NP) - Ward No.6
249385,8498,7,Dariyabad (NP) - Ward No.7
249385,8499,8,Dariyabad (NP) - Ward No.8
249385,8500,9,Dariyabad (NP) - Ward No.9
249386,8504,1,Siddhaur (NP) - Ward No.1
249386,8513,10,Siddhaur (NP) - Ward No.10
249386,8505,2,Siddhaur (NP) - Ward No.2
249386,8506,3,Siddhaur (NP) - Ward No.3
249386,8507,4,Siddhaur (NP) - Ward No.4
249386,8508,5,Siddhaur (NP) - Ward No.5
249386,8509,6,Siddhaur (NP) - Ward No.6
249386,8510,7,Siddhaur (NP) - Ward No.7
249386,8511,8,Siddhaur (NP) - Ward No.8
249386,8512,9,Siddhaur (NP) - Ward No.9
249387,8514,1,Haidergarh (NP) - Ward No.1
249387,8523,10,Haidergarh (NP) - Ward No.10
249387,8515,2,Haidergarh (NP) - Ward No.2
249387,8516,3,Haidergarh (NP) - Ward No.3
249387,8517,4,Haidergarh (NP) - Ward No.4
249387,8518,5,Haidergarh (NP) - Ward No.5
249387,8519,6,Haidergarh (NP) - Ward No.6
249387,8520,7,Haidergarh (NP) - Ward No.7
249387,8521,8,Haidergarh (NP) - Ward No.8
249387,8522,9,Haidergarh (NP) - Ward No.9
249388,74220,1,Rudauli (MB) - Ward No.1
249388,74229,10,Rudauli (MB) - Ward No.10
249388,74230,11,Rudauli (MB) - Ward No.11
249388,74231,12,Rudauli (MB) - Ward No.12
249388,74232,13,Rudauli (MB) - Ward No.13
249388,74233,14,Rudauli (MB) - Ward No.14
249388,74234,15,Rudauli (MB) - Ward No.15
249388,74235,16,Rudauli (MB) - Ward No.16
249388,74236,17,Rudauli (MB) - Ward No.17
249388,74237,18,Rudauli (MB) - Ward No.18
249388,74238,19,Rudauli (MB) - Ward No.19
249388,74221,2,Rudauli (MB) - Ward No.2
249388,74239,20,Rudauli (MB) - Ward No.20
249388,74240,21,Rudauli (MB) - Ward No.21
249388,74241,22,Rudauli (MB) - Ward No.22
249388,74242,23,Rudauli (MB) - Ward No.23
249388,74243,24,Rudauli (MB) - Ward No.24
249388,74244,25,Rudauli (MB) - Ward No.25
249388,74222,3,Rudauli (MB) - Ward No.3
249388,74223,4,Rudauli (MB) - Ward No.4
249388,74224,5,Rudauli (MB) - Ward No.5
249388,74225,6,Rudauli (MB) - Ward No.6
249388,74226,7,Rudauli (MB) - Ward No.7
249388,74227,8,Rudauli (MB) - Ward No.8
249388,74228,9,Rudauli (MB) - Ward No.9
249389,8524,1,Bhadarsa (NP) - Ward No.1
249389,8533,10,Bhadarsa (NP) - Ward No.10
249389,8525,2,Bhadarsa (NP) - Ward No.2
249389,8526,3,Bhadarsa (NP) - Ward No.3
249389,8527,4,Bhadarsa (NP) - Ward No.4
249389,8528,5,Bhadarsa (NP) - Ward No.5
249389,8529,6,Bhadarsa (NP) - Ward No.6
249389,8530,7,Bhadarsa (NP) - Ward No.7
249389,8531,8,Bhadarsa (NP) - Ward No.8
249389,8532,9,Bhadarsa (NP) - Ward No.9
249391,74245,1,Ayodhya (MB) - Ward No.1
249391,74254,10,Ayodhya (MB) - Ward No.10
249391,74255,11,Ayodhya (MB) - Ward No.11
249391,74256,12,Ayodhya (MB) - Ward No.12
249391,74257,13,Ayodhya (MB) - Ward No.13
249391,74258,14,Ayodhya (MB) - Ward No.14
249391,74259,15,Ayodhya (MB) - Ward No.15
249391,74260,16,Ayodhya (MB) - Ward No.16
249391,74261,17,Ayodhya (MB) - Ward No.17
249391,74262,18,Ayodhya (MB) - Ward No.18
249391,74263,19,Ayodhya (MB) - Ward No.19
249391,74246,2,Ayodhya (MB) - Ward No.2
249391,74264,20,Ayodhya (MB) - Ward No.20
249391,74265,21,Ayodhya (MB) - Ward No.21
249391,74266,22,Ayodhya (MB) - Ward No.22
249391,74267,23,Ayodhya (MB) - Ward No.23
249391,74268,24,Ayodhya (MB) - Ward No.24
249391,74269,25,Ayodhya (MB) - Ward No.25
249391,74247,3,Ayodhya (MB) - Ward No.3
249391,74248,4,Ayodhya (MB) - Ward No.4
249391,74249,5,Ayodhya (MB) - Ward No.5
249391,74250,6,Ayodhya (MB) - Ward No.6
249391,74251,7,Ayodhya (MB) - Ward No.7
249391,74252,8,Ayodhya (MB) - Ward No.8
249391,74253,9,Ayodhya (MB) - Ward No.9
249392,8560,1,Gosainganj (NP) - Ward No.1
249392,8836,10,Gosainganj (NP) - Ward No.10
249392,8837,11,Gosainganj (NP) - Ward No.11
249392,8828,2,Gosainganj (NP) - Ward No.2
249392,8829,3,Gosainganj (NP) - Ward No.3
249392,8830,4,Gosainganj (NP) - Ward No.4
249392,8831,5,Gosainganj (NP) - Ward No.5
249392,8832,6,Gosainganj (NP) - Ward No.6
249392,8833,7,Gosainganj (NP) - Ward No.7
249392,8834,8,Gosainganj (NP) - Ward No.8
249392,8835,9,Gosainganj (NP) - Ward No.9
249393,74270,1,Bikapur (NP) - Ward No.1
249393,71318,10,Bikapur (NP) - Ward No.10
249393,71319,11,Bikapur (NP) - Ward No.11
249393,74271,2,Bikapur (NP) - Ward No.2
249393,74272,3,Bikapur (NP) - Ward No.3
249393,71312,4,Bikapur (NP) - Ward No.4
249393,71313,5,Bikapur (NP) - Ward No.5
249393,71314,6,Bikapur (NP) - Ward No.6
249393,71315,7,Bikapur (NP) - Ward No.7
249393,71316,8,Bikapur (NP) - Ward No.8
249393,71317,9,Bikapur (NP) - Ward No.9
249394,3982,1,Iltifatganj Bazar (NP) - Ward No.1
249394,3991,10,Iltifatganj Bazar (NP) - Ward No.10
249394,3983,2,Iltifatganj Bazar (NP) - Ward No.2
249394,3984,3,Iltifatganj Bazar (NP) - Ward No.3
249394,3985,4,Iltifatganj Bazar (NP) - Ward No.4
249394,3986,5,Iltifatganj Bazar (NP) - Ward No.5
249394,3987,6,Iltifatganj Bazar (NP) - Ward No.6
249394,3988,7,Iltifatganj Bazar (NP) - Ward No.7
249394,3989,8,Iltifatganj Bazar (NP) - Ward No.8
249394,3990,9,Iltifatganj Bazar (NP) - Ward No.9
249396,3993,1,Tanda (MB) - Ward No.1
249396,4002,10,Tanda (MB) - Ward No.10
249396,4003,11,Tanda (MB) - Ward No.11
249396,4004,12,Tanda (MB) - Ward No.12
249396,4005,13,Tanda (MB) - Ward No.13
249396,4006,14,Tanda (MB) - Ward No.14
249396,4007,15,Tanda (MB) - Ward No.15
249396,4008,16,Tanda (MB) - Ward No.16
249396,4009,17,Tanda (MB) - Ward No.17
249396,4010,18,Tanda (MB) - Ward No.18
249396,4011,19,Tanda (MB) - Ward No.19
249396,3994,2,Tanda (MB) - Ward No.2
249396,4012,20,Tanda (MB) - Ward No.20
249396,4013,21,Tanda (MB) - Ward No.21
249396,4014,22,Tanda (MB) - Ward No.22
249396,4015,23,Tanda (MB) - Ward No.23
249396,4016,24,Tanda (MB) - Ward No.24
249396,4017,25,Tanda (MB) - Ward No.25
249396,3995,3,Tanda (MB) - Ward No.3
249396,3996,4,Tanda (MB) - Ward No.4
249396,3997,5,Tanda (MB) - Ward No.5
249396,3998,6,Tanda (MB) - Ward No.6
249396,3999,7,Tanda (MB) - Ward No.7
249396,4000,8,Tanda (MB) - Ward No.8
249396,4001,9,Tanda (MB) - Ward No.9
249398,71321,1,Ashrafpur Kichhauchha (NP) - Ward No.1
249398,71330,10,Ashrafpur Kichhauchha (NP) - Ward No.10
249398,71322,2,Ashrafpur Kichhauchha (NP) - Ward No.2
249398,71323,3,Ashrafpur Kichhauchha (NP) - Ward No.3
249398,71324,4,Ashrafpur Kichhauchha (NP) - Ward No.4
249398,71325,5,Ashrafpur Kichhauchha (NP) - Ward No.5
249398,71326,6,Ashrafpur Kichhauchha (NP) - Ward No.6
249398,71327,7,Ashrafpur Kichhauchha (NP) - Ward No.7
249398,71328,8,Ashrafpur Kichhauchha (NP) - Ward No.8
249398,71329,9,Ashrafpur Kichhauchha (NP) - Ward No.9
249399,4018,1,Jalalpur (MB) - Ward No.1
249399,4027,10,Jalalpur (MB) - Ward No.10
249399,4028,11,Jalalpur (MB) - Ward No.11
249399,4029,12,Jalalpur (MB) - Ward No.12
249399,4030,13,Jalalpur (MB) - Ward No.13
249399,4031,14,Jalalpur (MB) - Ward No.14
249399,4032,15,Jalalpur (MB) - Ward No.15
249399,4033,16,Jalalpur (MB) - Ward No.16
249399,4034,17,Jalalpur (MB) - Ward No.17
249399,4035,18,Jalalpur (MB) - Ward No.18
249399,4036,19,Jalalpur (MB) - Ward No.19
249399,4019,2,Jalalpur (MB) - Ward No.2
249399,4037,20,Jalalpur (MB) - Ward No.20
249399,4038,21,Jalalpur (MB) - Ward No.21
249399,4039,22,Jalalpur (MB) - Ward No.22
249399,4040,23,Jalalpur (MB) - Ward No.23
249399,4041,24,Jalalpur (MB) - Ward No.24
249399,4042,25,Jalalpur (MB) - Ward No.25
249399,4020,3,Jalalpur (MB) - Ward No.3
249399,4021,4,Jalalpur (MB) - Ward No.4
249399,4022,5,Jalalpur (MB) - Ward No.5
249399,4023,6,Jalalpur (MB) - Ward No.6
249399,4024,7,Jalalpur (MB) - Ward No.7
249399,4025,8,Jalalpur (MB) - Ward No.8
249399,4026,9,Jalalpur (MB) - Ward No.9
249400,71331,1,Akbarpur (MB) - Ward No.1
249400,71340,10,Akbarpur (MB) - Ward No.10
249400,71341,11,Akbarpur (MB) - Ward No.11
249400,71342,12,Akbarpur (MB) - Ward No.12
249400,71343,13,Akbarpur (MB) - Ward No.13
249400,71344,14,Akbarpur (MB) - Ward No.14
249400,71345,15,Akbarpur (MB) - Ward No.15
249400,71346,16,Akbarpur (MB) - Ward No.16
249400,71347,17,Akbarpur (MB) - Ward No.17
249400,71348,18,Akbarpur (MB) - Ward No.18
249400,71349,19,Akbarpur (MB) - Ward No.19
249400,71332,2,Akbarpur (MB) - Ward No.2
249400,71350,20,Akbarpur (MB) - Ward No.20
249400,71351,21,Akbarpur (MB) - Ward No.21
249400,71352,22,Akbarpur (MB) - Ward No.22
249400,71353,23,Akbarpur (MB) - Ward No.23
249400,71354,24,Akbarpur (MB) - Ward No.24
249400,71355,25,Akbarpur (MB) - Ward No.25
249400,71333,3,Akbarpur (MB) - Ward No.3
249400,71334,4,Akbarpur (MB) - Ward No.4
249400,71335,5,Akbarpur (MB) - Ward No.5
249400,71336,6,Akbarpur (MB) - Ward No.6
249400,71337,7,Akbarpur (MB) - Ward No.7
249400,71338,8,Akbarpur (MB) - Ward No.8
249400,71339,9,Akbarpur (MB) - Ward No.9
249401,4043,1,Musafirkhana (NP) - Ward No.1
249401,4052,10,Musafirkhana (NP) - Ward No.10
249401,4044,2,Musafirkhana (NP) - Ward No.2
249401,4045,3,Musafirkhana (NP) - Ward No.3
249401,4046,4,Musafirkhana (NP) - Ward No.4
249401,4047,5,Musafirkhana (NP) - Ward No.5
249401,4048,6,Musafirkhana (NP) - Ward No.6
249401,4049,7,Musafirkhana (NP) - Ward No.7
249401,4050,8,Musafirkhana (NP) - Ward No.8
249401,4051,9,Musafirkhana (NP) - Ward No.9
249402,4053,1,Amethi (NP) - Ward No.1
249402,4062,10,Amethi (NP) - Ward No.10
249402,4063,11,Amethi (NP) - Ward No.11
249402,4054,2,Amethi (NP) - Ward No.2
249402,4055,3,Amethi (NP) - Ward No.3
249402,4056,4,Amethi (NP) - Ward No.4
249402,4057,5,Amethi (NP) - Ward No.5
249402,4058,6,Amethi (NP) - Ward No.6
249402,4059,7,Amethi (NP) - Ward No.7
249402,4060,8,Amethi (NP) - Ward No.8
249402,4061,9,Amethi (NP) - Ward No.9
249404,4065,1,Sultanpur (MB) - Ward No.1
249404,4074,10,Sultanpur (MB) - Ward No.10
249404,4075,11,Sultanpur (MB) - Ward No.11
249404,4076,12,Sultanpur (MB) - Ward No.12
249404,4077,13,Sultanpur (MB) - Ward No.13
249404,4078,14,Sultanpur (MB) - Ward No.14
249404,4079,15,Sultanpur (MB) - Ward No.15
249404,4080,16,Sultanpur (MB) - Ward No.16
249404,4081,17,Sultanpur (MB) - Ward No.17
249404,4082,18,Sultanpur (MB) - Ward No.18
249404,4083,19,Sultanpur (MB) - Ward No.19
249404,4066,2,Sultanpur (MB) - Ward No.2
249404,4084,20,Sultanpur (MB) - Ward No.20
249404,4085,21,Sultanpur (MB) - Ward No.21
249404,4086,22,Sultanpur (MB) - Ward No.22
249404,4087,23,Sultanpur (MB) - Ward No.23
249404,4088,24,Sultanpur (MB) - Ward No.24
249404,4089,25,Sultanpur (MB) - Ward No.25
249404,4067,3,Sultanpur (MB) - Ward No.3
249404,4068,4,Sultanpur (MB) - Ward No.4
249404,4069,5,Sultanpur (MB) - Ward No.5
249404,4070,6,Sultanpur (MB) - Ward No.6
249404,4071,7,Sultanpur (MB) - Ward No.7
249404,4072,8,Sultanpur (MB) - Ward No.8
249404,4073,9,Sultanpur (MB) - Ward No.9
249405,4090,1,Koeripur (NP) - Ward No.1
249405,4099,10,Koeripur (NP) - Ward No.10
249405,4091,2,Koeripur (NP) - Ward No.2
249405,4092,3,Koeripur (NP) - Ward No.3
249405,4093,4,Koeripur (NP) - Ward No.4
249405,4094,5,Koeripur (NP) - Ward No.5
249405,4095,6,Koeripur (NP) - Ward No.6
249405,4096,7,Koeripur (NP) - Ward No.7
249405,4097,8,Koeripur (NP) - Ward No.8
249405,4098,9,Koeripur (NP) - Ward No.9
249406,71356,1,Dostpur (NP) - Ward No.1
249406,71365,10,Dostpur (NP) - Ward No.10
249406,71357,2,Dostpur (NP) - Ward No.2
249406,71358,3,Dostpur (NP) - Ward No.3
249406,71359,4,Dostpur (NP) - Ward No.4
249406,71360,5,Dostpur (NP) - Ward No.5
249406,71361,6,Dostpur (NP) - Ward No.6
249406,71362,7,Dostpur (NP) - Ward No.7
249406,71363,8,Dostpur (NP) - Ward No.8
249406,71364,9,Dostpur (NP) - Ward No.9
249407,4100,1,Kadipur (NP) - Ward No.1
249407,4109,10,Kadipur (NP) - Ward No.10
249407,4101,2,Kadipur (NP) - Ward No.2
249407,4102,3,Kadipur (NP) - Ward No.3
249407,4103,4,Kadipur (NP) - Ward No.4
249407,4104,5,Kadipur (NP) - Ward No.5
249407,4105,6,Kadipur (NP) - Ward No.6
249407,4106,7,Kadipur (NP) - Ward No.7
249407,4107,8,Kadipur (NP) - Ward No.8
249407,4108,9,Kadipur (NP) - Ward No.9
249408,4110,1,Nanpara (MB) - Ward No.1
249408,4119,10,Nanpara (MB) - Ward No.10
249408,4120,11,Nanpara (MB) - Ward No.11
249408,4121,12,Nanpara (MB) - Ward No.12
249408,4122,13,Nanpara (MB) - Ward No.13
249408,4123,14,Nanpara (MB) - Ward No.14
249408,4124,15,Nanpara (MB) - Ward No.15
249408,4125,16,Nanpara (MB) - Ward No.16
249408,4126,17,Nanpara (MB) - Ward No.17
249408,4127,18,Nanpara (MB) - Ward No.18
249408,4128,19,Nanpara (MB) - Ward No.19
249408,4111,2,Nanpara (MB) - Ward No.2
249408,4129,20,Nanpara (MB) - Ward No.20
249408,4130,21,Nanpara (MB) - Ward No.21
249408,4131,22,Nanpara (MB) - Ward No.22
249408,4132,23,Nanpara (MB) - Ward No.23
249408,4133,24,Nanpara (MB) - Ward No.24
249408,4134,25,Nanpara (MB) - Ward No.25
249408,4112,3,Nanpara (MB) - Ward No.3
249408,4113,4,Nanpara (MB) - Ward No.4
249408,4114,5,Nanpara (MB) - Ward No.5
249408,4115,6,Nanpara (MB) - Ward No.6
249408,4116,7,Nanpara (MB) - Ward No.7
249408,4117,8,Nanpara (MB) - Ward No.8
249408,4118,9,Nanpara (MB) - Ward No.9
249409,4135,1,Risia Bazar (NP) - Ward No.1
249409,4144,10,Risia Bazar (NP) - Ward No.10
249409,3652,11,Risia Bazar (NP) - Ward No.11
249409,3653,12,Risia Bazar (NP) - Ward No.12
249409,4136,2,Risia Bazar (NP) - Ward No.2
249409,4137,3,Risia Bazar (NP) - Ward No.3
249409,4138,4,Risia Bazar (NP) - Ward No.4
249409,4139,5,Risia Bazar (NP) - Ward No.5
249409,4140,6,Risia Bazar (NP) - Ward No.6
249409,4141,7,Risia Bazar (NP) - Ward No.7
249409,4142,8,Risia Bazar (NP) - Ward No.8
249409,4143,9,Risia Bazar (NP) - Ward No.9
249410,4145,1,Bahraich (MB) - Ward No.1
249410,4154,10,Bahraich (MB) - Ward No.10
249410,4155,11,Bahraich (MB) - Ward No.11
249410,4156,12,Bahraich (MB) - Ward No.12
249410,4157,13,Bahraich (MB) - Ward No.13
249410,4158,14,Bahraich (MB) - Ward No.14
249410,4159,15,Bahraich (MB) - Ward No.15
249410,4160,16,Bahraich (MB) - Ward No.16
249410,4161,17,Bahraich (MB) - Ward No.17
249410,4162,18,Bahraich (MB) - Ward No.18
249410,4163,19,Bahraich (MB) - Ward No.19
249410,4146,2,Bahraich (MB) - Ward No.2
249410,4164,20,Bahraich (MB) - Ward No.20
249410,4165,21,Bahraich (MB) - Ward No.21
249410,4166,22,Bahraich (MB) - Ward No.22
249410,4167,23,Bahraich (MB) - Ward No.23
249410,4168,24,Bahraich (MB) - Ward No.24
249410,4169,25,Bahraich (MB) - Ward No.25
249410,4170,26,Bahraich (MB) - Ward No.26
249410,3645,27,Bahraich (MB) - Ward No.27
249410,3646,28,Bahraich (MB) - Ward No.28
249410,3647,29,Bahraich (MB) - Ward No.29
249410,4147,3,Bahraich (MB) - Ward No.3
249410,3648,30,Bahraich (MB) - Ward No.30
249410,3649,31,Bahraich (MB) - Ward No.31
249410,4148,4,Bahraich (MB) - Ward No.4
249410,4149,5,Bahraich (MB) - Ward No.5
249410,4150,6,Bahraich (MB) - Ward No.6
249410,4151,7,Bahraich (MB) - Ward No.7
249410,4152,8,Bahraich (MB) - Ward No.8
249410,4153,9,Bahraich (MB) - Ward No.9
249411,4171,1,Jarwal (NP) - Ward No.1
249411,4180,10,Jarwal (NP) - Ward No.10
249411,4181,11,Jarwal (NP) - Ward No.11
249411,3650,12,Jarwal (NP) - Ward No.12
249411,3651,13,Jarwal (NP) - Ward No.13
249411,4172,2,Jarwal (NP) - Ward No.2
249411,4173,3,Jarwal (NP) - Ward No.3
249411,4174,4,Jarwal (NP) - Ward No.4
249411,4175,5,Jarwal (NP) - Ward No.5
249411,4176,6,Jarwal (NP) - Ward No.6
249411,4177,7,Jarwal (NP) - Ward No.7
249411,4178,8,Jarwal (NP) - Ward No.8
249411,4179,9,Jarwal (NP) - Ward No.9
249412,4182,1,Bhinga (NP) - Ward No.1
249412,4191,10,Bhinga (NP) - Ward No.10
249412,4192,11,Bhinga (NP) - Ward No.11
249412,4193,12,Bhinga (NP) - Ward No.12
249412,4194,13,Bhinga (NP) - Ward No.13
249412,4195,14,Bhinga (NP) - Ward No.14
249412,4183,2,Bhinga (NP) - Ward No.2
249412,4184,3,Bhinga (NP) - Ward No.3
249412,4185,4,Bhinga (NP) - Ward No.4
249412,4186,5,Bhinga (NP) - Ward No.5
249412,4187,6,Bhinga (NP) - Ward No.6
249412,4188,7,Bhinga (NP) - Ward No.7
249412,4189,8,Bhinga (NP) - Ward No.8
249412,4190,9,Bhinga (NP) - Ward No.9
249413,4196,1,Ikauna (NP) - Ward No.1
249413,4205,10,Ikauna (NP) - Ward No.10
249413,4206,11,Ikauna (NP) - Ward No.11
249413,4197,2,Ikauna (NP) - Ward No.2
249413,4198,3,Ikauna (NP) - Ward No.3
249413,4199,4,Ikauna (NP) - Ward No.4
249413,4200,5,Ikauna (NP) - Ward No.5
249413,4201,6,Ikauna (NP) - Ward No.6
249413,4202,7,Ikauna (NP) - Ward No.7
249413,4203,8,Ikauna (NP) - Ward No.8
249413,4204,9,Ikauna (NP) - Ward No.9
249414,4207,1,Balrampur (MB) - Ward No.1
249414,4216,10,Balrampur (MB) - Ward No.10
249414,4217,11,Balrampur (MB) - Ward No.11
249414,4218,12,Balrampur (MB) - Ward No.12
249414,4219,13,Balrampur (MB) - Ward No.13
249414,4220,14,Balrampur (MB) - Ward No.14
249414,4221,15,Balrampur (MB) - Ward No.15
249414,4222,16,Balrampur (MB) - Ward No.16
249414,4223,17,Balrampur (MB) - Ward No.17
249414,4224,18,Balrampur (MB) - Ward No.18
249414,4225,19,Balrampur (MB) - Ward No.19
249414,4208,2,Balrampur (MB) - Ward No.2
249414,4226,20,Balrampur (MB) - Ward No.20
249414,4227,21,Balrampur (MB) - Ward No.21
249414,4228,22,Balrampur (MB) - Ward No.22
249414,4229,23,Balrampur (MB) - Ward No.23
249414,4230,24,Balrampur (MB) - Ward No.24
249414,4231,25,Balrampur (MB) - Ward No.25
249414,4209,3,Balrampur (MB) - Ward No.3
249414,4210,4,Balrampur (MB) - Ward No.4
249414,4211,5,Balrampur (MB) - Ward No.5
249414,4212,6,Balrampur (MB) - Ward No.6
249414,4213,7,Balrampur (MB) - Ward No.7
249414,4214,8,Balrampur (MB) - Ward No.8
249414,4215,9,Balrampur (MB) - Ward No.9
249415,4232,1,Tulsipur (NP) - Ward No.1
249415,4241,10,Tulsipur (NP) - Ward No.10
249415,4242,11,Tulsipur (NP) - Ward No.11
249415,4243,12,Tulsipur (NP) - Ward No.12
249415,4244,13,Tulsipur (NP) - Ward No.13
249415,4245,14,Tulsipur (NP) - Ward No.14
249415,4246,15,Tulsipur (NP) - Ward No.15
249415,4233,2,Tulsipur (NP) - Ward No.2
249415,4234,3,Tulsipur (NP) - Ward No.3
249415,4235,4,Tulsipur (NP) - Ward No.4
249415,4236,5,Tulsipur (NP) - Ward No.5
249415,4237,6,Tulsipur (NP) - Ward No.6
249415,4238,7,Tulsipur (NP) - Ward No.7
249415,4239,8,Tulsipur (NP) - Ward No.8
249415,4240,9,Tulsipur (NP) - Ward No.9
249416,4247,1,Pachperwa (NP) - Ward No.1
249416,4256,10,Pachperwa (NP) - Ward No.10
249416,4257,11,Pachperwa (NP) - Ward No.11
249416,4258,12,Pachperwa (NP) - Ward No.12
249416,4248,2,Pachperwa (NP) - Ward No.2
249416,4249,3,Pachperwa (NP) - Ward No.3
249416,4250,4,Pachperwa (NP) - Ward No.4
249416,4251,5,Pachperwa (NP) - Ward No.5
249416,4252,6,Pachperwa (NP) - Ward No.6
249416,4253,7,Pachperwa (NP) - Ward No.7
249416,4254,8,Pachperwa (NP) - Ward No.8
249416,4255,9,Pachperwa (NP) - Ward No.9
249417,71366,1,Utraula (MB) - Ward No.1
249417,71375,10,Utraula (MB) - Ward No.10
249417,71376,11,Utraula (MB) - Ward No.11
249417,71377,12,Utraula (MB) - Ward No.12
249417,71378,13,Utraula (MB) - Ward No.13
249417,71379,14,Utraula (MB) - Ward No.14
249417,71380,15,Utraula (MB) - Ward No.15
249417,71381,16,Utraula (MB) - Ward No.16
249417,71382,17,Utraula (MB) - Ward No.17
249417,71383,18,Utraula (MB) - Ward No.18
249417,71384,19,Utraula (MB) - Ward No.19
249417,71367,2,Utraula (MB) - Ward No.2
249417,71385,20,Utraula (MB) - Ward No.20
249417,71386,21,Utraula (MB) - Ward No.21
249417,71387,22,Utraula (MB) - Ward No.22
249417,71388,23,Utraula (MB) - Ward No.23
249417,71389,24,Utraula (MB) - Ward No.24
249417,71390,25,Utraula (MB) - Ward No.25
249417,71368,3,Utraula (MB) - Ward No.3
249417,71369,4,Utraula (MB) - Ward No.4
249417,71370,5,Utraula (MB) - Ward No.5
249417,71371,6,Utraula (MB) - Ward No.6
249417,71372,7,Utraula (MB) - Ward No.7
249417,71373,8,Utraula (MB) - Ward No.8
249417,71374,9,Utraula (MB) - Ward No.9
249418,4259,1,Khargupur (NP) - Ward No.1
249418,4268,10,Khargupur (NP) - Ward No.10
249418,4260,2,Khargupur (NP) - Ward No.2
249418,4261,3,Khargupur (NP) - Ward No.3
249418,4262,4,Khargupur (NP) - Ward No.4
249418,4263,5,Khargupur (NP) - Ward No.5
249418,4264,6,Khargupur (NP) - Ward No.6
249418,4265,7,Khargupur (NP) - Ward No.7
249418,4266,8,Khargupur (NP) - Ward No.8
249418,4267,9,Khargupur (NP) - Ward No.9
249419,71391,1,Gonda (MB) - Ward No.1
249419,71400,10,Gonda (MB) - Ward No.10
249419,71401,11,Gonda (MB) - Ward No.11
249419,71402,12,Gonda (MB) - Ward No.12
249419,71403,13,Gonda (MB) - Ward No.13
249419,71404,14,Gonda (MB) - Ward No.14
249419,71405,15,Gonda (MB) - Ward No.15
249419,71406,16,Gonda (MB) - Ward No.16
249419,71407,17,Gonda (MB) - Ward No.17
249419,71408,18,Gonda (MB) - Ward No.18
249419,71409,19,Gonda (MB) - Ward No.19
249419,71392,2,Gonda (MB) - Ward No.2
249419,71410,20,Gonda (MB) - Ward No.20
249419,71411,21,Gonda (MB) - Ward No.21
249419,71412,22,Gonda (MB) - Ward No.22
249419,71413,23,Gonda (MB) - Ward No.23
249419,71414,24,Gonda (MB) - Ward No.24
249419,71415,25,Gonda (MB) - Ward No.25
249419,71393,3,Gonda (MB) - Ward No.3
249419,71394,4,Gonda (MB) - Ward No.4
249419,71395,5,Gonda (MB) - Ward No.5
249419,71396,6,Gonda (MB) - Ward No.6
249419,71397,7,Gonda (MB) - Ward No.7
249419,71398,8,Gonda (MB) - Ward No.8
249419,71399,9,Gonda (MB) - Ward No.9
249420,4269,1,Katra (NP) - Ward No.1
249420,4278,10,Katra (NP) - Ward No.10
249420,4270,2,Katra (NP) - Ward No.2
249420,4271,3,Katra (NP) - Ward No.3
249420,4272,4,Katra (NP) - Ward No.4
249420,4273,5,Katra (NP) - Ward No.5
249420,4274,6,Katra (NP) - Ward No.6
249420,4275,7,Katra (NP) - Ward No.7
249420,4276,8,Katra (NP) - Ward No.8
249420,4277,9,Katra (NP) - Ward No.9
249421,4279,1,Colonelganj (MB) - Ward No.1
249421,4288,10,Colonelganj (MB) - Ward No.10
249421,4289,11,Colonelganj (MB) - Ward No.11
249421,4290,12,Colonelganj (MB) - Ward No.12
249421,4291,13,Colonelganj (MB) - Ward No.13
249421,4292,14,Colonelganj (MB) - Ward No.14
249421,4293,15,Colonelganj (MB) - Ward No.15
249421,4294,16,Colonelganj (MB) - Ward No.16
249421,4295,17,Colonelganj (MB) - Ward No.17
249421,4296,18,Colonelganj (MB) - Ward No.18
249421,4297,19,Colonelganj (MB) - Ward No.19
249421,4280,2,Colonelganj (MB) - Ward No.2
249421,4298,20,Colonelganj (MB) - Ward No.20
249421,4299,21,Colonelganj (MB) - Ward No.21
249421,4300,22,Colonelganj (MB) - Ward No.22
249421,4301,23,Colonelganj (MB) - Ward No.23
249421,4302,24,Colonelganj (MB) - Ward No.24
249421,4303,25,Colonelganj (MB) - Ward No.25
249421,4281,3,Colonelganj (MB) - Ward No.3
249421,4282,4,Colonelganj (MB) - Ward No.4
249421,4283,5,Colonelganj (MB) - Ward No.5
249421,4284,6,Colonelganj (MB) - Ward No.6
249421,4285,7,Colonelganj (MB) - Ward No.7
249421,4286,8,Colonelganj (MB) - Ward No.8
249421,4287,9,Colonelganj (MB) - Ward No.9
249422,4304,1,Nawabganj (MB) - Ward No.1
249422,4313,10,Nawabganj (MB) - Ward No.10
249422,4314,11,Nawabganj (MB) - Ward No.11
249422,4315,12,Nawabganj (MB) - Ward No.12
249422,4316,13,Nawabganj (MB) - Ward No.13
249422,4317,14,Nawabganj (MB) - Ward No.14
249422,4318,15,Nawabganj (MB) - Ward No.15
249422,4319,16,Nawabganj (MB) - Ward No.16
249422,4320,17,Nawabganj (MB) - Ward No.17
249422,4321,18,Nawabganj (MB) - Ward No.18
249422,4322,19,Nawabganj (MB) - Ward No.19
249422,4305,2,Nawabganj (MB) - Ward No.2
249422,4323,20,Nawabganj (MB) - Ward No.20
249422,4324,21,Nawabganj (MB) - Ward No.21
249422,4325,22,Nawabganj (MB) - Ward No.22
249422,4326,23,Nawabganj (MB) - Ward No.23
249422,4327,24,Nawabganj (MB) - Ward No.24
249422,4328,25,Nawabganj (MB) - Ward No.25
249422,4306,3,Nawabganj (MB) - Ward No.3
249422,4307,4,Nawabganj (MB) - Ward No.4
249422,4308,5,Nawabganj (MB) - Ward No.5
249422,4309,6,Nawabganj (MB) - Ward No.6
249422,4310,7,Nawabganj (MB) - Ward No.7
249422,4311,8,Nawabganj (MB) - Ward No.8
249422,4312,9,Nawabganj (MB) - Ward No.9
249423,71416,1,Mankapur (NP) - Ward No.1
249423,71425,10,Mankapur (NP) - Ward No.10
249423,71417,2,Mankapur (NP) - Ward No.2
249423,71418,3,Mankapur (NP) - Ward No.3
249423,71419,4,Mankapur (NP) - Ward No.4
249423,71420,5,Mankapur (NP) - Ward No.5
249423,71421,6,Mankapur (NP) - Ward No.6
249423,71422,7,Mankapur (NP) - Ward No.7
249423,71423,8,Mankapur (NP) - Ward No.8
249423,71424,9,Mankapur (NP) - Ward No.9
249426,4340,1,Shohratgarh (NP) - Ward No.1
249426,4349,10,Shohratgarh (NP) - Ward No.10
249426,4341,2,Shohratgarh (NP) - Ward No.2
249426,4342,3,Shohratgarh (NP) - Ward No.3
249426,4343,4,Shohratgarh (NP) - Ward No.4
249426,4344,5,Shohratgarh (NP) - Ward No.5
249426,4345,6,Shohratgarh (NP) - Ward No.6
249426,4346,7,Shohratgarh (NP) - Ward No.7
249426,4347,8,Shohratgarh (NP) - Ward No.8
249426,4348,9,Shohratgarh (NP) - Ward No.9
249427,4350,1,Tetri Bazar (MB) - Ward No.1
249427,5523,10,Tetri Bazar (MB) - Ward No.10
249427,5524,11,Tetri Bazar (MB) - Ward No.11
249427,5525,12,Tetri Bazar (MB) - Ward No.12
249427,5526,13,Tetri Bazar (MB) - Ward No.13
249427,5527,14,Tetri Bazar (MB) - Ward No.14
249427,5528,15,Tetri Bazar (MB) - Ward No.15
249427,5529,16,Tetri Bazar (MB) - Ward No.16
249427,5530,17,Tetri Bazar (MB) - Ward No.17
249427,5531,18,Tetri Bazar (MB) - Ward No.18
249427,5532,19,Tetri Bazar (MB) - Ward No.19
249427,4351,2,Tetri Bazar (MB) - Ward No.2
249427,5533,20,Tetri Bazar (MB) - Ward No.20
249427,5534,21,Tetri Bazar (MB) - Ward No.21
249427,5535,22,Tetri Bazar (MB) - Ward No.22
249427,5536,23,Tetri Bazar (MB) - Ward No.23
249427,5537,24,Tetri Bazar (MB) - Ward No.24
249427,5538,25,Tetri Bazar (MB) - Ward No.25
249427,4352,3,Tetri Bazar (MB) - Ward No.3
249427,4353,4,Tetri Bazar (MB) - Ward No.4
249427,4354,5,Tetri Bazar (MB) - Ward No.5
249427,5519,6,Tetri Bazar (MB) - Ward No.6
249427,5520,7,Tetri Bazar (MB) - Ward No.7
249427,5521,8,Tetri Bazar (MB) - Ward No.8
249427,5522,9,Tetri Bazar (MB) - Ward No.9
249428,5539,1,Bansi (MB) - Ward No.1
249428,5548,10,Bansi (MB) - Ward No.10
249428,5549,11,Bansi (MB) - Ward No.11
249428,5550,12,Bansi (MB) - Ward No.12
249428,5551,13,Bansi (MB) - Ward No.13
249428,5552,14,Bansi (MB) - Ward No.14
249428,5553,15,Bansi (MB) - Ward No.15
249428,5554,16,Bansi (MB) - Ward No.16
249428,5555,17,Bansi (MB) - Ward No.17
249428,5556,18,Bansi (MB) - Ward No.18
249428,5557,19,Bansi (MB) - Ward No.19
249428,5540,2,Bansi (MB) - Ward No.2
249428,5558,20,Bansi (MB) - Ward No.20
249428,5559,21,Bansi (MB) - Ward No.21
249428,5560,22,Bansi (MB) - Ward No.22
249428,5561,23,Bansi (MB) - Ward No.23
249428,5562,24,Bansi (MB) - Ward No.24
249428,5563,25,Bansi (MB) - Ward No.25
249428,5541,3,Bansi (MB) - Ward No.3
249428,5542,4,Bansi (MB) - Ward No.4
249428,5543,5,Bansi (MB) - Ward No.5
249428,5544,6,Bansi (MB) - Ward No.6
249428,5545,7,Bansi (MB) - Ward No.7
249428,5546,8,Bansi (MB) - Ward No.8
249428,5547,9,Bansi (MB) - Ward No.9
249429,5564,1,Harraiya (NP) - Ward No.1
249429,5573,10,Harraiya (NP) - Ward No.10
249429,5565,2,Harraiya (NP) - Ward No.2
249429,5566,3,Harraiya (NP) - Ward No.3
249429,5567,4,Harraiya (NP) - Ward No.4
249429,5568,5,Harraiya (NP) - Ward No.5
249429,5569,6,Harraiya (NP) - Ward No.6
249429,5570,7,Harraiya (NP) - Ward No.7
249429,5571,8,Harraiya (NP) - Ward No.8
249429,5572,9,Harraiya (NP) - Ward No.9
249430,5574,1,Basti (MB) - Ward No.1
249430,5583,10,Basti (MB) - Ward No.10
249430,5584,11,Basti (MB) - Ward No.11
249430,5585,12,Basti (MB) - Ward No.12
249430,5586,13,Basti (MB) - Ward No.13
249430,5587,14,Basti (MB) - Ward No.14
249430,5588,15,Basti (MB) - Ward No.15
249430,5589,16,Basti (MB) - Ward No.16
249430,5590,17,Basti (MB) - Ward No.17
249430,5591,18,Basti (MB) - Ward No.18
249430,5592,19,Basti (MB) - Ward No.19
249430,5575,2,Basti (MB) - Ward No.2
249430,5593,20,Basti (MB) - Ward No.20
249430,5594,21,Basti (MB) - Ward No.21
249430,5595,22,Basti (MB) - Ward No.22
249430,5596,23,Basti (MB) - Ward No.23
249430,5597,24,Basti (MB) - Ward No.24
249430,5598,25,Basti (MB) - Ward No.25
249430,5576,3,Basti (MB) - Ward No.3
249430,5577,4,Basti (MB) - Ward No.4
249430,5578,5,Basti (MB) - Ward No.5
249430,5579,6,Basti (MB) - Ward No.6
249430,5580,7,Basti (MB) - Ward No.7
249430,5581,8,Basti (MB) - Ward No.8
249430,5582,9,Basti (MB) - Ward No.9
249431,71426,1,Mehdawal (NP) - Ward No.1
249431,71435,10,Mehdawal (NP) - Ward No.10
249431,71436,11,Mehdawal (NP) - Ward No.11
249431,71437,12,Mehdawal (NP) - Ward No.12
249431,71438,13,Mehdawal (NP) - Ward No.13
249431,71439,14,Mehdawal (NP) - Ward No.14
249431,71440,15,Mehdawal (NP) - Ward No.15
249431,71441,16,Mehdawal (NP) - Ward No.16
249431,71427,2,Mehdawal (NP) - Ward No.2
249431,71428,3,Mehdawal (NP) - Ward No.3
249431,71429,4,Mehdawal (NP) - Ward No.4
249431,71430,5,Mehdawal (NP) - Ward No.5
249431,71431,6,Mehdawal (NP) - Ward No.6
249431,71432,7,Mehdawal (NP) - Ward No.7
249431,71433,8,Mehdawal (NP) - Ward No.8
249431,71434,9,Mehdawal (NP) - Ward No.9
249433,5599,1,Khalilabad (MB) - Ward No.1
249433,5608,10,Khalilabad (MB) - Ward No.10
249433,5609,11,Khalilabad (MB) - Ward No.11
249433,5610,12,Khalilabad (MB) - Ward No.12
249433,5611,13,Khalilabad (MB) - Ward No.13
249433,5612,14,Khalilabad (MB) - Ward No.14
249433,5613,15,Khalilabad (MB) - Ward No.15
249433,5614,16,Khalilabad (MB) - Ward No.16
249433,5615,17,Khalilabad (MB) - Ward No.17
249433,5616,18,Khalilabad (MB) - Ward No.18
249433,5617,19,Khalilabad (MB) - Ward No.19
249433,5600,2,Khalilabad (MB) - Ward No.2
249433,5618,20,Khalilabad (MB) - Ward No.20
249433,5619,21,Khalilabad (MB) - Ward No.21
249433,5620,22,Khalilabad (MB) - Ward No.22
249433,5621,23,Khalilabad (MB) - Ward No.23
249433,5622,24,Khalilabad (MB) - Ward No.24
249433,5623,25,Khalilabad (MB) - Ward No.25
249433,5601,3,Khalilabad (MB) - Ward No.3
249433,5602,4,Khalilabad (MB) - Ward No.4
249433,5603,5,Khalilabad (MB) - Ward No.5
249433,5604,6,Khalilabad (MB) - Ward No.6
249433,5605,7,Khalilabad (MB) - Ward No.7
249433,5606,8,Khalilabad (MB) - Ward No.8
249433,5607,9,Khalilabad (MB) - Ward No.9
249434,5624,1,Maghar (NP) - Ward No.1
249434,5633,10,Maghar (NP) - Ward No.10
249434,5634,11,Maghar (NP) - Ward No.11
249434,5635,12,Maghar (NP) - Ward No.12
249434,5625,2,Maghar (NP) - Ward No.2
249434,5626,3,Maghar (NP) - Ward No.3
249434,5627,4,Maghar (NP) - Ward No.4
249434,5628,5,Maghar (NP) - Ward No.5
249434,5629,6,Maghar (NP) - Ward No.6
249434,5630,7,Maghar (NP) - Ward No.7
249434,5631,8,Maghar (NP) - Ward No.8
249434,5632,9,Maghar (NP) - Ward No.9
249435,5636,1,Hariharpur (NP) - Ward No.1
249435,5645,10,Hariharpur (NP) - Ward No.10
249435,5637,2,Hariharpur (NP) - Ward No.2
249435,5638,3,Hariharpur (NP) - Ward No.3
249435,5639,4,Hariharpur (NP) - Ward No.4
249435,5640,5,Hariharpur (NP) - Ward No.5
249435,5641,6,Hariharpur (NP) - Ward No.6
249435,5642,7,Hariharpur (NP) - Ward No.7
249435,5643,8,Hariharpur (NP) - Ward No.8
249435,5644,9,Hariharpur (NP) - Ward No.9
249436,5646,1,Nautanwa (MB) - Ward No.1
249436,5655,10,Nautanwa (MB) - Ward No.10
249436,5656,11,Nautanwa (MB) - Ward No.11
249436,5657,12,Nautanwa (MB) - Ward No.12
249436,5658,13,Nautanwa (MB) - Ward No.13
249436,5659,14,Nautanwa (MB) - Ward No.14
249436,5660,15,Nautanwa (MB) - Ward No.15
249436,5661,16,Nautanwa (MB) - Ward No.16
249436,5662,17,Nautanwa (MB) - Ward No.17
249436,5663,18,Nautanwa (MB) - Ward No.18
249436,5664,19,Nautanwa (MB) - Ward No.19
249436,5647,2,Nautanwa (MB) - Ward No.2
249436,5665,20,Nautanwa (MB) - Ward No.20
249436,5666,21,Nautanwa (MB) - Ward No.21
249436,5667,22,Nautanwa (MB) - Ward No.22
249436,5668,23,Nautanwa (MB) - Ward No.23
249436,5669,24,Nautanwa (MB) - Ward No.24
249436,5670,25,Nautanwa (MB) - Ward No.25
249436,5648,3,Nautanwa (MB) - Ward No.3
249436,5649,4,Nautanwa (MB) - Ward No.4
249436,5650,5,Nautanwa (MB) - Ward No.5
249436,5651,6,Nautanwa (MB) - Ward No.6
249436,5652,7,Nautanwa (MB) - Ward No.7
249436,5653,8,Nautanwa (MB) - Ward No.8
249436,5654,9,Nautanwa (MB) - Ward No.9
249437,71443,1,Nichlaul (NP) - Ward No.1
249437,71452,10,Nichlaul (NP) - Ward No.10
249437,71453,11,Nichlaul (NP) - Ward No.11
249437,71444,2,Nichlaul (NP) - Ward No.2
249437,71445,3,Nichlaul (NP) - Ward No.3
249437,71446,4,Nichlaul (NP) - Ward No.4
249437,71447,5,Nichlaul (NP) - Ward No.5
249437,71448,6,Nichlaul (NP) - Ward No.6
249437,71449,7,Nichlaul (NP) - Ward No.7
249437,71450,8,Nichlaul (NP) - Ward No.8
249437,71451,9,Nichlaul (NP) - Ward No.9
249438,5671,1,Siswa Bazar (NP) - Ward No.1
249438,5680,10,Siswa Bazar (NP) - Ward No.10
249438,5681,11,Siswa Bazar (NP) - Ward No.11
249438,5682,12,Siswa Bazar (NP) - Ward No.12
249438,5683,13,Siswa Bazar (NP) - Ward No.13
249438,5684,14,Siswa Bazar (NP) - Ward No.14
249438,5672,2,Siswa Bazar (NP) - Ward No.2
249438,5673,3,Siswa Bazar (NP) - Ward No.3
249438,5674,4,Siswa Bazar (NP) - Ward No.4
249438,5675,5,Siswa Bazar (NP) - Ward No.5
249438,5676,6,Siswa Bazar (NP) - Ward No.6
249438,5677,7,Siswa Bazar (NP) - Ward No.7
249438,5678,8,Siswa Bazar (NP) - Ward No.8
249438,5679,9,Siswa Bazar (NP) - Ward No.9
249439,71454,1,Anandnagar (NP) - Ward No.1
249439,71463,10,Anandnagar (NP) - Ward No.10
249439,71455,2,Anandnagar (NP) - Ward No.2
249439,71456,3,Anandnagar (NP) - Ward No.3
249439,71457,4,Anandnagar (NP) - Ward No.4
249439,71458,5,Anandnagar (NP) - Ward No.5
249439,71459,6,Anandnagar (NP) - Ward No.6
249439,71460,7,Anandnagar (NP) - Ward No.7
249439,71461,8,Anandnagar (NP) - Ward No.8
249439,71462,9,Anandnagar (NP) - Ward No.9
249440,5685,1,Ghughuli (NP) - Ward No.1
249440,5694,10,Ghughuli (NP) - Ward No.10
249440,5686,2,Ghughuli (NP) - Ward No.2
249440,5687,3,Ghughuli (NP) - Ward No.3
249440,5688,4,Ghughuli (NP) - Ward No.4
249440,5689,5,Ghughuli (NP) - Ward No.5
249440,5690,6,Ghughuli (NP) - Ward No.6
249440,5691,7,Ghughuli (NP) - Ward No.7
249440,5692,8,Ghughuli (NP) - Ward No.8
249440,5693,9,Ghughuli (NP) - Ward No.9
249441,71464,1,Mahrajganj (MB) - Ward No.1
249441,71473,10,Mahrajganj (MB) - Ward No.10
249441,71474,11,Mahrajganj (MB) - Ward No.11
249441,71475,12,Mahrajganj (MB) - Ward No.12
249441,71476,13,Mahrajganj (MB) - Ward No.13
249441,71477,14,Mahrajganj (MB) - Ward No.14
249441,71478,15,Mahrajganj (MB) - Ward No.15
249441,71479,16,Mahrajganj (MB) - Ward No.16
249441,71480,17,Mahrajganj (MB) - Ward No.17
249441,71481,18,Mahrajganj (MB) - Ward No.18
249441,71482,19,Mahrajganj (MB) - Ward No.19
249441,71465,2,Mahrajganj (MB) - Ward No.2
249441,71483,20,Mahrajganj (MB) - Ward No.20
249441,71484,21,Mahrajganj (MB) - Ward No.21
249441,71485,22,Mahrajganj (MB) - Ward No.22
249441,71486,23,Mahrajganj (MB) - Ward No.23
249441,71487,24,Mahrajganj (MB) - Ward No.24
249441,71675,25,Mahrajganj (MB) - Ward No.25
249441,71466,3,Mahrajganj (MB) - Ward No.3
249441,71467,4,Mahrajganj (MB) - Ward No.4
249441,71468,5,Mahrajganj (MB) - Ward No.5
249441,71469,6,Mahrajganj (MB) - Ward No.6
249441,71470,7,Mahrajganj (MB) - Ward No.7
249441,71471,8,Mahrajganj (MB) - Ward No.8
249441,71472,9,Mahrajganj (MB) - Ward No.9
249442,5695,1,Pipiganj (NP) - Ward No.1
249442,5704,10,Pipiganj (NP) - Ward No.10
249442,5696,2,Pipiganj (NP) - Ward No.2
249442,5697,3,Pipiganj (NP) - Ward No.3
249442,5698,4,Pipiganj (NP) - Ward No.4
249442,5699,5,Pipiganj (NP) - Ward No.5
249442,5700,6,Pipiganj (NP) - Ward No.6
249442,5701,7,Pipiganj (NP) - Ward No.7
249442,5702,8,Pipiganj (NP) - Ward No.8
249442,5703,9,Pipiganj (NP) - Ward No.9
249443,5705,1,Sahjanwa (NP) - Ward No.1
249443,5714,10,Sahjanwa (NP) - Ward No.10
249443,3772,11,Sahjanwa (NP) - Ward No.11
249443,3773,12,Sahjanwa (NP) - Ward No.12
249443,3774,13,Sahjanwa (NP) - Ward No.13
249443,3775,14,Sahjanwa (NP) - Ward No.14
249443,3776,15,Sahjanwa (NP) - Ward No.15
249443,3777,16,Sahjanwa (NP) - Ward No.16
249443,5706,2,Sahjanwa (NP) - Ward No.2
249443,5707,3,Sahjanwa (NP) - Ward No.3
249443,5708,4,Sahjanwa (NP) - Ward No.4
249443,5709,5,Sahjanwa (NP) - Ward No.5
249443,5710,6,Sahjanwa (NP) - Ward No.6
249443,5711,7,Sahjanwa (NP) - Ward No.7
249443,5712,8,Sahjanwa (NP) - Ward No.8
249443,5713,9,Sahjanwa (NP) - Ward No.9
249444,5715,1,Gorakhpur (M Corp.) - Ward No.1
249444,5724,10,Gorakhpur (M Corp.) - Ward No.10
249444,5725,11,Gorakhpur (M Corp.) - Ward No.11
249444,5726,12,Gorakhpur (M Corp.) - Ward No.12
249444,5727,13,Gorakhpur (M Corp.) - Ward No.13
249444,5728,14,Gorakhpur (M Corp.) - Ward No.14
249444,5729,15,Gorakhpur (M Corp.) - Ward No.15
249444,5730,16,Gorakhpur (M Corp.) - Ward No.16
249444,5731,17,Gorakhpur (M Corp.) - Ward No.17
249444,5732,18,Gorakhpur (M Corp.) - Ward No.18
249444,5733,19,Gorakhpur (M Corp.) - Ward No.19
249444,5716,2,Gorakhpur (M Corp.) - Ward No.2
249444,5734,20,Gorakhpur (M Corp.) - Ward No.20
249444,5735,21,Gorakhpur (M Corp.) - Ward No.21
249444,5736,22,Gorakhpur (M Corp.) - Ward No.22
249444,5737,23,Gorakhpur (M Corp.) - Ward No.23
249444,5738,24,Gorakhpur (M Corp.) - Ward No.24
249444,5739,25,Gorakhpur (M Corp.) - Ward No.25
249444,5740,26,Gorakhpur (M Corp.) - Ward No.26
249444,5741,27,Gorakhpur (M Corp.) - Ward No.27
249444,5742,28,Gorakhpur (M Corp.) - Ward No.28
249444,5743,29,Gorakhpur (M Corp.) - Ward No.29
249444,5717,3,Gorakhpur (M Corp.) - Ward No.3
249444,5744,30,Gorakhpur (M Corp.) - Ward No.30
249444,5745,31,Gorakhpur (M Corp.) - Ward No.31
249444,5746,32,Gorakhpur (M Corp.) - Ward No.32
249444,5747,33,Gorakhpur (M Corp.) - Ward No.33
249444,5748,34,Gorakhpur (M Corp.) - Ward No.34
249444,5749,35,Gorakhpur (M Corp.) - Ward No.35
249444,5750,36,Gorakhpur (M Corp.) - Ward No.36
249444,5751,37,Gorakhpur (M Corp.) - Ward No.37
249444,5752,38,Gorakhpur (M Corp.) - Ward No.38
249444,5753,39,Gorakhpur (M Corp.) - Ward No.39
249444,5718,4,Gorakhpur (M Corp.) - Ward No.4
249444,5754,40,Gorakhpur (M Corp.) - Ward No.40
249444,5755,41,Gorakhpur (M Corp.) - Ward No.41
249444,5756,42,Gorakhpur (M Corp.) - Ward No.42
249444,5757,43,Gorakhpur (M Corp.) - Ward No.43
249444,5758,44,Gorakhpur (M Corp.) - Ward No.44
249444,5759,45,Gorakhpur (M Corp.) - Ward No.45
249444,5760,46,Gorakhpur (M Corp.) - Ward No.46
249444,5761,47,Gorakhpur (M Corp.) - Ward No.47
249444,5762,48,Gorakhpur (M Corp.) - Ward No.48
249444,5763,49,Gorakhpur (M Corp.) - Ward No.49
249444,5719,5,Gorakhpur (M Corp.) - Ward No.5
249444,5764,50,Gorakhpur (M Corp.) - Ward No.50
249444,5765,51,Gorakhpur (M Corp.) - Ward No.51
249444,5766,52,Gorakhpur (M Corp.) - Ward No.52
249444,5767,53,Gorakhpur (M Corp.) - Ward No.53
249444,5768,54,Gorakhpur (M Corp.) - Ward No.54
249444,5769,55,Gorakhpur (M Corp.) - Ward No.55
249444,5770,56,Gorakhpur (M Corp.) - Ward No.56
249444,5771,57,Gorakhpur (M Corp.) - Ward No.57
249444,5772,58,Gorakhpur (M Corp.) - Ward No.58
249444,5773,59,Gorakhpur (M Corp.) - Ward No.59
249444,5720,6,Gorakhpur (M Corp.) - Ward No.6
249444,5774,60,Gorakhpur (M Corp.) - Ward No.60
249444,3302322,61,Gorakhpur (M Corp.) - Ward No.61
249444,3302323,62,Gorakhpur (M Corp.) - Ward No.62
249444,3302324,63,Gorakhpur (M Corp.) - Ward No.63
249444,3302325,64,Gorakhpur (M Corp.) - Ward No.64
249444,3302326,65,Gorakhpur (M Corp.) - Ward No.65
249444,3302327,66,Gorakhpur (M Corp.) - Ward No.66
249444,3302328,67,Gorakhpur (M Corp.) - Ward No.67
249444,3302329,68,Gorakhpur (M Corp.) - Ward No.68
249444,3302330,69,Gorakhpur (M Corp.) - Ward No.69
249444,5721,7,Gorakhpur (M Corp.) - Ward No.7
249444,3302331,70,Gorakhpur (M Corp.) - Ward No.70
249444,3302332,71,Gorakhpur (M Corp.) - Ward No.71
249444,3302333,72,Gorakhpur (M Corp.) - Ward No.72
249444,3302334,73,Gorakhpur (M Corp.) - Ward No.73
249444,3302335,74,Gorakhpur (M Corp.) - Ward No.74
249444,3302336,75,Gorakhpur (M Corp.) - Ward No.75
249444,3302337,76,Gorakhpur (M Corp.) - Ward No.76
249444,3302338,77,Gorakhpur (M Corp.) - Ward No.77
249444,3302339,78,Gorakhpur (M Corp.) - Ward No.78
249444,3302340,79,Gorakhpur (M Corp.) - Ward No.79
249444,5722,8,Gorakhpur (M Corp.) - Ward No.8
249444,3302341,80,Gorakhpur (M Corp.) - Ward No.80
249444,5723,9,Gorakhpur (M Corp.) - Ward No.9
249446,5776,1,Pipraich (NP) - Ward No.1
249446,5785,10,Pipraich (NP) - Ward No.10
249446,5786,11,Pipraich (NP) - Ward No.11
249446,5787,12,Pipraich (NP) - Ward No.12
249446,5777,2,Pipraich (NP) - Ward No.2
249446,5778,3,Pipraich (NP) - Ward No.3
249446,5779,4,Pipraich (NP) - Ward No.4
249446,5780,5,Pipraich (NP) - Ward No.5
249446,5781,6,Pipraich (NP) - Ward No.6
249446,5782,7,Pipraich (NP) - Ward No.7
249446,5783,8,Pipraich (NP) - Ward No.8
249446,5784,9,Pipraich (NP) - Ward No.9
249447,5788,1,Mundera Bazar (NP) - Ward No.1
249447,5797,10,Mundera Bazar (NP) - Ward No.10
249447,5789,2,Mundera Bazar (NP) - Ward No.2
249447,5790,3,Mundera Bazar (NP) - Ward No.3
249447,5791,4,Mundera Bazar (NP) - Ward No.4
249447,5792,5,Mundera Bazar (NP) - Ward No.5
249447,5793,6,Mundera Bazar (NP) - Ward No.6
249447,5794,7,Mundera Bazar (NP) - Ward No.7
249447,5795,8,Mundera Bazar (NP) - Ward No.8
249447,5796,9,Mundera Bazar (NP) - Ward No.9
249448,5798,1,Bansgaon (NP) - Ward No.1
249448,5807,10,Bansgaon (NP) - Ward No.10
249448,5808,11,Bansgaon (NP) - Ward No.11
249448,5809,12,Bansgaon (NP) - Ward No.12
249448,5799,2,Bansgaon (NP) - Ward No.2
249448,5800,3,Bansgaon (NP) - Ward No.3
249448,5801,4,Bansgaon (NP) - Ward No.4
249448,5802,5,Bansgaon (NP) - Ward No.5
249448,5803,6,Bansgaon (NP) - Ward No.6
249448,5804,7,Bansgaon (NP) - Ward No.7
249448,5805,8,Bansgaon (NP) - Ward No.8
249448,5806,9,Bansgaon (NP) - Ward No.9
249449,71676,1,Gola Bazar (NP) - Ward No.1
249449,71685,10,Gola Bazar (NP) - Ward No.10
249449,71677,2,Gola Bazar (NP) - Ward No.2
249449,71678,3,Gola Bazar (NP) - Ward No.3
249449,71679,4,Gola Bazar (NP) - Ward No.4
249449,71680,5,Gola Bazar (NP) - Ward No.5
249449,71681,6,Gola Bazar (NP) - Ward No.6
249449,71682,7,Gola Bazar (NP) - Ward No.7
249449,71683,8,Gola Bazar (NP) - Ward No.8
249449,71684,9,Gola Bazar (NP) - Ward No.9
249450,5810,1,Barhalganj (NP) - Ward No.1
249450,5819,10,Barhalganj (NP) - Ward No.10
249450,5820,11,Barhalganj (NP) - Ward No.11
249450,5821,12,Barhalganj (NP) - Ward No.12
249450,5822,13,Barhalganj (NP) - Ward No.13
249450,5811,2,Barhalganj (NP) - Ward No.2
249450,5812,3,Barhalganj (NP) - Ward No.3
249450,5813,4,Barhalganj (NP) - Ward No.4
249450,5814,5,Barhalganj (NP) - Ward No.5
249450,5815,6,Barhalganj (NP) - Ward No.6
249450,5816,7,Barhalganj (NP) - Ward No.7
249450,5817,8,Barhalganj (NP) - Ward No.8
249450,5818,9,Barhalganj (NP) - Ward No.9
249451,5823,1,Khadda (NP) - Ward No.1
249451,5832,10,Khadda (NP) - Ward No.10
249451,5833,11,Khadda (NP) - Ward No.11
249451,5824,2,Khadda (NP) - Ward No.2
249451,5825,3,Khadda (NP) - Ward No.3
249451,5826,4,Khadda (NP) - Ward No.4
249451,5827,5,Khadda (NP) - Ward No.5
249451,5828,6,Khadda (NP) - Ward No.6
249451,5829,7,Khadda (NP) - Ward No.7
249451,5830,8,Khadda (NP) - Ward No.8
249451,5831,9,Khadda (NP) - Ward No.9
249452,71686,1,Padrauna (MB) - Ward No.1
249452,71695,10,Padrauna (MB) - Ward No.10
249452,71696,11,Padrauna (MB) - Ward No.11
249452,71697,12,Padrauna (MB) - Ward No.12
249452,71698,13,Padrauna (MB) - Ward No.13
249452,71699,14,Padrauna (MB) - Ward No.14
249452,71700,15,Padrauna (MB) - Ward No.15
249452,71701,16,Padrauna (MB) - Ward No.16
249452,71702,17,Padrauna (MB) - Ward No.17
249452,71703,18,Padrauna (MB) - Ward No.18
249452,71704,19,Padrauna (MB) - Ward No.19
249452,71687,2,Padrauna (MB) - Ward No.2
249452,71705,20,Padrauna (MB) - Ward No.20
249452,71706,21,Padrauna (MB) - Ward No.21
249452,71707,22,Padrauna (MB) - Ward No.22
249452,71708,23,Padrauna (MB) - Ward No.23
249452,71709,24,Padrauna (MB) - Ward No.24
249452,71710,25,Padrauna (MB) - Ward No.25
249452,71711,26,Padrauna (MB) - Ward No.26
249452,71712,27,Padrauna (MB) - Ward No.27
249452,71713,28,Padrauna (MB) - Ward No.28
249452,71714,29,Padrauna (MB) - Ward No.29
249452,71688,3,Padrauna (MB) - Ward No.3
249452,71715,30,Padrauna (MB) - Ward No.30
249452,71689,4,Padrauna (MB) - Ward No.4
249452,71690,5,Padrauna (MB) - Ward No.5
249452,71691,6,Padrauna (MB) - Ward No.6
249452,71692,7,Padrauna (MB) - Ward No.7
249452,71693,8,Padrauna (MB) - Ward No.8
249452,71694,9,Padrauna (MB) - Ward No.9
249453,5834,1,Ramkola (NP) - Ward No.1
249453,5843,10,Ramkola (NP) - Ward No.10
249453,5844,11,Ramkola (NP) - Ward No.11
249453,5835,2,Ramkola (NP) - Ward No.2
249453,5836,3,Ramkola (NP) - Ward No.3
249453,5837,4,Ramkola (NP) - Ward No.4
249453,5838,5,Ramkola (NP) - Ward No.5
249453,5839,6,Ramkola (NP) - Ward No.6
249453,5840,7,Ramkola (NP) - Ward No.7
249453,5841,8,Ramkola (NP) - Ward No.8
249453,5842,9,Ramkola (NP) - Ward No.9
249454,5845,1,Kaptanganj (NP) - Ward No.1
249454,5854,10,Kaptanganj (NP) - Ward No.10
249454,5846,2,Kaptanganj (NP) - Ward No.2
249454,5847,3,Kaptanganj (NP) - Ward No.3
249454,5848,4,Kaptanganj (NP) - Ward No.4
249454,5849,5,Kaptanganj (NP) - Ward No.5
249454,5850,6,Kaptanganj (NP) - Ward No.6
249454,5851,7,Kaptanganj (NP) - Ward No.7
249454,5852,8,Kaptanganj (NP) - Ward No.8
249454,5853,9,Kaptanganj (NP) - Ward No.9
249457,71716,1,Sewarhi - Ward No.1
249457,71725,10,Sewarhi - Ward No.10
249457,71726,11,Sewarhi - Ward No.11
249457,71727,12,Sewarhi - Ward No.12
249457,71728,13,Sewarhi - Ward No.13
249457,71729,14,Sewarhi - Ward No.14
249457,71717,2,Sewarhi - Ward No.2
249457,71718,3,Sewarhi - Ward No.3
249457,71719,4,Sewarhi - Ward No.4
249457,71720,5,Sewarhi - Ward No.5
249457,71721,6,Sewarhi - Ward No.6
249457,71722,7,Sewarhi - Ward No.7
249457,71723,8,Sewarhi - Ward No.8
249457,71724,9,Sewarhi - Ward No.9
249458,5877,1,Gauri Bazar (NP) - Ward No.1
249458,5886,10,Gauri Bazar (NP) - Ward No.10
249458,5878,2,Gauri Bazar (NP) - Ward No.2
249458,5879,3,Gauri Bazar (NP) - Ward No.3
249458,5880,4,Gauri Bazar (NP) - Ward No.4
249458,5881,5,Gauri Bazar (NP) - Ward No.5
249458,5882,6,Gauri Bazar (NP) - Ward No.6
249458,5883,7,Gauri Bazar (NP) - Ward No.7
249458,5884,8,Gauri Bazar (NP) - Ward No.8
249458,5885,9,Gauri Bazar (NP) - Ward No.9
249459,5887,1,Rampur Karkhana (NP) - Ward No.1
249459,5995,10,Rampur Karkhana (NP) - Ward No.10
249459,5888,2,Rampur Karkhana (NP) - Ward No.2
249459,5889,3,Rampur Karkhana (NP) - Ward No.3
249459,5890,4,Rampur Karkhana (NP) - Ward No.4
249459,5990,5,Rampur Karkhana (NP) - Ward No.5
249459,5991,6,Rampur Karkhana (NP) - Ward No.6
249459,5992,7,Rampur Karkhana (NP) - Ward No.7
249459,5993,8,Rampur Karkhana (NP) - Ward No.8
249459,5994,9,Rampur Karkhana (NP) - Ward No.9
249460,5996,1,Deoria (MB) - Ward No.1
249460,6005,10,Deoria (MB) - Ward No.10
249460,6006,11,Deoria (MB) - Ward No.11
249460,6007,12,Deoria (MB) - Ward No.12
249460,6008,13,Deoria (MB) - Ward No.13
249460,6009,14,Deoria (MB) - Ward No.14
249460,6010,15,Deoria (MB) - Ward No.15
249460,6011,16,Deoria (MB) - Ward No.16
249460,6012,17,Deoria (MB) - Ward No.17
249460,6013,18,Deoria (MB) - Ward No.18
249460,6014,19,Deoria (MB) - Ward No.19
249460,5997,2,Deoria (MB) - Ward No.2
249460,6015,20,Deoria (MB) - Ward No.20
249460,6016,21,Deoria (MB) - Ward No.21
249460,6017,22,Deoria (MB) - Ward No.22
249460,6018,23,Deoria (MB) - Ward No.23
249460,6019,24,Deoria (MB) - Ward No.24
249460,6020,25,Deoria (MB) - Ward No.25
249460,5998,3,Deoria (MB) - Ward No.3
249460,5999,4,Deoria (MB) - Ward No.4
249460,6000,5,Deoria (MB) - Ward No.5
249460,6001,6,Deoria (MB) - Ward No.6
249460,6002,7,Deoria (MB) - Ward No.7
249460,6003,8,Deoria (MB) - Ward No.8
249460,6004,9,Deoria (MB) - Ward No.9
249461,71730,1,Rudrapur (NP) - Ward No.1
249461,71739,10,Rudrapur (NP) - Ward No.10
249461,71740,11,Rudrapur (NP) - Ward No.11
249461,71741,12,Rudrapur (NP) - Ward No.12
249461,71742,13,Rudrapur (NP) - Ward No.13
249461,71743,14,Rudrapur (NP) - Ward No.14
249461,71744,15,Rudrapur (NP) - Ward No.15
249461,71745,16,Rudrapur (NP) - Ward No.16
249461,71731,2,Rudrapur (NP) - Ward No.2
249461,71732,3,Rudrapur (NP) - Ward No.3
249461,71733,4,Rudrapur (NP) - Ward No.4
249461,71734,5,Rudrapur (NP) - Ward No.5
249461,71735,6,Rudrapur (NP) - Ward No.6
249461,71736,7,Rudrapur (NP) - Ward No.7
249461,71737,8,Rudrapur (NP) - Ward No.8
249461,71738,9,Rudrapur (NP) - Ward No.9
249462,6021,1,Gaura Barhaj (MB) - Ward No.1
249462,6030,10,Gaura Barhaj (MB) - Ward No.10
249462,6031,11,Gaura Barhaj (MB) - Ward No.11
249462,6032,12,Gaura Barhaj (MB) - Ward No.12
249462,6033,13,Gaura Barhaj (MB) - Ward No.13
249462,6034,14,Gaura Barhaj (MB) - Ward No.14
249462,6035,15,Gaura Barhaj (MB) - Ward No.15
249462,6036,16,Gaura Barhaj (MB) - Ward No.16
249462,6037,17,Gaura Barhaj (MB) - Ward No.17
249462,6038,18,Gaura Barhaj (MB) - Ward No.18
249462,6039,19,Gaura Barhaj (MB) - Ward No.19
249462,6022,2,Gaura Barhaj (MB) - Ward No.2
249462,6040,20,Gaura Barhaj (MB) - Ward No.20
249462,6041,21,Gaura Barhaj (MB) - Ward No.21
249462,6042,22,Gaura Barhaj (MB) - Ward No.22
249462,6043,23,Gaura Barhaj (MB) - Ward No.23
249462,6044,24,Gaura Barhaj (MB) - Ward No.24
249462,6045,25,Gaura Barhaj (MB) - Ward No.25
249462,6023,3,Gaura Barhaj (MB) - Ward No.3
249462,6024,4,Gaura Barhaj (MB) - Ward No.4
249462,6025,5,Gaura Barhaj (MB) - Ward No.5
249462,6026,6,Gaura Barhaj (MB) - Ward No.6
249462,6027,7,Gaura Barhaj (MB) - Ward No.7
249462,6028,8,Gaura Barhaj (MB) - Ward No.8
249462,6029,9,Gaura Barhaj (MB) - Ward No.9
249463,6046,1,Bhatni Bazar (NP) - Ward No.1
249463,6055,10,Bhatni Bazar (NP) - Ward No.10
249463,6056,11,Bhatni Bazar (NP) - Ward No.11
249463,6047,2,Bhatni Bazar (NP) - Ward No.2
249463,6048,3,Bhatni Bazar (NP) - Ward No.3
249463,6049,4,Bhatni Bazar (NP) - Ward No.4
249463,6050,5,Bhatni Bazar (NP) - Ward No.5
249463,6051,6,Bhatni Bazar (NP) - Ward No.6
249463,6052,7,Bhatni Bazar (NP) - Ward No.7
249463,6053,8,Bhatni Bazar (NP) - Ward No.8
249463,6054,9,Bhatni Bazar (NP) - Ward No.9
249464,6057,1,Majhauliraj (NP) - Ward No.1
249464,6066,10,Majhauliraj (NP) - Ward No.10
249464,6067,11,Majhauliraj (NP) - Ward No.11
249464,6068,12,Majhauliraj (NP) - Ward No.12
249464,6058,2,Majhauliraj (NP) - Ward No.2
249464,6059,3,Majhauliraj (NP) - Ward No.3
249464,6060,4,Majhauliraj (NP) - Ward No.4
249464,6061,5,Majhauliraj (NP) - Ward No.5
249464,6062,6,Majhauliraj (NP) - Ward No.6
249464,6063,7,Majhauliraj (NP) - Ward No.7
249464,6064,8,Majhauliraj (NP) - Ward No.8
249464,6065,9,Majhauliraj (NP) - Ward No.9
249465,71746,1,Salempur (NP) - Ward No.1
249465,71755,10,Salempur (NP) - Ward No.10
249465,71756,11,Salempur (NP) - Ward No.11
249465,71757,12,Salempur (NP) - Ward No.12
249465,71747,2,Salempur (NP) - Ward No.2
249465,71748,3,Salempur (NP) - Ward No.3
249465,71749,4,Salempur (NP) - Ward No.4
249465,71750,5,Salempur (NP) - Ward No.5
249465,71751,6,Salempur (NP) - Ward No.6
249465,71752,7,Salempur (NP) - Ward No.7
249465,71753,8,Salempur (NP) - Ward No.8
249465,71754,9,Salempur (NP) - Ward No.9
249466,71758,1,Lar (NP) - Ward No.1
249466,71767,10,Lar (NP) - Ward No.10
249466,71768,11,Lar (NP) - Ward No.11
249466,71769,12,Lar (NP) - Ward No.12
249466,71770,13,Lar (NP) - Ward No.13
249466,71771,14,Lar (NP) - Ward No.14
249466,71772,15,Lar (NP) - Ward No.15
249466,71773,16,Lar (NP) - Ward No.16
249466,71759,2,Lar (NP) - Ward No.2
249466,71760,3,Lar (NP) - Ward No.3
249466,71761,4,Lar (NP) - Ward No.4
249466,71762,5,Lar (NP) - Ward No.5
249466,71763,6,Lar (NP) - Ward No.6
249466,71764,7,Lar (NP) - Ward No.7
249466,71765,8,Lar (NP) - Ward No.8
249466,71766,9,Lar (NP) - Ward No.9
249467,6069,1,Bhatpar Rani (NP) - Ward No.1
249467,6078,10,Bhatpar Rani (NP) - Ward No.10
249467,6070,2,Bhatpar Rani (NP) - Ward No.2
249467,6071,3,Bhatpar Rani (NP) - Ward No.3
249467,6072,4,Bhatpar Rani (NP) - Ward No.4
249467,6073,5,Bhatpar Rani (NP) - Ward No.5
249467,6074,6,Bhatpar Rani (NP) - Ward No.6
249467,6075,7,Bhatpar Rani (NP) - Ward No.7
249467,6076,8,Bhatpar Rani (NP) - Ward No.8
249467,6077,9,Bhatpar Rani (NP) - Ward No.9
249468,6079,1,Atraulia (NP) - Ward No.1
249468,6088,10,Atraulia (NP) - Ward No.10
249468,6080,2,Atraulia (NP) - Ward No.2
249468,6081,3,Atraulia (NP) - Ward No.3
249468,6082,4,Atraulia (NP) - Ward No.4
249468,6083,5,Atraulia (NP) - Ward No.5
249468,6084,6,Atraulia (NP) - Ward No.6
249468,6085,7,Atraulia (NP) - Ward No.7
249468,6086,8,Atraulia (NP) - Ward No.8
249468,6087,9,Atraulia (NP) - Ward No.9
249469,6089,1,Mahrajganj (NP) - Ward No.1
249469,6098,10,Mahrajganj (NP) - Ward No.10
249469,6090,2,Mahrajganj (NP) - Ward No.2
249469,6091,3,Mahrajganj (NP) - Ward No.3
249469,6092,4,Mahrajganj (NP) - Ward No.4
249469,6093,5,Mahrajganj (NP) - Ward No.5
249469,6094,6,Mahrajganj (NP) - Ward No.6
249469,6095,7,Mahrajganj (NP) - Ward No.7
249469,6096,8,Mahrajganj (NP) - Ward No.8
249469,6097,9,Mahrajganj (NP) - Ward No.9
249470,6099,1,Bilariaganj (NP) - Ward No.1
249470,6108,10,Bilariaganj (NP) - Ward No.10
249470,6100,2,Bilariaganj (NP) - Ward No.2
249470,6101,3,Bilariaganj (NP) - Ward No.3
249470,6102,4,Bilariaganj (NP) - Ward No.4
249470,6103,5,Bilariaganj (NP) - Ward No.5
249470,6104,6,Bilariaganj (NP) - Ward No.6
249470,6105,7,Bilariaganj (NP) - Ward No.7
249470,6106,8,Bilariaganj (NP) - Ward No.8
249470,6107,9,Bilariaganj (NP) - Ward No.9
249471,6109,1,Jiyanpur (NP) - Ward No.1
249471,6118,10,Jiyanpur (NP) - Ward No.10
249471,6110,2,Jiyanpur (NP) - Ward No.2
249471,6111,3,Jiyanpur (NP) - Ward No.3
249471,6112,4,Jiyanpur (NP) - Ward No.4
249471,6113,5,Jiyanpur (NP) - Ward No.5
249471,6114,6,Jiyanpur (NP) - Ward No.6
249471,6115,7,Jiyanpur (NP) - Ward No.7
249471,6116,8,Jiyanpur (NP) - Ward No.8
249471,6117,9,Jiyanpur (NP) - Ward No.9
249472,71774,1,Azmatgarh (NP) - Ward No.1
249472,72067,10,Azmatgarh (NP) - Ward No.10
249472,72059,2,Azmatgarh (NP) - Ward No.2
249472,72060,3,Azmatgarh (NP) - Ward No.3
249472,72061,4,Azmatgarh (NP) - Ward No.4
249472,72062,5,Azmatgarh (NP) - Ward No.5
249472,72063,6,Azmatgarh (NP) - Ward No.6
249472,72064,7,Azmatgarh (NP) - Ward No.7
249472,72065,8,Azmatgarh (NP) - Ward No.8
249472,72066,9,Azmatgarh (NP) - Ward No.9
249474,6120,1,Mubarakpur (MB) - Ward No.1
249474,6129,10,Mubarakpur (MB) - Ward No.10
249474,6130,11,Mubarakpur (MB) - Ward No.11
249474,6131,12,Mubarakpur (MB) - Ward No.12
249474,6132,13,Mubarakpur (MB) - Ward No.13
249474,6133,14,Mubarakpur (MB) - Ward No.14
249474,6134,15,Mubarakpur (MB) - Ward No.15
249474,6135,16,Mubarakpur (MB) - Ward No.16
249474,6136,17,Mubarakpur (MB) - Ward No.17
249474,6137,18,Mubarakpur (MB) - Ward No.18
249474,6138,19,Mubarakpur (MB) - Ward No.19
249474,6121,2,Mubarakpur (MB) - Ward No.2
249474,6139,20,Mubarakpur (MB) - Ward No.20
249474,6140,21,Mubarakpur (MB) - Ward No.21
249474,6141,22,Mubarakpur (MB) - Ward No.22
249474,6142,23,Mubarakpur (MB) - Ward No.23
249474,6143,24,Mubarakpur (MB) - Ward No.24
249474,6144,25,Mubarakpur (MB) - Ward No.25
249474,6122,3,Mubarakpur (MB) - Ward No.3
249474,6123,4,Mubarakpur (MB) - Ward No.4
249474,6124,5,Mubarakpur (MB) - Ward No.5
249474,6125,6,Mubarakpur (MB) - Ward No.6
249474,6126,7,Mubarakpur (MB) - Ward No.7
249474,6127,8,Mubarakpur (MB) - Ward No.8
249474,6128,9,Mubarakpur (MB) - Ward No.9
249477,6147,1,Azamgarh (MB) - Ward No.1
249477,6156,10,Azamgarh (MB) - Ward No.10
249477,6157,11,Azamgarh (MB) - Ward No.11
249477,6158,12,Azamgarh (MB) - Ward No.12
249477,6159,13,Azamgarh (MB) - Ward No.13
249477,6160,14,Azamgarh (MB) - Ward No.14
249477,6161,15,Azamgarh (MB) - Ward No.15
249477,6162,16,Azamgarh (MB) - Ward No.16
249477,6163,17,Azamgarh (MB) - Ward No.17
249477,6164,18,Azamgarh (MB) - Ward No.18
249477,6165,19,Azamgarh (MB) - Ward No.19
249477,6148,2,Azamgarh (MB) - Ward No.2
249477,6166,20,Azamgarh (MB) - Ward No.20
249477,6167,21,Azamgarh (MB) - Ward No.21
249477,6168,22,Azamgarh (MB) - Ward No.22
249477,6362,23,Azamgarh (MB) - Ward No.23
249477,6363,24,Azamgarh (MB) - Ward No.24
249477,6364,25,Azamgarh (MB) - Ward No.25
249477,6149,3,Azamgarh (MB) - Ward No.3
249477,6150,4,Azamgarh (MB) - Ward No.4
249477,6151,5,Azamgarh (MB) - Ward No.5
249477,6152,6,Azamgarh (MB) - Ward No.6
249477,6153,7,Azamgarh (MB) - Ward No.7
249477,6154,8,Azamgarh (MB) - Ward No.8
249477,6155,9,Azamgarh (MB) - Ward No.9
249478,6365,1,Nizamabad (NP) - Ward No.1
249478,6374,10,Nizamabad (NP) - Ward No.10
249478,6366,2,Nizamabad (NP) - Ward No.2
249478,6367,3,Nizamabad (NP) - Ward No.3
249478,6368,4,Nizamabad (NP) - Ward No.4
249478,6369,5,Nizamabad (NP) - Ward No.5
249478,6370,6,Nizamabad (NP) - Ward No.6
249478,6371,7,Nizamabad (NP) - Ward No.7
249478,6372,8,Nizamabad (NP) - Ward No.8
249478,6373,9,Nizamabad (NP) - Ward No.9
249479,6375,1,Sarai Mir (NP) - Ward No.1
249479,6384,10,Sarai Mir (NP) - Ward No.10
249479,6385,11,Sarai Mir (NP) - Ward No.11
249479,6376,2,Sarai Mir (NP) - Ward No.2
249479,6377,3,Sarai Mir (NP) - Ward No.3
249479,6378,4,Sarai Mir (NP) - Ward No.4
249479,6379,5,Sarai Mir (NP) - Ward No.5
249479,6380,6,Sarai Mir (NP) - Ward No.6
249479,6381,7,Sarai Mir (NP) - Ward No.7
249479,6382,8,Sarai Mir (NP) - Ward No.8
249479,6383,9,Sarai Mir (NP) - Ward No.9
249480,6386,1,Phulpur (NP) - Ward No.1
249480,6395,10,Phulpur (NP) - Ward No.10
249480,6387,2,Phulpur (NP) - Ward No.2
249480,6388,3,Phulpur (NP) - Ward No.3
249480,6389,4,Phulpur (NP) - Ward No.4
249480,6390,5,Phulpur (NP) - Ward No.5
249480,6391,6,Phulpur (NP) - Ward No.6
249480,6392,7,Phulpur (NP) - Ward No.7
249480,6393,8,Phulpur (NP) - Ward No.8
249480,6394,9,Phulpur (NP) - Ward No.9
249481,6396,1,Katghar Lalganj (NP) - Ward No.1
249481,6405,10,Katghar Lalganj (NP) - Ward No.10
249481,6397,2,Katghar Lalganj (NP) - Ward No.2
249481,6398,3,Katghar Lalganj (NP) - Ward No.3
249481,6399,4,Katghar Lalganj (NP) - Ward No.4
249481,6400,5,Katghar Lalganj (NP) - Ward No.5
249481,6401,6,Katghar Lalganj (NP) - Ward No.6
249481,6402,7,Katghar Lalganj (NP) - Ward No.7
249481,6403,8,Katghar Lalganj (NP) - Ward No.8
249481,6404,9,Katghar Lalganj (NP) - Ward No.9
249482,72068,1,Mehnagar (NP) - Ward No.1
249482,72077,10,Mehnagar (NP) - Ward No.10
249482,72069,2,Mehnagar (NP) - Ward No.2
249482,72070,3,Mehnagar (NP) - Ward No.3
249482,72071,4,Mehnagar (NP) - Ward No.4
249482,72072,5,Mehnagar (NP) - Ward No.5
249482,72073,6,Mehnagar (NP) - Ward No.6
249482,72074,7,Mehnagar (NP) - Ward No.7
249482,72075,8,Mehnagar (NP) - Ward No.8
249482,72076,9,Mehnagar (NP) - Ward No.9
249483,72078,1,Dohrighat (NP) - Ward No.1
249483,72087,10,Dohrighat (NP) - Ward No.10
249483,72079,2,Dohrighat (NP) - Ward No.2
249483,72080,3,Dohrighat (NP) - Ward No.3
249483,72081,4,Dohrighat (NP) - Ward No.4
249483,72082,5,Dohrighat (NP) - Ward No.5
249483,72083,6,Dohrighat (NP) - Ward No.6
249483,72084,7,Dohrighat (NP) - Ward No.7
249483,72085,8,Dohrighat (NP) - Ward No.8
249483,72086,9,Dohrighat (NP) - Ward No.9
249484,6406,1,Amila (NP) - Ward No.1
249484,6415,10,Amila (NP) - Ward No.10
249484,6407,2,Amila (NP) - Ward No.2
249484,6408,3,Amila (NP) - Ward No.3
249484,6409,4,Amila (NP) - Ward No.4
249484,6410,5,Amila (NP) - Ward No.5
249484,6411,6,Amila (NP) - Ward No.6
249484,6412,7,Amila (NP) - Ward No.7
249484,6413,8,Amila (NP) - Ward No.8
249484,6414,9,Amila (NP) - Ward No.9
249485,6416,1,Ghosi (NP) - Ward No.1
249485,6425,10,Ghosi (NP) - Ward No.10
249485,6426,11,Ghosi (NP) - Ward No.11
249485,6427,12,Ghosi (NP) - Ward No.12
249485,6428,13,Ghosi (NP) - Ward No.13
249485,6429,14,Ghosi (NP) - Ward No.14
249485,6430,15,Ghosi (NP) - Ward No.15
249485,6431,16,Ghosi (NP) - Ward No.16
249485,6432,17,Ghosi (NP) - Ward No.17
249485,6417,2,Ghosi (NP) - Ward No.2
249485,6418,3,Ghosi (NP) - Ward No.3
249485,6419,4,Ghosi (NP) - Ward No.4
249485,6420,5,Ghosi (NP) - Ward No.5
249485,6421,6,Ghosi (NP) - Ward No.6
249485,6422,7,Ghosi (NP) - Ward No.7
249485,6423,8,Ghosi (NP) - Ward No.8
249485,6424,9,Ghosi (NP) - Ward No.9
249486,6433,1,Kopaganj (MB) - Ward No.1
249486,6442,10,Kopaganj (MB) - Ward No.10
249486,6443,11,Kopaganj (MB) - Ward No.11
249486,6444,12,Kopaganj (MB) - Ward No.12
249486,6445,13,Kopaganj (MB) - Ward No.13
249486,6446,14,Kopaganj (MB) - Ward No.14
249486,6447,15,Kopaganj (MB) - Ward No.15
249486,6448,16,Kopaganj (MB) - Ward No.16
249486,6434,2,Kopaganj (MB) - Ward No.2
249486,6435,3,Kopaganj (MB) - Ward No.3
249486,6436,4,Kopaganj (MB) - Ward No.4
249486,6437,5,Kopaganj (MB) - Ward No.5
249486,6438,6,Kopaganj (MB) - Ward No.6
249486,6439,7,Kopaganj (MB) - Ward No.7
249486,6440,8,Kopaganj (MB) - Ward No.8
249486,6441,9,Kopaganj (MB) - Ward No.9
249487,6449,1,Adari (NP) - Ward No.1
249487,6458,10,Adari (NP) - Ward No.10
249487,6450,2,Adari (NP) - Ward No.2
249487,6451,3,Adari (NP) - Ward No.3
249487,6452,4,Adari (NP) - Ward No.4
249487,6453,5,Adari (NP) - Ward No.5
249487,6454,6,Adari (NP) - Ward No.6
249487,6455,7,Adari (NP) - Ward No.7
249487,6456,8,Adari (NP) - Ward No.8
249487,6457,9,Adari (NP) - Ward No.9
249488,72088,1,Maunath Bhanjan (MB) - Ward No.1
249488,72097,10,Maunath Bhanjan (MB) - Ward No.10
249488,72098,11,Maunath Bhanjan (MB) - Ward No.11
249488,72099,12,Maunath Bhanjan (MB) - Ward No.12
249488,72100,13,Maunath Bhanjan (MB) - Ward No.13
249488,72101,14,Maunath Bhanjan (MB) - Ward No.14
249488,72102,15,Maunath Bhanjan (MB) - Ward No.15
249488,72103,16,Maunath Bhanjan (MB) - Ward No.16
249488,67370,17,Maunath Bhanjan (MB) - Ward No.17
249488,67371,18,Maunath Bhanjan (MB) - Ward No.18
249488,67372,19,Maunath Bhanjan (MB) - Ward No.19
249488,72089,2,Maunath Bhanjan (MB) - Ward No.2
249488,67373,20,Maunath Bhanjan (MB) - Ward No.20
249488,67374,21,Maunath Bhanjan (MB) - Ward No.21
249488,67375,22,Maunath Bhanjan (MB) - Ward No.22
249488,67376,23,Maunath Bhanjan (MB) - Ward No.23
249488,67377,24,Maunath Bhanjan (MB) - Ward No.24
249488,67378,25,Maunath Bhanjan (MB) - Ward No.25
249488,67379,26,Maunath Bhanjan (MB) - Ward No.26
249488,67380,27,Maunath Bhanjan (MB) - Ward No.27
249488,67381,28,Maunath Bhanjan (MB) - Ward No.28
249488,72090,3,Maunath Bhanjan (MB) - Ward No.3
249488,72091,4,Maunath Bhanjan (MB) - Ward No.4
249488,72092,5,Maunath Bhanjan (MB) - Ward No.5
249488,72093,6,Maunath Bhanjan (MB) - Ward No.6
249488,72094,7,Maunath Bhanjan (MB) - Ward No.7
249488,72095,8,Maunath Bhanjan (MB) - Ward No.8
249488,72096,9,Maunath Bhanjan (MB) - Ward No.9
249490,23876,1,Muhammadabad (NP) - Ward No.1
249490,23885,10,Muhammadabad (NP) - Ward No.10
249490,23886,11,Muhammadabad (NP) - Ward No.11
249490,23887,12,Muhammadabad (NP) - Ward No.12
249490,23888,13,Muhammadabad (NP) - Ward No.13
249490,23889,14,Tripathi Chitra Mandir and Railway Colony (OG) - Ward No.14
249490,23890,15,Qalandar Chauraha and Ghosi Taxi Stand (OG) - Ward No.15
249490,23877,2,Muhammadabad (NP) - Ward No.2
249490,23878,3,Muhammadabad (NP) - Ward No.3
249490,23879,4,Muhammadabad (NP) - Ward No.4
249490,23880,5,Muhammadabad (NP) - Ward No.5
249490,23881,6,Muhammadabad (NP) - Ward No.6
249490,23882,7,Muhammadabad (NP) - Ward No.7
249490,23883,8,Muhammadabad (NP) - Ward No.8
249490,23884,9,Muhammadabad (NP) - Ward No.9
249492,23892,1,Belthara Road (NP) - Ward No.1
249492,23901,10,Belthara Road (NP) - Ward No.10
249492,23902,11,Belthara Road (NP) - Ward No.11
249492,23903,12,Belthara Road (NP) - Ward No.12
249492,23904,13,Belthara Road (NP) - Ward No.13
249492,23905,14,Belthara Road (NP) - Ward No.14
249492,23893,2,Belthara Road (NP) - Ward No.2
249492,23894,3,Belthara Road (NP) - Ward No.3
249492,23895,4,Belthara Road (NP) - Ward No.4
249492,23896,5,Belthara Road (NP) - Ward No.5
249492,23897,6,Belthara Road (NP) - Ward No.6
249492,23898,7,Belthara Road (NP) - Ward No.7
249492,23899,8,Belthara Road (NP) - Ward No.8
249492,23900,9,Belthara Road (NP) - Ward No.9
249493,23906,1,Sikanderpur (NP) - Ward No.1
249493,23915,10,Sikanderpur (NP) - Ward No.10
249493,23916,11,Sikanderpur (NP) - Ward No.11
249493,23917,12,Sikanderpur (NP) - Ward No.12
249493,23918,13,Sikanderpur (NP) - Ward No.13
249493,23919,14,Sikanderpur (NP) - Ward No.14
249493,23907,2,Sikanderpur (NP) - Ward No.2
249493,23908,3,Sikanderpur (NP) - Ward No.3
249493,23909,4,Sikanderpur (NP) - Ward No.4
249493,23910,5,Sikanderpur (NP) - Ward No.5
249493,23911,6,Sikanderpur (NP) - Ward No.6
249493,23912,7,Sikanderpur (NP) - Ward No.7
249493,23913,8,Sikanderpur (NP) - Ward No.8
249493,23914,9,Sikanderpur (NP) - Ward No.9
249494,23920,1,Maniyar (NP) - Ward No.1
249494,23929,10,Maniyar (NP) - Ward No.10
249494,23930,11,Maniyar (NP) - Ward No.11
249494,23931,12,Maniyar (NP) - Ward No.12
249494,23932,13,Maniyar (NP) - Ward No.13
249494,23921,2,Maniyar (NP) - Ward No.2
249494,23922,3,Maniyar (NP) - Ward No.3
249494,23923,4,Maniyar (NP) - Ward No.4
249494,23924,5,Maniyar (NP) - Ward No.5
249494,23925,6,Maniyar (NP) - Ward No.6
249494,23926,7,Maniyar (NP) - Ward No.7
249494,23927,8,Maniyar (NP) - Ward No.8
249494,23928,9,Maniyar (NP) - Ward No.9
249495,23933,1,Rasra (MB) - Ward No.1
249495,23942,10,Rasra (MB) - Ward No.10
249495,23943,11,Rasra (MB) - Ward No.11
249495,23944,12,Rasra (MB) - Ward No.12
249495,24039,13,Rasra (MB) - Ward No.13
249495,24040,14,Rasra (MB) - Ward No.14
249495,24041,15,Rasra (MB) - Ward No.15
249495,24042,16,Rasra (MB) - Ward No.16
249495,24043,17,Rasra (MB) - Ward No.17
249495,24044,18,Rasra (MB) - Ward No.18
249495,24045,19,Rasra (MB) - Ward No.19
249495,23934,2,Rasra (MB) - Ward No.2
249495,24046,20,Rasra (MB) - Ward No.20
249495,24047,21,Rasra (MB) - Ward No.21
249495,24048,22,Rasra (MB) - Ward No.22
249495,24049,23,Rasra (MB) - Ward No.23
249495,24050,24,Rasra (MB) - Ward No.24
249495,24051,25,Rasra (MB) - Ward No.25
249495,23935,3,Rasra (MB) - Ward No.3
249495,23936,4,Rasra (MB) - Ward No.4
249495,23937,5,Rasra (MB) - Ward No.5
249495,23938,6,Rasra (MB) - Ward No.6
249495,23939,7,Rasra (MB) - Ward No.7
249495,23940,8,Rasra (MB) - Ward No.8
249495,23941,9,Rasra (MB) - Ward No.9
249496,71628,1,Chitbara Gaon (NP) - Ward No.1
249496,71637,10,Chitbara Gaon (NP) - Ward No.10
249496,71638,11,Chitbara Gaon (NP) - Ward No.11
249496,71639,12,Chitbara Gaon (NP) - Ward No.12
249496,71640,13,Chitbara Gaon (NP) - Ward No.13
249496,71641,14,Chitbara Gaon (NP) - Ward No.14
249496,71629,2,Chitbara Gaon (NP) - Ward No.2
249496,71630,3,Chitbara Gaon (NP) - Ward No.3
249496,71631,4,Chitbara Gaon (NP) - Ward No.4
249496,71632,5,Chitbara Gaon (NP) - Ward No.5
249496,71633,6,Chitbara Gaon (NP) - Ward No.6
249496,71634,7,Chitbara Gaon (NP) - Ward No.7
249496,71635,8,Chitbara Gaon (NP) - Ward No.8
249496,71636,9,Chitbara Gaon (NP) - Ward No.9
249497,24052,1,Ballia (MB) - Ward No.1
249497,24061,10,Ballia (MB) - Ward No.10
249497,24062,11,Ballia (MB) - Ward No.11
249497,24063,12,Ballia (MB) - Ward No.12
249497,24064,13,Ballia (MB) - Ward No.13
249497,24065,14,Ballia (MB) - Ward No.14
249497,24066,15,Ballia (MB) - Ward No.15
249497,24067,16,Ballia (MB) - Ward No.16
249497,24068,17,Ballia (MB) - Ward No.17
249497,24069,18,Ballia (MB) - Ward No.18
249497,24070,19,Ballia (MB) - Ward No.19
249497,24053,2,Ballia (MB) - Ward No.2
249497,24071,20,Ballia (MB) - Ward No.20
249497,24072,21,Ballia (MB) - Ward No.21
249497,24073,22,Ballia (MB) - Ward No.22
249497,24074,23,Ballia (MB) - Ward No.23
249497,24075,24,Ballia (MB) - Ward No.24
249497,24076,25,Ballia (MB) - Ward No.25
249497,24054,3,Ballia (MB) - Ward No.3
249497,24055,4,Ballia (MB) - Ward No.4
249497,24056,5,Ballia (MB) - Ward No.5
249497,24057,6,Ballia (MB) - Ward No.6
249497,24058,7,Ballia (MB) - Ward No.7
249497,24059,8,Ballia (MB) - Ward No.8
249497,24060,9,Ballia (MB) - Ward No.9
249498,71642,1,Bansdih (NP) - Ward No.1
249498,71651,10,Bansdih (NP) - Ward No.10
249498,71652,11,Bansdih (NP) - Ward No.11
249498,71653,12,Bansdih (NP) - Ward No.12
249498,71654,13,Bansdih (NP) - Ward No.13
249498,71655,14,Bansdih (NP) - Ward No.14
249498,71643,2,Bansdih (NP) - Ward No.2
249498,71644,3,Bansdih (NP) - Ward No.3
249498,71645,4,Bansdih (NP) - Ward No.4
249498,71646,5,Bansdih (NP) - Ward No.5
249498,71647,6,Bansdih (NP) - Ward No.6
249498,71648,7,Bansdih (NP) - Ward No.7
249498,71649,8,Bansdih (NP) - Ward No.8
249498,71650,9,Bansdih (NP) - Ward No.9
249499,24077,1,Sahatwar (NP) - Ward No.1
249499,24086,10,Sahatwar (NP) - Ward No.10
249499,24087,11,Sahatwar (NP) - Ward No.11
249499,24088,12,Sahatwar (NP) - Ward No.12
249499,24089,13,Sahatwar (NP) - Ward No.13
249499,24090,14,Sahatwar (NP) - Ward No.14
249499,24078,2,Sahatwar (NP) - Ward No.2
249499,24079,3,Sahatwar (NP) - Ward No.3
249499,24080,4,Sahatwar (NP) - Ward No.4
249499,24081,5,Sahatwar (NP) - Ward No.5
249499,24082,6,Sahatwar (NP) - Ward No.6
249499,24083,7,Sahatwar (NP) - Ward No.7
249499,24084,8,Sahatwar (NP) - Ward No.8
249499,24085,9,Sahatwar (NP) - Ward No.9
249500,24091,1,Reoti (NP) - Ward No.1
249500,24100,10,Reoti (NP) - Ward No.10
249500,24101,11,Reoti (NP) - Ward No.11
249500,24102,12,Reoti (NP) - Ward No.12
249500,24103,13,Reoti (NP) - Ward No.13
249500,24104,14,Reoti (NP) - Ward No.14
249500,24092,2,Reoti (NP) - Ward No.2
249500,24093,3,Reoti (NP) - Ward No.3
249500,24094,4,Reoti (NP) - Ward No.4
249500,24095,5,Reoti (NP) - Ward No.5
249500,24096,6,Reoti (NP) - Ward No.6
249500,24097,7,Reoti (NP) - Ward No.7
249500,24098,8,Reoti (NP) - Ward No.8
249500,24099,9,Reoti (NP) - Ward No.9
249501,71656,1,Chamrauti-I - Ward No.1
249501,71665,10,Pachhcimi Kauriya-Ii - Ward No.10
249501,71666,11,Naie Abadi-Ii - Ward No.11
249501,71667,12,Sri Rampur - Ward No.12
249501,71668,13,Shahganj-Vi- Ward No.13
249501,71669,14,Bhadi-Ii - Ward No.14
249501,71670,15,Shahganj-Iii - Ward No.15
249501,71671,16,Aliganj-I - Ward No.16
249501,71672,17,Shahganj-Iv - Ward No.17
249501,71673,18,Bhatiyari Tola-I - Ward No.18
249501,71674,19,Iraqiyana-I- Ward No.19
249501,71657,2,Chamrauti-Ii - Ward No.2
249501,72199,20,Shahganj-I- Ward No.20
249501,72200,21,Pachhcimi Kauriya - Ward No.21
249501,72201,22,Shahganj-V - Ward No.22
249501,72202,23,Shahganj-Vii - Ward No.23
249501,72203,24,Shahganj-Ii - Ward No.24
249501,72204,25,Iraqiyana-Ii - Ward No.25
249501,71658,3,Aliganj-Ii - Ward No.3
249501,71659,4,Bhatiyari Tola-Ii - Ward No.4
249501,71660,5,Bhadi-I- Ward No.5
249501,71661,6,Husainganj - Ward No.6
249501,71662,7,Railway Colony - Ward No.7
249501,71663,8,Pachhcimi Kauriya-Iii - Ward No.8
249501,71664,9,Naie Abadi-I - Ward No.9
249502,24105,1,Sarwarpur - Ward No.1
249502,24114,10,Chauhatta - Ward No.10
249502,24115,11,Jogiyana - Ward No.11
249502,24116,12,Bara - Ward No.12
249502,24117,13,Bhatiyari Sarai - Ward No.13
249502,24106,2,Dobhi - Ward No.2
249502,24107,3,Post Office - Ward No.3
249502,24108,4,Bharti Vidya Peeth - Ward No.4
249502,24109,5,Bhabhanauti - Ward No.5
249502,24110,6,Sondhi - Ward No.6
249502,24111,7,Kasimpur - Ward No.7
249502,24112,8,Gola Bazar - Ward No.8
249502,24113,9,Kohrauti - Ward No.9
249503,24118,1,Pakari-I - Ward No.1
249503,24127,10,Shahabganj-Ii - Ward No.10
249503,24128,11,Daf Liyan - Ward No.11
249503,24129,12,Sutahatti - Ward No.12
249503,24130,13,Ambedkar Nagar - Ward No.13
249503,24131,14,Kamalpur - Ward No.14
249503,24132,15,Adarsh Nagar - Ward No.15
249503,24133,16,Pakari-Ii - Ward No.16
249503,24134,17,Nai Ganj - Ward No.17
249503,24135,18,Gurhaie-I - Ward No.18
249503,24136,19,Anjahi - Ward No.19
249503,24119,2,Shahabganj-Iv - Ward No.2
249503,24137,20,Katara - Ward No.20
249503,24138,21,Darjiyan - Ward No.21
249503,24139,22,Azad Nagar - Ward No.22
249503,24977,23,Sabji Mandi - Ward No.23
249503,24978,24,Gola Mandi - Ward No.24
249503,24979,25,Lathariya - Ward No.25
249503,24120,3,Gajrajganj- Ward No.3
249503,24121,4,Shahabganj-Iii - Ward No.4
249503,24122,5,Pakari-Iii - Ward No.5
249503,24123,6,Shahabganj-V - Ward No.6
249503,24124,7,Nai Bazar - Ward No.7
249503,24125,8,Gurhaie-Ii - Ward No.8
249503,24126,9,Shahabganj-I - Ward No.9
249504,24980,1,Pura Jiayee - Ward No.1
249504,24989,10,Alviyana- Ward No.10
249504,24990,11,Purani Bazar- Ward No.11
249504,24991,12,Saray - Ward No.12
249504,24992,13,Umarana - Ward No.13
249504,24993,14,Khanzada - Ward No.14
249504,2101,15,Mahatawana - Ward No.15
249504,24981,2,Pura Nandlal - Ward No.2
249504,24982,3,Chauhatta - Ward No.3
249504,24983,4,Kotwali - Ward No.4
249504,24984,5,Qaziyana- Ward No.5
249504,24985,6,Sadiqganj (Northern) - Ward No.6
249504,24986,7,Sadiqganj (Southern) - Ward No.7
249504,24987,8,Pura Doshi - Ward No.8
249504,24988,9,Kripa Shankar Nagar - Ward No.9
249505,24994,1,Nakkhas- Ward No.1
249505,25003,10,Isapur- Ward No.10
249505,25004,11,Umarpur - Ward No.11
249505,25005,12,Dhalgarh Tola - Ward No.12
249505,25006,13,Olandganj - Ward No.13
249505,25007,14,Khwajagi Tola - Ward No.14
249505,25008,15,Chak Pyar Ali - Ward No.15
249505,25009,16,Urdu Bazar - Ward No.16
249505,25010,17,Begam Ganj - Ward No.17
249505,25011,18,Harakhpur - Ward No.18
249505,25012,19,Mandi Naseeb Khan - Ward No.19
249505,24995,2,Matapur - Ward No.2
249505,25013,20,Abir Garh Tola - Ward No.20
249505,25014,21,Bhandari - Ward No.21
249505,25015,22,Tar Tala - Ward No.22
249505,25016,23,Pan Dareeba - Ward No.23
249505,25017,24,Meer Mast - Ward No.24
249505,25018,25,Jahangeera Bad - Ward No.25
249505,25019,26,Mufti Mohalla - Ward No.26
249505,2095,27,Ahiyapur - Ward No.27
249505,2096,28,Makhdoom Shah Adhan - Ward No.28
249505,2097,29,Katghara - Ward No.29
249505,24996,3,Ramnagar - Ward No.3
249505,2098,30,Chachakpur- Ward No.30
249505,2099,31,Rauja Arjan- Ward No.31
249505,24997,4,Miyanpur - Ward No.4
249505,24998,5,Naegnaj - Ward No.5
249505,24999,6,Wajidpur (South) - Ward No.6
249505,25000,7,Machhartta - Ward No.7
249505,25001,8,Husenabad - Ward No.8
249505,25002,9,Rasmandal - Ward No.9
249507,25030,1,Belwan - Ward No.1
249507,25039,10,Ganj Yadav Basti- Ward No.10
249507,25040,11,Qaziayana - Ward No.11
249507,25041,12,Gola Bazar - Ward No.12
249507,25042,13,Mishrana - Ward No.13
249507,2102,14,Ganj Pashchami - Ward No.14
249507,2103,15,Mahatwana - Ward No.15
249507,25031,2,Mirdaha - Ward No.2
249507,25032,3,Bhandariya Tola - Ward No.3
249507,25033,4,Khairuddin Ganj - Ward No.4
249507,25034,5,Sadarganj (North) - Ward No.5
249507,25035,6,Bhandariya Tola Pahi- Ward No.6
249507,25036,7,Ganj Pal Basti - Ward No.7
249507,25037,8,Garahi - Ward No.8
249507,25038,9,Sadarganj Western - Ward No.9
249508,25043,1,Nalapar-I - Ward No.1
249508,25052,10,Mehndi Tala - Ward No.10
249508,2100,11,Shaikhzada-I- Ward No.11
249508,25044,2,Narhan-Ii- Ward No.2
249508,25045,3,Nalapar-Ii- Ward No.3
249508,25046,4,Narhan-Iii - Ward No.4
249508,25047,5,Sipah-Ii - Ward No.5
249508,25048,6,Shaikhzada-Ii - Ward No.6
249508,25049,7,Gola Ward- Ward No.7
249508,25050,8,Narhan-I - Ward No.8
249508,25051,9,Sipah-I - Ward No.9
249509,72205,1,Sadat (NP) - Ward No.1
249509,72214,10,Sadat (NP) - Ward No.10
249509,72206,2,Sadat (NP) - Ward No.2
249509,72207,3,Sadat (NP) - Ward No.3
249509,72208,4,Sadat (NP) - Ward No.4
249509,72209,5,Sadat (NP) - Ward No.5
249509,72210,6,Sadat (NP) - Ward No.6
249509,72211,7,Sadat (NP) - Ward No.7
249509,72212,8,Sadat (NP) - Ward No.8
249509,72213,9,Sadat (NP) - Ward No.9
249510,25053,1,Saidpur (NP) - Ward No.1
249510,25062,10,Saidpur (NP) - Ward No.10
249510,25063,11,Saidpur (NP) - Ward No.11
249510,25064,12,Saidpur (NP) - Ward No.12
249510,25065,13,Saidpur (NP) - Ward No.13
249510,25066,14,Saidpur (NP) - Ward No.14
249510,25067,15,Saidpur (NP) - Ward No.15
249510,25054,2,Saidpur (NP) - Ward No.2
249510,25055,3,Saidpur (NP) - Ward No.3
249510,25056,4,Saidpur (NP) - Ward No.4
249510,25057,5,Saidpur (NP) - Ward No.5
249510,25058,6,Saidpur (NP) - Ward No.6
249510,25059,7,Saidpur (NP) - Ward No.7
249510,25060,8,Saidpur (NP) - Ward No.8
249510,25061,9,Saidpur (NP) - Ward No.9
249511,25068,1,Jangipur (NP) - Ward No.1
249511,25077,10,Jangipur (NP) - Ward No.10
249511,25069,2,Jangipur (NP) - Ward No.2
249511,25070,3,Jangipur (NP) - Ward No.3
249511,25071,4,Jangipur (NP) - Ward No.4
249511,25072,5,Jangipur (NP) - Ward No.5
249511,25073,6,Jangipur (NP) - Ward No.6
249511,25074,7,Jangipur (NP) - Ward No.7
249511,25075,8,Jangipur (NP) - Ward No.8
249511,25076,9,Jangipur (NP) - Ward No.9
249512,72215,1,Ghazipur (MB) - Ward No.1
249512,72224,10,Ghazipur (MB) - Ward No.10
249512,72225,11,Ghazipur (MB) - Ward No.11
249512,72226,12,Ghazipur (MB) - Ward No.12
249512,72227,13,Ghazipur (MB) - Ward No.13
249512,72228,14,Ghazipur (MB) - Ward No.14
249512,72229,15,Ghazipur (MB) - Ward No.15
249512,72230,16,Ghazipur (MB) - Ward No.16
249512,72231,17,Ghazipur (MB) - Ward No.17
249512,72232,18,Ghazipur (MB) - Ward No.18
249512,72233,19,Ghazipur (MB) - Ward No.19
249512,72216,2,Ghazipur (MB) - Ward No.2
249512,72234,20,Ghazipur (MB) - Ward No.20
249512,72235,21,Ghazipur (MB) - Ward No.21
249512,72236,22,Ghazipur (MB) - Ward No.22
249512,72237,23,Ghazipur (MB) - Ward No.23
249512,72238,24,Ghazipur (MB) - Ward No.24
249512,72239,25,Ghazipur (MB) - Ward No.25
249512,72240,26,Mishrolia Madhopur (OG) - Ward No.26
249512,72241,27,Kapoorpur (OG) - Ward No.27
249512,72242,28,Razdepur (OG) - Ward No.28
249512,72217,3,Ghazipur (MB) - Ward No.3
249512,72218,4,Ghazipur (MB) - Ward No.4
249512,72219,5,Ghazipur (MB) - Ward No.5
249512,72220,6,Ghazipur (MB) - Ward No.6
249512,72221,7,Ghazipur (MB) - Ward No.7
249512,72222,8,Ghazipur (MB) - Ward No.8
249512,72223,9,Ghazipur (MB) - Ward No.9
249513,72243,1,Bahadurganj (NP) - Ward No.1
249513,72252,10,Bahadurganj (NP) - Ward No.10
249513,72253,11,Bahadurganj (NP) - Ward No.11
249513,72254,12,Bahadurganj (NP) - Ward No.12
249513,72244,2,Bahadurganj (NP) - Ward No.2
249513,72245,3,Bahadurganj (NP) - Ward No.3
249513,72246,4,Bahadurganj (NP) - Ward No.4
249513,72247,5,Bahadurganj (NP) - Ward No.5
249513,72248,6,Bahadurganj (NP) - Ward No.6
249513,72249,7,Bahadurganj (NP) - Ward No.7
249513,72250,8,Bahadurganj (NP) - Ward No.8
249513,72251,9,Bahadurganj (NP) - Ward No.9
249514,25078,1,Mohammadabad (MB) - Ward No.1
249514,25087,10,Mohammadabad (MB) - Ward No.10
249514,25088,11,Mohammadabad (MB) - Ward No.11
249514,25089,12,Mohammadabad (MB) - Ward No.12
249514,25090,13,Mohammadabad (MB) - Ward No.13
249514,25091,14,Mohammadabad (MB) - Ward No.14
249514,25092,15,Mohammadabad (MB) - Ward No.15
249514,25093,16,Mohammadabad (MB) - Ward No.16
249514,25094,17,Mohammadabad (MB) - Ward No.17
249514,25095,18,Mohammadabad (MB) - Ward No.18
249514,25096,19,Mohammadabad (MB) - Ward No.19
249514,25079,2,Mohammadabad (MB) - Ward No.2
249514,25097,20,Mohammadabad (MB) - Ward No.20
249514,25098,21,Mohammadabad (MB) - Ward No.21
249514,25099,22,Mohammadabad (MB) - Ward No.22
249514,25100,23,Mohammadabad (MB) - Ward No.23
249514,25101,24,Mohammadabad (MB) - Ward No.24
249514,25102,25,Mohammadabad (MB) - Ward No.25
249514,25080,3,Mohammadabad (MB) - Ward No.3
249514,25081,4,Mohammadabad (MB) - Ward No.4
249514,25082,5,Mohammadabad (MB) - Ward No.5
249514,25083,6,Mohammadabad (MB) - Ward No.6
249514,25084,7,Mohammadabad (MB) - Ward No.7
249514,25085,8,Mohammadabad (MB) - Ward No.8
249514,25086,9,Mohammadabad (MB) - Ward No.9
249515,25103,1,Dildarnagar Fatehpur Bazar (NP) - Ward No.1
249515,25112,10,Dildarnagar Fatehpur Bazar (NP) - Ward No.10
249515,25104,2,Dildarnagar Fatehpur Bazar (NP) - Ward No.2
249515,25105,3,Dildarnagar Fatehpur Bazar (NP) - Ward No.3
249515,25106,4,Dildarnagar Fatehpur Bazar (NP) - Ward No.4
249515,25107,5,Dildarnagar Fatehpur Bazar (NP) - Ward No.5
249515,25108,6,Dildarnagar Fatehpur Bazar (NP) - Ward No.6
249515,25109,7,Dildarnagar Fatehpur Bazar (NP) - Ward No.7
249515,25110,8,Dildarnagar Fatehpur Bazar (NP) - Ward No.8
249515,25111,9,Dildarnagar Fatehpur Bazar (NP) - Ward No.9
249516,25113,1,Zamania (MB) - Ward No.1
249516,25122,10,Zamania (MB) - Ward No.10
249516,25123,11,Zamania (MB) - Ward No.11
249516,25124,12,Zamania (MB) - Ward No.12
249516,25125,13,Zamania (MB) - Ward No.13
249516,25126,14,Zamania (MB) - Ward No.14
249516,25127,15,Zamania (MB) - Ward No.15
249516,25128,16,Zamania (MB) - Ward No.16
249516,25129,17,Zamania (MB) - Ward No.17
249516,25130,18,Zamania (MB) - Ward No.18
249516,25131,19,Zamania (MB) - Ward No.19
249516,25114,2,Zamania (MB) - Ward No.2
249516,25132,20,Zamania (MB) - Ward No.20
249516,25133,21,Zamania (MB) - Ward No.21
249516,25134,22,Zamania (MB) - Ward No.22
249516,25135,23,Zamania (MB) - Ward No.23
249516,25136,24,Zamania (MB) - Ward No.24
249516,25137,25,Zamania (MB) - Ward No.25
249516,25115,3,Zamania (MB) - Ward No.3
249516,25116,4,Zamania (MB) - Ward No.4
249516,25117,5,Zamania (MB) - Ward No.5
249516,25118,6,Zamania (MB) - Ward No.6
249516,25119,7,Zamania (MB) - Ward No.7
249516,25120,8,Zamania (MB) - Ward No.8
249516,25121,9,Zamania (MB) - Ward No.9
249518,25139,1,Mughalsarai (MB) - Ward No.1
249518,25148,10,Mughalsarai (MB) - Ward No.10
249518,25149,11,Mughalsarai (MB) - Ward No.11
249518,25150,12,Mughalsarai (MB) - Ward No.12
249518,25151,13,Mughalsarai (MB) - Ward No.13
249518,25152,14,Mughalsarai (MB) - Ward No.14
249518,25153,15,Mughalsarai (MB) - Ward No.15
249518,25154,16,Mughalsarai (MB) - Ward No.16
249518,25155,17,Mughalsarai (MB) - Ward No.17
249518,25156,18,Mughalsarai (MB) - Ward No.18
249518,25157,19,Mughalsarai (MB) - Ward No.19
249518,25140,2,Mughalsarai (MB) - Ward No.2
249518,25158,20,Mughalsarai (MB) - Ward No.20
249518,25159,21,Mughalsarai (MB) - Ward No.21
249518,25160,22,Mughalsarai (MB) - Ward No.22
249518,25161,23,Mughalsarai (MB) - Ward No.23
249518,25162,24,Mughalsarai (MB) - Ward No.24
249518,25163,25,Mughalsarai (MB) - Ward No.25
249518,25141,3,Mughalsarai (MB) - Ward No.3
249518,25142,4,Mughalsarai (MB) - Ward No.4
249518,25143,5,Mughalsarai (MB) - Ward No.5
249518,25144,6,Mughalsarai (MB) - Ward No.6
249518,25145,7,Mughalsarai (MB) - Ward No.7
249518,25146,8,Mughalsarai (MB) - Ward No.8
249518,25147,9,Mughalsarai (MB) - Ward No.9
249520,25164,1,Chandauli (NP) - Ward No.1
249520,25173,10,Chandauli (NP) - Ward No.10
249520,25174,11,Chandauli (NP) - Ward No.11
249520,25165,2,Chandauli (NP) - Ward No.2
249520,25166,3,Chandauli (NP) - Ward No.3
249520,25167,4,Chandauli (NP) - Ward No.4
249520,25168,5,Chandauli (NP) - Ward No.5
249520,25169,6,Chandauli (NP) - Ward No.6
249520,25170,7,Chandauli (NP) - Ward No.7
249520,25171,8,Chandauli (NP) - Ward No.8
249520,25172,9,Chandauli (NP) - Ward No.9
249521,25175,1,Saiyad Raja (NP) - Ward No.1
249521,25184,10,Saiyad Raja (NP) - Ward No.10
249521,25185,11,Saiyad Raja (NP) - Ward No.11
249521,25176,2,Saiyad Raja (NP) - Ward No.2
249521,25177,3,Saiyad Raja (NP) - Ward No.3
249521,25178,4,Saiyad Raja (NP) - Ward No.4
249521,25179,5,Saiyad Raja (NP) - Ward No.5
249521,25180,6,Saiyad Raja (NP) - Ward No.6
249521,25181,7,Saiyad Raja (NP) - Ward No.7
249521,25182,8,Saiyad Raja (NP) - Ward No.8
249521,25183,9,Saiyad Raja (NP) - Ward No.9
249522,72273,1,Chakia (NP) - Ward No.1
249522,72282,10,Chakia (NP) - Ward No.10
249522,72283,11,Chakia (NP) - Ward No.11
249522,72274,2,Chakia (NP) - Ward No.2
249522,72275,3,Chakia (NP) - Ward No.3
249522,72276,4,Chakia (NP) - Ward No.4
249522,72277,5,Chakia (NP) - Ward No.5
249522,72278,6,Chakia (NP) - Ward No.6
249522,72279,7,Chakia (NP) - Ward No.7
249522,72280,8,Chakia (NP) - Ward No.8
249522,72281,9,Chakia (NP) - Ward No.9
249524,25187,1,Gandhi Nagar
249524,25196,10,Subhash Nagar
249524,25188,2,Azad Nagar
249524,25189,3,Jawahar Nagar
249524,25190,4,Malawiy Nagar
249524,25191,5,Basant Nagar
249524,25192,6,Patel Nagar
249524,25193,7,Lokmany Nagar
249524,25194,8,Raj Narayan Nagar
249524,25195,9,Moti Lal Nagar
249531,25207,1,Indrapur
249531,25216,10,Sundarpur
249531,25217,11,Chaukaghat
249531,25218,12,Tulasipur
249531,25219,13,Saraysurjan
249531,25220,14,Nawabganj
249531,25221,15,Nadesar
249531,25222,16,Dindayalpur
249531,25223,17,Shivpurwa
249531,25224,18,Khajuri
249531,25225,19,Shivpur
249531,25208,2,Binayak
249531,25226,20,Sikaraul
249531,25227,21,Habibpur
249531,25228,22,Rajabazar
249531,25229,23,Alaipura
249531,25230,24,Jagatganj
249531,25231,25,Jolha
249531,25232,26,Ramarepur
249531,25233,27,Mavaiya
249531,25234,28,Newada
249531,25235,29,Naibasti
249531,25209,3,Tarana
249531,25236,30,Sarnath
249531,25237,31,Loko Chhittupur
249531,25238,32,Nariya
249531,25239,33,Pandeypur
249531,25240,34,Koniya
249531,25241,35,Kazipura
249531,25242,36,Pahadiya
249531,25243,37,Lallapur
249531,25244,38,Bazardiha
249531,25245,39,Shivala
249531,25210,4,Rajghat
249531,25246,40,Sigara
249531,25247,41,Kameshwar Mandir
249531,25248,42,Katuapura
249531,25249,43,Khojawan
249531,25250,44,Bhelupur
249531,25251,45,Chetganj
249531,26785,46,Kamalgadhaha
249531,26786,47,Okaleshwar
249531,26787,48,Madhyameshwar
249531,26788,49,Jangambadi
249531,25211,5,Narayanpur
249531,26789,50,Saraiya
249531,26790,51,Dadanagar
249531,26791,52,Pipari Kala
249531,26792,53,Birdopur
249531,26793,54,Bhadaini
249531,26794,55,Ishwargangi
249531,26795,56,Jalalipur
249531,26796,57,Dithorimahal
249531,26797,58,Nawapura
249531,26798,59,Lahangpura
249531,25212,6,Sarsauli
249531,26799,60,Laksha
249531,26800,61,Pandariba
249531,26801,62,Rajmandir
249531,26802,63,Gadhwasitola
249531,26803,64,Ramapura
249531,26804,65,Bagahada
249531,26805,66,Prahaladghat
249531,26806,67,Goladinanath
249531,26807,68,Beniya
249531,26808,69,Saray Govardhan
249531,25213,7,Hukulganj
249531,26809,70,Pandey Haweli
249531,26810,71,Pathanitol
249531,26811,72,Rewadi Talab
249531,26812,73,Lallapura Kala
249531,26813,74,Dashashwamegh
249531,26814,75,Dhumchandi
249531,26815,76,Baluabeer
249531,26816,77,Ranipur
249531,26817,78,Bangalitola
249531,26818,79,Hadaha
249531,25214,8,Nagawan
249531,26819,80,Katehar
249531,26820,81,Jamalugheenpur
249531,26821,82,Kachchibandhubag
249531,26822,83,Kalbhairaw
249531,26823,84,Kamalpura
249531,26824,85,Basaniya
249531,26825,86,Kazisadullapura
249531,26826,87,Agaganj
249531,26827,88,Rasulpura
249531,26828,89,Chhitanpur
249531,25215,9,Lahartara
249531,26829,90,Madanpura
249531,26830,91,Lahartara (OG) - Ward No.91
249531,26831,92,Maruadih (OG) - Ward No.92
249533,72285,1,Suriyawan (NP) - Ward No.1
249533,72392,10,Suriyawan (NP) - Ward No.10
249533,72393,11,Suriyawan (NP) - Ward No.11
249533,72394,12,Suriyawan (NP) - Ward No.12
249533,72286,2,Suriyawan (NP) - Ward No.2
249533,72385,3,Suriyawan (NP) - Ward No.3
249533,72386,4,Suriyawan (NP) - Ward No.4
249533,72387,5,Suriyawan (NP) - Ward No.5
249533,72388,6,Suriyawan (NP) - Ward No.6
249533,72389,7,Suriyawan (NP) - Ward No.7
249533,72390,8,Suriyawan (NP) - Ward No.8
249533,72391,9,Suriyawan (NP) - Ward No.9
249534,26857,1,Nai Bazar (NP) - Ward No.1
249534,26866,10,Nai Bazar (NP) - Ward No.10
249534,26858,2,Nai Bazar (NP) - Ward No.2
249534,26859,3,Nai Bazar (NP) - Ward No.3
249534,26860,4,Nai Bazar (NP) - Ward No.4
249534,26861,5,Nai Bazar (NP) - Ward No.5
249534,26862,6,Nai Bazar (NP) - Ward No.6
249534,26863,7,Nai Bazar (NP) - Ward No.7
249534,26864,8,Nai Bazar (NP) - Ward No.8
249534,26865,9,Nai Bazar (NP) - Ward No.9
249535,26867,1,Bhadohi (MB) - Ward No.1
249535,26876,10,Bhadohi (MB) - Ward No.10
249535,26877,11,Bhadohi (MB) - Ward No.11
249535,26878,12,Bhadohi (MB) - Ward No.12
249535,26879,13,Bhadohi (MB) - Ward No.13
249535,26880,14,Bhadohi (MB) - Ward No.14
249535,26881,15,Bhadohi (MB) - Ward No.15
249535,26882,16,Bhadohi (MB) - Ward No.16
249535,26883,17,Bhadohi (MB) - Ward No.17
249535,26884,18,Bhadohi (MB) - Ward No.18
249535,26885,19,Bhadohi (MB) - Ward No.19
249535,26868,2,Bhadohi (MB) - Ward No.2
249535,26886,20,Bhadohi (MB) - Ward No.20
249535,26887,21,Bhadohi (MB) - Ward No.21
249535,26888,22,Bhadohi (MB) - Ward No.22
249535,26889,23,Bhadohi (MB) - Ward No.23
249535,26890,24,Bhadohi (MB) - Ward No.24
249535,26891,25,Bhadohi (MB) - Ward No.25
249535,26869,3,Bhadohi (MB) - Ward No.3
249535,26870,4,Bhadohi (MB) - Ward No.4
249535,26871,5,Bhadohi (MB) - Ward No.5
249535,26872,6,Bhadohi (MB) - Ward No.6
249535,26873,7,Bhadohi (MB) - Ward No.7
249535,26874,8,Bhadohi (MB) - Ward No.8
249535,26875,9,Bhadohi (MB) - Ward No.9
249536,26892,1,Gyanpur (NP) - Ward No.1
249536,26901,10,Gyanpur (NP) - Ward No.10
249536,26893,2,Gyanpur (NP) - Ward No.2
249536,26894,3,Gyanpur (NP) - Ward No.3
249536,26895,4,Gyanpur (NP) - Ward No.4
249536,26896,5,Gyanpur (NP) - Ward No.5
249536,26897,6,Gyanpur (NP) - Ward No.6
249536,26898,7,Gyanpur (NP) - Ward No.7
249536,26899,8,Gyanpur (NP) - Ward No.8
249536,26900,9,Gyanpur (NP) - Ward No.9
249537,26902,1,Gopi Ganj (MB) - Ward No.1
249537,26911,10,Gopi Ganj (MB) - Ward No.10
249537,26912,11,Gopi Ganj (MB) - Ward No.11
249537,26913,12,Gopi Ganj (MB) - Ward No.12
249537,26914,13,Gopi Ganj (MB) - Ward No.13
249537,26915,14,Gopi Ganj (MB) - Ward No.14
249537,26916,15,Gopi Ganj (MB) - Ward No.15
249537,26917,16,Gopi Ganj (MB) - Ward No.16
249537,26918,17,Gopi Ganj (MB) - Ward No.17
249537,26919,18,Gopi Ganj (MB) - Ward No.18
249537,26920,19,Gopi Ganj (MB) - Ward No.19
249537,26903,2,Gopi Ganj (MB) - Ward No.2
249537,26921,20,Gopi Ganj (MB) - Ward No.20
249537,26922,21,Gopi Ganj (MB) - Ward No.21
249537,26923,22,Gopi Ganj (MB) - Ward No.22
249537,26924,23,Gopi Ganj (MB) - Ward No.23
249537,26925,24,Gopi Ganj (MB) - Ward No.24
249537,26926,25,Gopi Ganj (MB) - Ward No.25
249537,26904,3,Gopi Ganj (MB) - Ward No.3
249537,26905,4,Gopi Ganj (MB) - Ward No.4
249537,26906,5,Gopi Ganj (MB) - Ward No.5
249537,26907,6,Gopi Ganj (MB) - Ward No.6
249537,26908,7,Gopi Ganj (MB) - Ward No.7
249537,26909,8,Gopi Ganj (MB) - Ward No.8
249537,26910,9,Gopi Ganj (MB) - Ward No.9
249538,26927,1,Khamaria (NP) - Ward No.1
249538,26936,10,Khamaria (NP) - Ward No.10
249538,26937,11,Khamaria (NP) - Ward No.11
249538,26938,12,Khamaria (NP) - Ward No.12
249538,26939,13,Khamaria (NP) - Ward No.13
249538,26940,14,Khamaria (NP) - Ward No.14
249538,26928,2,Khamaria (NP) - Ward No.2
249538,26929,3,Khamaria (NP) - Ward No.3
249538,26930,4,Khamaria (NP) - Ward No.4
249538,26931,5,Khamaria (NP) - Ward No.5
249538,26932,6,Khamaria (NP) - Ward No.6
249538,26933,7,Khamaria (NP) - Ward No.7
249538,26934,8,Khamaria (NP) - Ward No.8
249538,26935,9,Khamaria (NP) - Ward No.9
249539,26941,1,Ghosia Bazar (NP) - Ward No.1
249539,26950,10,Ghosia Bazar (NP) - Ward No.10
249539,26951,11,Ghosia Bazar (NP) - Ward No.11
249539,26952,12,Ghosia Bazar (NP) - Ward No.12
249539,26942,2,Ghosia Bazar (NP) - Ward No.2
249539,26943,3,Ghosia Bazar (NP) - Ward No.3
249539,26944,4,Ghosia Bazar (NP) - Ward No.4
249539,26945,5,Ghosia Bazar (NP) - Ward No.5
249539,26946,6,Ghosia Bazar (NP) - Ward No.6
249539,26947,7,Ghosia Bazar (NP) - Ward No.7
249539,26948,8,Ghosia Bazar (NP) - Ward No.8
249539,26949,9,Ghosia Bazar (NP) - Ward No.9
249540,72395,1,Mirzapur-cum-Vindhyachal (MB) - Ward No.1
249540,72404,10,Mirzapur-cum-Vindhyachal (MB) - Ward No.10
249540,72405,11,Mirzapur-cum-Vindhyachal (MB) - Ward No.11
249540,72406,12,Mirzapur-cum-Vindhyachal (MB) - Ward No.12
249540,72407,13,Mirzapur-cum-Vindhyachal (MB) - Ward No.13
249540,72408,14,Mirzapur-cum-Vindhyachal (MB) - Ward No.14
249540,72409,15,Mirzapur-cum-Vindhyachal (MB) - Ward No.15
249540,72410,16,Mirzapur-cum-Vindhyachal (MB) - Ward No.16
249540,72411,17,Mirzapur-cum-Vindhyachal (MB) - Ward No.17
249540,72412,18,Mirzapur-cum-Vindhyachal (MB) - Ward No.18
249540,72413,19,Mirzapur-cum-Vindhyachal (MB) - Ward No.19
249540,72396,2,Mirzapur-cum-Vindhyachal (MB) - Ward No.2
249540,72414,20,Mirzapur-cum-Vindhyachal (MB) - Ward No.20
249540,72415,21,Mirzapur-cum-Vindhyachal (MB) - Ward No.21
249540,72416,22,Mirzapur-cum-Vindhyachal (MB) - Ward No.22
249540,72417,23,Mirzapur-cum-Vindhyachal (MB) - Ward No.23
249540,72418,24,Mirzapur-cum-Vindhyachal (MB) - Ward No.24
249540,72419,25,Mirzapur-cum-Vindhyachal (MB) - Ward No.25
249540,72420,26,Mirzapur-cum-Vindhyachal (MB) - Ward No.26
249540,72421,27,Mirzapur-cum-Vindhyachal (MB) - Ward No.27
249540,72422,28,Mirzapur-cum-Vindhyachal (MB) - Ward No.28
249540,72397,3,Mirzapur-cum-Vindhyachal (MB) - Ward No.3
249540,72398,4,Mirzapur-cum-Vindhyachal (MB) - Ward No.4
249540,72399,5,Mirzapur-cum-Vindhyachal (MB) - Ward No.5
249540,72400,6,Mirzapur-cum-Vindhyachal (MB) - Ward No.6
249540,72401,7,Mirzapur-cum-Vindhyachal (MB) - Ward No.7
249540,72402,8,Mirzapur-cum-Vindhyachal (MB) - Ward No.8
249540,72403,9,Mirzapur-cum-Vindhyachal (MB) - Ward No.9
249542,26953,1,Kachhwa (NP) - Ward No.1
249542,26962,10,Kachhwa (NP) - Ward No.10
249542,26963,11,Kachhwa (NP) - Ward No.11
249542,26964,12,Kachhwa (NP) - Ward No.12
249542,26954,2,Kachhwa (NP) - Ward No.2
249542,26955,3,Kachhwa (NP) - Ward No.3
249542,26956,4,Kachhwa (NP) - Ward No.4
249542,26957,5,Kachhwa (NP) - Ward No.5
249542,26958,6,Kachhwa (NP) - Ward No.6
249542,26959,7,Kachhwa (NP) - Ward No.7
249542,26960,8,Kachhwa (NP) - Ward No.8
249542,26961,9,Kachhwa (NP) - Ward No.9
249543,26965,1,Chunar (MB) - Ward No.1
249543,27062,10,Chunar (MB) - Ward No.10
249543,27063,11,Chunar (MB) - Ward No.11
249543,27064,12,Chunar (MB) - Ward No.12
249543,27065,13,Chunar (MB) - Ward No.13
249543,27066,14,Chunar (MB) - Ward No.14
249543,27067,15,Chunar (MB) - Ward No.15
249543,27068,16,Chunar (MB) - Ward No.16
249543,27069,17,Chunar (MB) - Ward No.17
249543,27070,18,Chunar (MB) - Ward No.18
249543,27071,19,Chunar (MB) - Ward No.19
249543,26966,2,Chunar (MB) - Ward No.2
249543,27072,20,Chunar (MB) - Ward No.20
249543,27073,21,Chunar (MB) - Ward No.21
249543,27074,22,Chunar (MB) - Ward No.22
249543,27075,23,Chunar (MB) - Ward No.23
249543,27076,24,Chunar (MB) - Ward No.24
249543,27077,25,Chunar (MB) - Ward No.25
249543,26967,3,Chunar (MB) - Ward No.3
249543,26968,4,Chunar (MB) - Ward No.4
249543,27057,5,Chunar (MB) - Ward No.5
249543,27058,6,Chunar (MB) - Ward No.6
249543,27059,7,Chunar (MB) - Ward No.7
249543,27060,8,Chunar (MB) - Ward No.8
249543,27061,9,Chunar (MB) - Ward No.9
249545,27079,1,Ahraura (MB) - Ward No.1
249545,27088,10,Ahraura (MB) - Ward No.10
249545,27089,11,Ahraura (MB) - Ward No.11
249545,27090,12,Ahraura (MB) - Ward No.12
249545,27091,13,Ahraura (MB) - Ward No.13
249545,27092,14,Ahraura (MB) - Ward No.14
249545,27093,15,Ahraura (MB) - Ward No.15
249545,27094,16,Ahraura (MB) - Ward No.16
249545,27095,17,Ahraura (MB) - Ward No.17
249545,27096,18,Ahraura (MB) - Ward No.18
249545,27097,19,Ahraura (MB) - Ward No.19
249545,27080,2,Ahraura (MB) - Ward No.2
249545,27098,20,Ahraura (MB) - Ward No.20
249545,27099,21,Ahraura (MB) - Ward No.21
249545,27100,22,Ahraura (MB) - Ward No.22
249545,27101,23,Ahraura (MB) - Ward No.23
249545,27102,24,Ahraura (MB) - Ward No.24
249545,27103,25,Ahraura (MB) - Ward No.25
249545,27081,3,Ahraura (MB) - Ward No.3
249545,27082,4,Ahraura (MB) - Ward No.4
249545,27083,5,Ahraura (MB) - Ward No.5
249545,27084,6,Ahraura (MB) - Ward No.6
249545,27085,7,Ahraura (MB) - Ward No.7
249545,27086,8,Ahraura (MB) - Ward No.8
249545,27087,9,Ahraura (MB) - Ward No.9
249546,27104,1,Ghorawal (NP) - Ward No.1
249546,27113,10,Ghorawal (NP) - Ward No.10
249546,27105,2,Ghorawal (NP) - Ward No.2
249546,27106,3,Ghorawal (NP) - Ward No.3
249546,27107,4,Ghorawal (NP) - Ward No.4
249546,27108,5,Ghorawal (NP) - Ward No.5
249546,27109,6,Ghorawal (NP) - Ward No.6
249546,27110,7,Ghorawal (NP) - Ward No.7
249546,27111,8,Ghorawal (NP) - Ward No.8
249546,27112,9,Ghorawal (NP) - Ward No.9
249547,27114,1,Robertsganj (MB) - Ward No.1
249547,27123,10,Robertsganj (MB) - Ward No.10
249547,27124,11,Robertsganj (MB) - Ward No.11
249547,27125,12,Robertsganj (MB) - Ward No.12
249547,27126,13,Robertsganj (MB) - Ward No.13
249547,27127,14,Robertsganj (MB) - Ward No.14
249547,27128,15,Robertsganj (MB) - Ward No.15
249547,27129,16,Robertsganj (MB) - Ward No.16
249547,27130,17,Robertsganj (MB) - Ward No.17
249547,27131,18,Robertsganj (MB) - Ward No.18
249547,27132,19,Robertsganj (MB) - Ward No.19
249547,27115,2,Robertsganj (MB) - Ward No.2
249547,27133,20,Robertsganj (MB) - Ward No.20
249547,27134,21,Robertsganj (MB) - Ward No.21
249547,27135,22,Robertsganj (MB) - Ward No.22
249547,27136,23,Robertsganj (MB) - Ward No.23
249547,27137,24,Robertsganj (MB) - Ward No.24
249547,27138,25,Robertsganj (MB) - Ward No.25
249547,27116,3,Robertsganj (MB) - Ward No.3
249547,27117,4,Robertsganj (MB) - Ward No.4
249547,27118,5,Robertsganj (MB) - Ward No.5
249547,27119,6,Robertsganj (MB) - Ward No.6
249547,27120,7,Robertsganj (MB) - Ward No.7
249547,27121,8,Robertsganj (MB) - Ward No.8
249547,27122,9,Robertsganj (MB) - Ward No.9
249548,27139,1,Churk Ghurma (NP) - Ward No.1
249548,27148,10,Churk Ghurma (NP) - Ward No.10
249548,27149,11,Churk Ghurma (NP) - Ward No.11
249548,27140,2,Churk Ghurma (NP) - Ward No.2
249548,27141,3,Churk Ghurma (NP) - Ward No.3
249548,27142,4,Churk Ghurma (NP) - Ward No.4
249548,27143,5,Churk Ghurma (NP) - Ward No.5
249548,27144,6,Churk Ghurma (NP) - Ward No.6
249548,27145,7,Churk Ghurma (NP) - Ward No.7
249548,27146,8,Churk Ghurma (NP) - Ward No.8
249548,27147,9,Churk Ghurma (NP) - Ward No.9
249549,72424,1,Chopan (NP) - Ward No.1
249549,72433,10,Chopan (NP) - Ward No.10
249549,72425,2,Chopan (NP) - Ward No.2
249549,72426,3,Chopan (NP) - Ward No.3
249549,72427,4,Chopan (NP) - Ward No.4
249549,72428,5,Chopan (NP) - Ward No.5
249549,72429,6,Chopan (NP) - Ward No.6
249549,72430,7,Chopan (NP) - Ward No.7
249549,72431,8,Chopan (NP) - Ward No.8
249549,72432,9,Chopan (NP) - Ward No.9
249550,72434,1,Obra (NP) - Ward No.1
249550,72443,10,Obra (NP) - Ward No.10
249550,72444,11,Obra (NP) - Ward No.11
249550,72445,12,Obra (NP) - Ward No.12
249550,72446,13,Obra (NP) - Ward No.13
249550,72447,14,Obra (NP) - Ward No.14
249550,72448,15,Obra (NP) - Ward No.15
249550,72449,16,Obra (NP) - Ward No.16
249550,72450,17,Obra (NP) - Ward No.17
249550,72451,18,Obra (NP) - Ward No.18
249550,72452,19,Obra (NP) - Ward No.19
249550,72435,2,Obra (NP) - Ward No.2
249550,72436,3,Obra (NP) - Ward No.3
249550,72437,4,Obra (NP) - Ward No.4
249550,72438,5,Obra (NP) - Ward No.5
249550,72439,6,Obra (NP) - Ward No.6
249550,72440,7,Obra (NP) - Ward No.7
249550,72441,8,Obra (NP) - Ward No.8
249550,72442,9,Obra (NP) - Ward No.9
249551,27150,1,Dudhi (NP) - Ward No.1
249551,27159,10,Dudhi (NP) - Ward No.10
249551,27151,2,Dudhi (NP) - Ward No.2
249551,27152,3,Dudhi (NP) - Ward No.3
249551,27153,4,Dudhi (NP) - Ward No.4
249551,27154,5,Dudhi (NP) - Ward No.5
249551,27155,6,Dudhi (NP) - Ward No.6
249551,27156,7,Dudhi (NP) - Ward No.7
249551,27157,8,Dudhi (NP) - Ward No.8
249551,27158,9,Dudhi (NP) - Ward No.9
249552,27160,1,Renukoot (NP) - Ward No.1
249552,27169,10,Renukoot (NP) - Ward No.10
249552,27170,11,Renukoot (NP) - Ward No.11
249552,27171,12,Renukoot (NP) - Ward No.12
249552,27172,13,Renukoot (NP) - Ward No.13
249552,27173,14,Renukoot (NP) - Ward No.14
249552,27174,15,Renukoot (NP) - Ward No.15
249552,27175,16,Renukoot (NP) - Ward No.16
249552,27176,17,Renukoot (NP) - Ward No.17
249552,27177,18,Renukoot (NP) - Ward No.18
249552,27161,2,Renukoot (NP) - Ward No.2
249552,27162,3,Renukoot (NP) - Ward No.3
249552,27163,4,Renukoot (NP) - Ward No.4
249552,27164,5,Renukoot (NP) - Ward No.5
249552,27165,6,Renukoot (NP) - Ward No.6
249552,27166,7,Renukoot (NP) - Ward No.7
249552,27167,8,Renukoot (NP) - Ward No.8
249552,27168,9,Renukoot (NP) - Ward No.9
249553,27178,1,Pipri (NP) - Ward No.1
249553,27187,10,Pipri (NP) - Ward No.10
249553,27188,11,Pipri (NP) - Ward No.11
249553,27189,12,Pipri (NP) - Ward No.12
249553,27179,2,Pipri (NP) - Ward No.2
249553,27180,3,Pipri (NP) - Ward No.3
249553,27181,4,Pipri (NP) - Ward No.4
249553,27182,5,Pipri (NP) - Ward No.5
249553,27183,6,Pipri (NP) - Ward No.6
249553,27184,7,Pipri (NP) - Ward No.7
249553,27185,8,Pipri (NP) - Ward No.8
249553,27186,9,Pipri (NP) - Ward No.9
253113,2458,1,Hathgaon (NP) -Ward No. 1 &#2337;&#2367;&#2328;&#2369;&#2357;&#2366;&#2352;&#2366; &#2346;&#2358;&#2381;&#2330;&#2367;&#2350;&#2368;
253113,2459,10,Hathgaon (NP) -Ward No. 10 &#2340;&#2375;&#2361;&#2368;&#2346;&#2366;&#2352;&#2366; &#2313;&#2340;&#2381;ž&#2340;&#2352;&#2368;
253113,2546,11,Hathgaon (NP) -Ward No. 11 &#2340;&#2375;&#2361;&#2368;&#2346;&#2366;&#2352;&#2366; &#2350;&#2343;&#2381;ž&#2351;
253113,2547,12,Hathgaon (NP) -Ward No. 12 &#2337;&#2367;&#2328;&#2369;&#2357;&#2366;&#2352;&#2366; &#2346;&#2370;&#2352;&#2381;&#2357;&#2368;
253113,2460,13,Hathgaon (NP) -Ward No. 13 &#2325;&#2332;&#2367;&#2351;&#2366;&#2344;&#2366; &#2342;&#2325;&#2381;&#2359;&#2367;&#2339;&#2368;
253113,2538,2,Hathgaon (NP) -Ward No. 2 &#2311;&#2344;&#2381;&#2342;&#2367;&#2352;&#2366; &#2344;&#2327;&#2352;
253113,2539,3,Hathgaon (NP) -Ward No. 3 &#2325;&#2332;&#2367;&#2351;&#2366;&#2344;&#2366; &#2313;&#2340;&#2381;ž&#2340;&#2352;&#2368;
253113,2540,4,Hathgaon (NP) -Ward No. 4 &#2350;&#2314;&#2346;&#2366;&#2352;&#2366; &#2346;&#2358;&#2381;&#2330;&#2367;&#2350;&#2368;
253113,2541,5,Hathgaon (NP) -Ward No. 5 &#2340;&#2375;&#2361;&#2368;&#2346;&#2366;&#2352;&#2366; &#2342;&#2325;&#2381;&#2359;&#2367;&#2339;&#2368;
253113,2542,6,Hathgaon (NP) -Ward No. 6 &#2309;&#2351;&#2379;&#2343;&#2381;ž&#2351;&#2366;&#2348;&#2366;&#2332;&#2366;&#2352; &#2313;&#2340;&#2381;ž&#2340;&#2352;&#2368;
253113,2543,7,Hathgaon (NP) -Ward No. 7 &#2309;&#2351;&#2379;&#2343;&#2381;ž&#2351;&#2366;&#2348;&#2366;&#2332;&#2366;&#2352; &#2342;&#2325;&#2381;&#2359;&#2367;&#2339;&#2368;
253113,2544,8,Hathgaon (NP) -Ward No. 8 &#2350;&#2368;&#2352;&#2346;&#2366;&#2352;&#2366;
253113,2545,9,Hathgaon (NP) -Ward No. 9 &#2350;&#2314;&#2346;&#2366;&#2352;&#2366; &#2346;&#2370;&#2352;&#2381;&#2357;&#2368;
253131,605898,1,Badal Purva
253131,605916,10,Kiladarwaja
253131,605917,11,Mahtelitola
253131,605901,2,Gadi
253131,605903,3,Sulemanpur
253131,605904,4,Hasanpur
253131,605905,5,Paliharan Purwa
253131,605906,6,Jawahar Nagar
253131,605909,7,Haweli
253131,605910,8,Patti
253131,605915,9,Sarairaj Ghat
257826,122077,1,Rajendra Nagar
257826,122090,10,Sardar Patel Nagar
257826,122079,2,Indira Nagar
257826,122080,3,Ma. Kanshiram
257826,122081,4,Krishna Nagar
257826,122082,5,Ambedkar Nagar
257826,122083,6,Subhash Nagar
257826,122085,7,Mathura Nagar
257826,122086,8,Lohiya Nagar
257826,122088,9,Adhya Prasad Nagar
263348,3254842,1,Derapur (NP) - Ward No-1
263348,3254851,10,Derapur (NP) - Ward No-10
263348,3254843,2,Derapur (NP) - Ward No-2
263348,3254844,3,Derapur (NP) - Ward No-3
263348,3254845,4,Derapur (NP) - Ward No-4
263348,3254846,5,Derapur (NP) - Ward No-5
263348,3254847,6,Derapur (NP) - Ward No- 6
263348,3254848,7,Derapur (NP) - Ward No-7
263348,3254849,8,Derapur (NP) - Ward No-8
263348,3254850,9,Derapur (NP) - Ward No-9
263350,3255601,1,Babralaa (NP) Ward No. 1
263350,3255610,10,Babralaa (NP) Ward No. 10
263350,3255611,11,Babralaa (NP) Ward No. 11
263350,3255612,12,Babralaa (NP) Ward No. 12
263350,3255602,2,Babralaa (NP) Ward No. 2
263350,3255603,3,Babralaa (NP) Ward No. 3
263350,3255604,4,Babralaa (NP) Ward No. 4
263350,3255605,5,Babralaa (NP) Ward No. 5
263350,3255606,6,Babralaa (NP) Ward No. 6
263350,3255607,7,Babralaa (NP) Ward No. 7
263350,3255608,8,Babralaa (NP) Ward No. 8
263350,3255609,9,Babralaa (NP) Ward No. 9
263351,3255066,1,Ward No. 1
263351,3255075,10,Ward No. 10
263351,3255076,11,Ward No. 11
263351,3255077,12,Ward No. 12
263351,3255078,13,Ward No. 13
263351,3255079,14,Ward No. 14
263351,3255080,15,Ward No. 15
263351,3255081,16,Ward No. 16
263351,3255082,17,Ward No. 17
263351,3255083,18,Ward No. 18
263351,3255084,19,Ward No. 19
263351,3255067,2,Ward No. 2
263351,3255068,3,Ward No. 3
263351,3255069,4,Ward No. 4
263351,3255070,5,Ward No. 5
263351,3255071,6,Ward No. 6
263351,3255072,7,Ward No. 7
263351,3255073,8,Ward No. 8
263351,3255074,9,Ward No. 9
263352,3254877,1,Rasulabaad (NP) - Ward No-1
263352,3254886,10,Rasulabaad (NP) - Ward No-10
263352,3254887,11,Rasulabaad (NP) - Ward No-11
263352,3254888,12,Rasulabaad (NP) - Ward No-12
263352,3254889,13,Rasulabaad (NP) - Ward No-13
263352,3254878,2,Rasulabaad (NP) - Ward No-2
263352,3254879,3,Rasulabaad (NP) - Ward No-3
263352,3254880,4,Rasulabaad (NP) - Ward No-4
263352,3254881,5,Rasulabaad (NP) - Ward No-5
263352,3254882,6,Rasulabaad (NP) - Ward No-6
263352,3254883,7,Rasulabaad (NP) - Ward No-7
263352,3254884,8,Rasulabaad (NP) - Ward No-8
263352,3254885,9,Rasulabaad (NP) - Ward No-9
263353,3254822,1,Amraudhaa (NP) - Ward No-1
263353,3254831,10,Amraudhaa (NP) - Ward No-10
263353,3254823,2,Amraudhaa (NP) - Ward No-2
263353,3254824,3,Amraudhaa (NP) - Ward No-3
263353,3254825,4,Amraudhaa (NP) - Ward No-4
263353,3254826,5,Amraudhaa (NP) - Ward No-5
263353,3254827,6,Amraudhaa (NP) - Ward No-6
263353,3254828,7,Amraudhaa (NP) - Ward No-7
263353,3254829,8,Amraudhaa (NP) - Ward No-8
263353,3254830,9,Amraudhaa (NP) - Ward No-9
263354,3253605,1,Ward No. 1
263354,3253614,10,Ward No. 10
263354,3253615,11,Ward No. 11
263354,3253616,12,Ward No. 12
263354,3253617,13,Ward No. 13
263354,3253618,14,Ward No. 14
263354,3253619,15,Ward No. 15
263354,3253620,16,Ward No. 16
263354,3253621,17,Ward No. 17
263354,3253622,18,Ward No. 18
263354,3253623,19,Ward No. 19
263354,3253606,2,Ward No. 2
263354,3253624,20,Ward No. 20
263354,3253625,21,Ward No. 21
263354,3253626,22,Ward No. 22
263354,3253627,23,Ward No. 23
263354,3253628,24,Ward No. 24
263354,3253629,25,Ward No. 25
263354,3253607,3,Ward No. 3
263354,3253608,4,Ward No. 4
263354,3253609,5,Ward No. 5
263354,3253610,6,Ward No. 6
263354,3253611,7,Ward No. 7
263354,3253612,8,Ward No. 8
263354,3253613,9,Ward No. 9
263355,3254890,1,Sikindera (NP) - Ward No -1
263355,3254899,10,Sikindera (NP) - Ward No -10
263355,3254900,11,Sikindera (NP) - Ward No -11
263355,3254891,2,Sikindera (NP) - Ward No -2
263355,3254892,3,Sikindera (NP) - Ward No -3
263355,3254893,4,Sikindera (NP) - Ward No -4
263355,3254894,5,Sikindera (NP) - Ward No -5
263355,3254895,6,Sikindera (NP) - Ward No -6
263355,3254896,7,Sikindera (NP) - Ward No -7
263355,3254897,8,Sikindera (NP) - Ward No -8
263355,3254898,9,Sikindera (NP) - Ward No -9
263356,3253964,1,Ward No. 1
263356,3253973,10,Ward No. 10
263356,3253974,11,Ward No. 11
263356,3253965,2,Ward No. 2
263356,3253966,3,Ward No. 3
263356,3253967,4,Ward No. 4
263356,3253968,5,Ward No. 5
263356,3253969,6,Ward No. 6
263356,3253970,7,Ward No. 7
263356,3253971,8,Ward No. 8
263356,3253972,9,Ward No. 9
263358,3254742,1,WARD NO-1
263358,3254751,10,WARD NO-10
263358,3254752,11,WARD NO-11
263358,3254753,12,WARD NO-12
263358,3254754,13,WARD NO-13
263358,3254755,14,WARD NO-14
263358,3254756,15,WARD NO-15
263358,3254743,2,WARD NO-2
263358,3254744,3,WARD NO-3
263358,3254745,4,WARD NO-4
263358,3254746,5,WARD NO-5
263358,3254747,6,WARD NO-6
263358,3254748,7,WARD NO-7
263358,3254749,8,WARD NO-8
263358,3254750,9,WARD NO-9
263359,3254299,1,Ward No. 1
263359,3254308,10,Ward No. 10
263359,3254309,11,Ward No. 11
263359,3254310,12,Ward No. 12
263359,3254311,13,Ward No. 13
263359,3254312,14,Ward No. 14
263359,3254313,15,Ward No. 15
263359,3254300,2,Ward No. 2
263359,3254301,3,Ward No. 3
263359,3254302,4,Ward No. 4
263359,3254303,5,Ward No. 5
263359,3254304,6,Ward No. 6
263359,3254305,7,Ward No. 7
263359,3254306,8,Ward No. 8
263359,3254307,9,Ward No. 9
270654,3044150,1,Kodara
270654,3044159,10,Uttar Pura
270654,3044160,11,Mohalla Dih
270654,3044161,12,Bichlapura
270654,3044162,13,Kazitola
270654,3044163,14,Bhira Dakshidi
270654,3044164,15,Bhira Purab
270654,3044165,16,Paras Khand
270654,3044151,2,Idgah Nara
270654,3044152,3,Dihwara
270654,3044153,4,Mathiya
270654,3044154,5,Mirchiya Nayapura
270654,3044155,6,Kuttupur
270654,3044156,7,Bhira Uttarikot
270654,3044157,8,Darhwa
270654,3044158,9,Bhitti
274820,3253655,1,Ward No. 1
274820,3253664,10,Ward No. 10
274820,3253665,11,Ward No. 11
274820,3253666,12,Ward No. 12
274820,3253667,13,Ward No. 13
274820,3253668,14,Ward No. 14
274820,3253669,15,Ward No. 15
274820,3253670,16,Ward No. 16
274820,3253671,17,Ward No. 17
274820,3253672,18,Ward No. 18
274820,3253673,19,Ward No. 19
274820,3253656,2,Ward No. 2
274820,3253674,20,Ward No. 20
274820,3253675,21,Ward No. 21
274820,3253676,22,Ward No. 22
274820,3253677,23,Ward No. 23
274820,3253678,24,Ward No. 24
274820,3253679,25,Ward No. 25
274820,3253680,26,Ward No. 26
274820,3253681,27,Ward No. 27
274820,3253682,28,Ward No. 28
274820,3253683,29,Ward No. 29
274820,3253657,3,Ward No. 3
274820,3253684,30,Ward No. 30
274820,3253685,31,Ward No. 31
274820,3253686,32,Ward No. 32
274820,3253687,33,Ward No. 33
274820,3253688,34,Ward No. 34
274820,3253658,4,Ward No. 4
274820,3253659,5,Ward No. 5
274820,3253660,6,Ward No. 6
274820,3253661,7,Ward No. 7
274820,3253662,8,Ward No. 8
274820,3253663,9,Ward No. 9
274822,3253318,1,Ward 1
274823,3253312,1,Ward 1
276425,3253555,1,Ward No. 1
276425,3253530,1,Gauriganj (MB) Ward No.1
276425,3253539,10,Gauriganj (MB) Ward No.10
276425,3253564,10,Ward No. 10
276425,3253565,11,Ward No. 11
276425,3253540,11,Gauriganj (MB) Ward No.11
276425,3253566,12,Ward No. 12
276425,3253541,12,Gauriganj (MB) Ward No.12
276425,3253567,13,Ward No. 13
276425,3253542,13,Gauriganj (MB) Ward No.13
276425,3253568,14,Ward No. 14
276425,3253543,14,Gauriganj (MB) Ward No.14
276425,3253569,15,Ward No. 15
276425,3253544,15,Gauriganj (MB) Ward No.15
276425,3253570,16,Ward No. 16
276425,3253545,16,Gauriganj (MB) Ward No.16
276425,3253546,17,Gauriganj (MB) Ward No.17
276425,3253571,17,Ward No. 17
276425,3253547,18,Gauriganj (MB) Ward No.18
276425,3253572,18,Ward No. 18
276425,3253573,19,Ward No. 19
276425,3253548,19,Gauriganj (MB) Ward No.19
276425,3253556,2,Ward No. 2
276425,3253531,2,Gauriganj (MB) Ward No.2
276425,3253549,20,Gauriganj (MB) Ward No.20
276425,3253574,20,Ward No. 20
276425,3253550,21,Gauriganj (MB) Ward No.21
276425,3253575,21,Ward No. 21
276425,3253576,22,Ward No. 22
276425,3253551,22,Gauriganj (MB) Ward No.22
276425,3253552,23,Gauriganj (MB) Ward No.23
276425,3253577,23,Ward No. 23
276425,3253578,24,Ward No. 24
276425,3253553,24,Gauriganj (MB) Ward No.24
276425,3253554,25,Gauriganj (MB) Ward No.25
276425,3253579,25,Ward No. 25
276425,3253532,3,Gauriganj (MB) Ward No.3
276425,3253557,3,Ward No. 3
276425,3253533,4,Gauriganj (MB) Ward No.4
276425,3253558,4,Ward No. 4
276425,3253559,5,Ward No. 5
276425,3253534,5,Gauriganj (MB) Ward No.5
276425,3253535,6,Gauriganj (MB) Ward No.6
276425,3253560,6,Ward No. 6
276425,3253561,7,Ward No. 7
276425,3253536,7,Gauriganj (MB) Ward No.7
276425,3253537,8,Gauriganj (MB) Ward No.8
276425,3253562,8,Ward No. 8
276425,3253563,9,Ward No. 9
276425,3253538,9,Gauriganj (MB) Ward No.9
277139,3255161,1,Ward No. 1
277139,3255170,10,Ward No. 10
277139,3255171,11,Ward No. 11
277139,3255172,12,Ward No. 12
277139,3255173,13,Ward No. 13
277139,3255174,14,Ward No. 14
277139,3255162,2,Ward No. 2
277139,3255163,3,Ward No. 3
277139,3255164,4,Ward No. 4
277139,3255165,5,Ward No. 5
277139,3255166,6,Ward No. 6
277139,3255167,7,Ward No. 7
277139,3255168,8,Ward No. 8
277139,3255169,9,Ward No. 9
277185,3254082,1,Ward No. 1
277185,3254091,10,Ward No. 10
277185,3254092,11,Ward No. 11
277185,3254093,12,Ward No. 12
277185,3254094,13,Ward No. 13
277185,3254095,14,Ward No. 14
277185,3254096,15,Ward No. 15
277185,3254097,16,Ward No. 16
277185,3254083,2,Ward No. 2
277185,3254084,3,Ward No. 3
277185,3254085,4,Ward No. 4
277185,3254086,5,Ward No. 5
277185,3254087,6,Ward No. 6
277185,3254088,7,Ward No. 7
277185,3254089,8,Ward No. 8
277185,3254090,9,Ward No. 9
277186,3254170,1,Ward No. 1
277186,3254155,1,Belhara (NP) - Ward No.1
277186,3254164,10,Belhara (NP) - Ward No.10
277186,3254179,10,Ward No. 10
277186,3254165,11,Belhara (NP) - Ward No.11
277186,3254180,11,Ward No. 11
277186,3254166,12,Belhara (NP) - Ward No.12
277186,3254181,12,Ward No. 12
277186,3254167,13,Belhara (NP) - Ward No.13
277186,3254182,13,Ward No. 13
277186,3254183,14,Ward No. 14
277186,3254168,14,Belhara (NP) - Ward No.14
277186,3254169,15,Belhara (NP) - Ward No.15
277186,3254184,15,Ward No. 15
277186,3254171,2,Ward No. 2
277186,3254156,2,Belhara (NP) - Ward No.2
277186,3254172,3,Ward No. 3
277186,3254157,3,Belhara (NP) - Ward No.3
277186,3254173,4,Ward No. 4
277186,3254158,4,Belhara (NP) - Ward No.4
277186,3254159,5,Belhara (NP) - Ward No.5
277186,3254174,5,Ward No. 5
277186,3254175,6,Ward No. 6
277186,3254160,6,Belhara (NP) - Ward No.6
277186,3254176,7,Ward No. 7
277186,3254161,7,Belhara (NP) - Ward No.7
277186,3254177,8,Ward No. 8
277186,3254162,8,Belhara (NP) - Ward No.8
277186,3254163,9,Belhara (NP) - Ward No.9
277186,3254178,9,Ward No. 9
277188,3254580,1,Eka (NP) - Ward No. 1
277188,3254589,10,Eka (NP) - Ward No. 10
277188,3254590,11,Eka (NP) - Ward No. 11
277188,3254591,12,Eka (NP) - Ward No. 12
277188,3254592,13,Eka (NP) - Ward No. 13
277188,3254593,14,Eka (NP) - Ward No. 14
277188,3254594,15,Eka (NP) - Ward No. 15
277188,3254581,2,Eka (NP) - Ward No. 2
277188,3254582,3,Eka (NP) - Ward No. 3
277188,3254583,4,Eka (NP) - Ward No. 4
277188,3254584,5,Eka (NP) - Ward No. 5
277188,3254585,6,Eka (NP) - Ward No. 6
277188,3254586,7,Eka (NP) - Ward No. 7
277188,3254587,8,Eka (NP) - Ward No. 8
277188,3254588,9,Eka (NP) - Ward No. 9
277189,3255187,1,Ward No. 1
277189,3255196,10,Ward No. 10
277189,3255197,11,Ward No. 11
277189,3255198,12,Ward No. 12
277189,3255199,13,Ward No. 13
277189,3255200,14,Ward No. 14
277189,3255201,15,Ward No. 15
277189,3255188,2,Ward No. 2
277189,3255189,3,Ward No. 3
277189,3255190,4,Ward No. 4
277189,3255191,5,Ward No. 5
277189,3255192,6,Ward No. 6
277189,3255193,7,Ward No. 7
277189,3255194,8,Ward No. 8
277189,3255195,9,Ward No. 9
277192,3255468,1,Raniganj (NP) - Ward No. 1
277192,3255477,10,Raniganj (NP) - Ward No. 10
277192,3255478,11,Raniganj (NP) - Ward No. 11
277192,3255479,12,Raniganj (NP) - Ward No. 12
277192,3255480,13,Raniganj (NP) - Ward No. 13
277192,3255481,14,Raniganj (NP) - Ward No. 14
277192,3255482,15,Raniganj (NP) - Ward No. 15
277192,3255483,16,Ward No. 16
277192,3255469,2,Raniganj (NP) - Ward No. 2
277192,3255470,3,Raniganj (NP) - Ward No. 3
277192,3255471,4,Raniganj (NP) - Ward No. 4
277192,3255472,5,Raniganj (NP) - Ward No. 5
277192,3255473,6,Raniganj (NP) - Ward No. 6
277192,3255474,7,Raniganj (NP) - Ward No. 7
277192,3255475,8,Raniganj (NP) - Ward No. 8
277192,3255476,9,Raniganj (NP) - Ward No. 9
277531,3255499,1,Ward No. 1
277531,3255508,10,Ward No. 10
277531,3255509,11,Ward No. 11
277531,3255510,12,Ward No. 12
277531,3255511,13,Ward No. 13
277531,3255512,14,Ward No. 14
277531,3255513,15,Ward No. 15
277531,3255500,2,Ward No. 2
277531,3255501,3,Ward No. 3
277531,3255502,4,Ward No. 4
277531,3255503,5,Ward No. 5
277531,3255504,6,Ward No. 6
277531,3255505,7,Ward No. 7
277531,3255506,8,Ward No. 8
277531,3255507,9,Ward No. 9
281989,3254382,1,Ward No. 1
281989,3254391,10,Ward No. 10
281989,3254392,11,Ward No. 11
281989,3254393,12,Ward No. 12
281989,3254394,13,Ward No. 13
281989,3254383,2,Ward No. 2
281989,3254384,3,Ward No. 3
281989,3254385,4,Ward No. 4
281989,3254386,5,Ward No. 5
281989,3254387,6,Ward No. 6
281989,3254388,7,Ward No. 7
281989,3254389,8,Ward No. 8
281989,3254390,9,Ward No. 9
289237,3254199,1,Ward No. 1
289237,3254208,10,Ward No. 10
289237,3254209,11,Ward No. 11
289237,3254210,12,Ward No. 12
289237,3254211,13,Ward No. 13
289237,3254212,14,Ward No. 14
289237,3254213,15,Ward No. 15
289237,3254200,2,Ward No. 2
289237,3254201,3,Ward No. 3
289237,3254202,4,Ward No. 4
289237,3254203,5,Ward No. 5
289237,3254204,6,Ward No. 6
289237,3254205,7,Ward No. 7
289237,3254206,8,Ward No. 8
289237,3254207,9,Ward No. 9
290250,3255320,1,Ward No. 1
290250,3255329,10,Ward No. 10
290250,3255330,11,Ward No. 11
290250,3255331,12,Ward No. 12
290250,3255332,13,Ward No. 13
290250,3255333,14,Ward No. 14
290250,3255334,15,Ward No. 15
290250,3255335,16,Ward No. 16
290250,3255336,17,Ward No. 17
290250,3255337,18,Ward No. 18
290250,3255321,2,Ward No. 2
290250,3255322,3,Ward No. 3
290250,3255323,4,Ward No. 4
290250,3255324,5,Ward No. 5
290250,3255325,6,Ward No. 6
290250,3255326,7,Ward No. 7
290250,3255327,8,Ward No. 8
290250,3255328,9,Ward No. 9
290251,3255290,1,Ward No. 1
290251,3255299,10,Ward No. 10
290251,3255300,11,Ward No. 11
290251,3255301,12,Ward No. 12
290251,3255302,13,Ward No. 13
290251,3255303,14,Ward No. 14
290251,3255304,15,Ward No. 15
290251,3255291,2,Ward No. 2
290251,3255292,3,Ward No. 3
290251,3255293,4,Ward No. 4
290251,3255294,5,Ward No. 5
290251,3255295,6,Ward No. 6
290251,3255296,7,Ward No. 7
290251,3255297,8,Ward No. 8
290251,3255298,9,Ward No. 9
296986,3255586,1,Ward No. 1
296986,3255595,10,Ward No. 10
296986,3255596,11,Ward No. 11
296986,3255597,12,Ward No. 12
296986,3255598,13,Ward No. 13
296986,3255599,14,Ward No. 14
296986,3255600,15,Ward No. 15
296986,3255587,2,Ward No. 2
296986,3255588,3,Ward No. 3
296986,3255589,4,Ward No. 4
296986,3255590,5,Ward No. 5
296986,3255591,6,Ward No. 6
296986,3255592,7,Ward No. 7
296986,3255593,8,Ward No. 8
296986,3255594,9,Ward No. 9
297020,3253580,1,Ward No. 1
297020,3253589,10,Ward No. 10
297020,3253590,11,Ward No. 11
297020,3253591,12,Ward No. 12
297020,3253592,13,Ward No. 13
297020,3253593,14,Ward No. 14
297020,3253594,15,Ward No. 15
297020,3253595,16,Ward No. 16
297020,3253596,17,Ward No. 17
297020,3253597,18,Ward No. 18
297020,3253598,19,Ward No. 19
297020,3253581,2,Ward No. 2
297020,3253599,20,Ward No. 20
297020,3253600,21,Ward No. 21
297020,3253601,22,Ward No. 22
297020,3253602,23,Ward No. 23
297020,3253603,24,Ward No. 24
297020,3253604,25,Ward No. 25
297020,3253582,3,Ward No. 3
297020,3253583,4,Ward No. 4
297020,3253584,5,Ward No. 5
297020,3253585,6,Ward No. 6
297020,3253586,7,Ward No. 7
297020,3253587,8,Ward No. 8
297020,3253588,9,Ward No. 9
297022,3253505,1,Ward No. 1
297022,3253514,10,Ward No. 10
297022,3253515,11,Ward No. 11
297022,3253516,12,Ward No. 12
297022,3253517,13,Ward No. 13
297022,3253518,14,Ward No. 14
297022,3253519,15,Ward No. 15
297022,3253520,16,Ward No. 16
297022,3253521,17,Ward No. 17
297022,3253522,18,Ward No. 18
297022,3253523,19,Ward No. 19
297022,3253506,2,Ward No. 2
297022,3253524,20,Ward No. 20
297022,3253525,21,Ward No. 21
297022,3253526,22,Ward No. 22
297022,3253527,23,Ward No. 23
297022,3253528,24,Ward No. 24
297022,3253529,25,Ward No. 25
297022,3253507,3,Ward No. 3
297022,3253508,4,Ward No. 4
297022,3253509,5,Ward No. 5
297022,3253510,6,Ward No. 6
297022,3253511,7,Ward No. 7
297022,3253512,8,Ward No. 8
297022,3253513,9,Ward No. 9
297023,3253630,1,Ward No. 1
297023,3253639,10,Ward No. 10
297023,3253640,11,Ward No. 11
297023,3253641,12,Ward No. 12
297023,3253642,13,Ward No. 13
297023,3253643,14,Ward No. 14
297023,3253644,15,Ward No. 15
297023,3253645,16,Ward No. 16
297023,3253646,17,Ward No. 17
297023,3253647,18,Ward No. 18
297023,3253648,19,Ward No. 19
297023,3253631,2,Ward No. 2
297023,3253649,20,Ward No. 20
297023,3253650,21,Ward No. 21
297023,3253651,22,Ward No. 22
297023,3253652,23,Ward No. 23
297023,3253653,24,Ward No. 24
297023,3253654,25,Ward No. 25
297023,3253632,3,Ward No. 3
297023,3253633,4,Ward No. 4
297023,3253634,5,Ward No. 5
297023,3253635,6,Ward No. 6
297023,3253636,7,Ward No. 7
297023,3253637,8,Ward No. 8
297023,3253638,9,Ward No. 9
297024,3253689,1,Ward No. 1
297024,3253698,10,Ward No. 10
297024,3253699,11,Ward No. 11
297024,3253700,12,Ward No. 12
297024,3253701,13,Ward No. 13
297024,3253702,14,Ward No. 14
297024,3253703,15,Ward No. 15
297024,3253704,16,Ward No. 16
297024,3253705,17,Ward No. 17
297024,3253706,18,Ward No. 18
297024,3253707,19,Ward No. 19
297024,3253690,2,Ward No. 2
297024,3253708,20,Ward No. 20
297024,3253709,21,Ward No. 21
297024,3253710,22,Ward No. 22
297024,3253711,23,Ward No. 23
297024,3253712,24,Ward No. 24
297024,3253713,25,Ward No. 25
297024,3253714,26,Ward No. 26
297024,3253715,27,Ward No. 27
297024,3253691,3,Ward No. 3
297024,3253692,4,Ward No. 4
297024,3253693,5,Ward No. 5
297024,3253694,6,Ward No. 6
297024,3253695,7,Ward No. 7
297024,3253696,8,Ward No. 8
297024,3253697,9,Ward No. 9
297025,3253361,1,Ward 1
297025,3253370,10,Ward 10
297025,3253371,11,Ward 11
297025,3253372,12,Ward 12
297025,3253373,13,Ward 13
297025,3253374,14,Ward 14
297025,3253375,15,Ward 15
297025,3253376,16,Ward 16
297025,3253377,17,Ward 17
297025,3253378,18,Ward 18
297025,3253379,19,Ward 19
297025,3253362,2,Ward 2
297025,3253380,20,Ward 20
297025,3253381,21,Ward 21
297025,3253382,22,Ward 22
297025,3253383,23,Ward 23
297025,3253384,24,Ward 24
297025,3253385,25,Ward 25
297025,3253363,3,Ward 3
297025,3253364,4,Ward 4
297025,3253365,5,Ward 5
297025,3253366,6,Ward 6
297025,3253367,7,Ward 7
297025,3253368,8,Ward 8
297025,3253369,9,Ward 9
297026,3253386,1,Ward 1
297026,3253395,10,Ward 10
297026,3253396,11,Ward 11
297026,3253397,12,Ward 12
297026,3253398,13,Ward 13
297026,3253399,14,Ward 14
297026,3253400,15,Ward 15
297026,3253401,16,Ward 16
297026,3253402,17,Ward 17
297026,3253403,18,Ward 18
297026,3253404,19,Ward 19
297026,3253387,2,Ward 2
297026,3253405,20,Ward 20
297026,3253406,21,Ward 21
297026,3253407,22,Ward 22
297026,3253408,23,Ward 23
297026,3253409,24,Ward 24
297026,3253410,25,Ward 25
297026,3253388,3,Ward 3
297026,3253389,4,Ward 4
297026,3253390,5,Ward 5
297026,3253391,6,Ward 6
297026,3253392,7,Ward 7
297026,3253393,8,Ward 8
297026,3253394,9,Ward 9
297027,3253420,1,Ward 1
297027,3253429,10,Ward 10
297027,3253430,11,Ward 11
297027,3253431,12,Ward 12
297027,3253432,13,Ward 13
297027,3253433,14,Ward 14
297027,3253434,15,Ward 15
297027,3253435,16,Ward 16
297027,3253436,17,Ward 17
297027,3253437,18,Ward 18
297027,3253438,19,Ward 19
297027,3253421,2,Ward 2
297027,3253439,20,Ward 20
297027,3253440,21,Ward 21
297027,3253441,22,Ward 22
297027,3253442,23,Ward 23
297027,3253443,24,Ward 24
297027,3253444,25,Ward 25
297027,3253422,3,Ward 3
297027,3253423,4,Ward 4
297027,3253424,5,Ward 5
297027,3253425,6,Ward 6
297027,3253426,7,Ward 7
297027,3253427,8,Ward 8
297027,3253428,9,Ward 9
297029,3255868,1,Ward No. 1
297029,3255877,10,Ward No. 10
297029,3255878,11,Ward No. 11
297029,3255879,12,Ward No. 12
297029,3255880,13,Ward No. 13
297029,3255881,14,Ward No. 14
297029,3255882,15,Ward No. 15
297029,3255869,2,Ward No. 2
297029,3255870,3,Ward No. 3
297029,3255871,4,Ward No. 4
297029,3255872,5,Ward No. 5
297029,3255873,6,Ward No. 6
297029,3255874,7,Ward No. 7
297029,3255875,8,Ward No. 8
297029,3255876,9,Ward No. 9
297031,3254239,1,Ward No. 1
297031,3254248,10,Ward No. 10
297031,3254249,11,Ward No. 11
297031,3254250,12,Ward No. 12
297031,3254251,13,Ward No. 13
297031,3254252,14,Ward No. 14
297031,3254253,15,Ward No. 15
297031,3254240,2,Ward No. 2
297031,3254241,3,Ward No. 3
297031,3254242,4,Ward No. 4
297031,3254243,5,Ward No. 5
297031,3254244,6,Ward No. 6
297031,3254245,7,Ward No. 7
297031,3254246,8,Ward No. 8
297031,3254247,9,Ward No. 9
297032,3254515,1,Ward No. 1
297032,3254524,10,Ward No. 10
297032,3254525,11,Ward No. 11
297032,3254526,12,Ward No. 12
297032,3254527,13,Ward No. 13
297032,3254528,14,Ward No. 14
297032,3254529,15,Ward No. 15
297032,3254530,16,Ward No. 16
297032,3254531,17,Ward No. 17
297032,3254532,18,Ward No. 18
297032,3254533,19,Ward No. 19
297032,3254516,2,Ward No. 2
297032,3254517,3,Ward No. 3
297032,3254518,4,Ward No. 4
297032,3254519,5,Ward No. 5
297032,3254520,6,Ward No. 6
297032,3254521,7,Ward No. 7
297032,3254522,8,Ward No. 8
297032,3254523,9,Ward No. 9
297033,3253848,1,Ward No. 1
297033,3253857,10,Ward No. 10
297033,3253858,11,Ward No. 11
297033,3253859,12,Ward No. 12
297033,3253860,13,Ward No. 13
297033,3253861,14,Ward No. 14
297033,3253862,15,Ward No. 15
297033,3253849,2,Ward No. 2
297033,3253850,3,Ward No. 3
297033,3253851,4,Ward No. 4
297033,3253852,5,Ward No. 5
297033,3253853,6,Ward No. 6
297033,3253854,7,Ward No. 7
297033,3253855,8,Ward No. 8
297033,3253856,9,Ward No. 9
297034,3254772,1,Ward No. 1
297034,3254781,10,Ward No. 10
297034,3254782,11,Ward No. 11
297034,3254783,12,Ward No. 12
297034,3254784,13,Ward No. 13
297034,3254785,14,Ward No. 14
297034,3254786,15,Ward No. 15
297034,3254773,2,Ward No. 2
297034,3254774,3,Ward No. 3
297034,3254775,4,Ward No. 4
297034,3254776,5,Ward No. 5
297034,3254777,6,Ward No. 6
297034,3254778,7,Ward No. 7
297034,3254779,8,Ward No. 8
297034,3254780,9,Ward No. 9
297036,3255037,1,Ward No. 1
297036,3255046,10,Ward No. 10
297036,3255047,11,Ward No. 11
297036,3255048,12,Ward No. 12
297036,3255049,13,Ward No. 13
297036,3255050,14,Ward No. 14
297036,3255038,2,Ward No. 2
297036,3255039,3,Ward No. 3
297036,3255040,4,Ward No. 4
297036,3255041,5,Ward No. 5
297036,3255042,6,Ward No. 6
297036,3255043,7,Ward No. 7
297036,3255044,8,Ward No. 8
297036,3255045,9,Ward No. 9
297037,3255912,1,Ward No. 1
297037,3255921,10,Ward No. 10
297037,3255922,11,Ward No. 11
297037,3255923,12,Ward No. 12
297037,3255924,13,Ward No. 13
297037,3255925,14,Ward No. 14
297037,3255913,2,Ward No. 2
297037,3255914,3,Ward No. 3
297037,3255915,4,Ward No. 4
297037,3255916,5,Ward No. 5
297037,3255917,6,Ward No. 6
297037,3255918,7,Ward No. 7
297037,3255919,8,Ward No. 8
297037,3255920,9,Ward No. 9
297038,3255838,1,Ward No. 1
297038,3255847,10,Ward No. 10
297038,3255848,11,Ward No. 11
297038,3255849,12,Ward No. 12
297038,3255850,13,Ward No. 13
297038,3255851,14,Ward No. 14
297038,3255852,15,Ward No. 15
297038,3255839,2,Ward No. 2
297038,3255840,3,Ward No. 3
297038,3255841,4,Ward No. 4
297038,3255842,5,Ward No. 5
297038,3255843,6,Ward No. 6
297038,3255844,7,Ward No. 7
297038,3255845,8,Ward No. 8
297038,3255846,9,Ward No. 9
297039,3255085,1,Ward No. 1
297039,3255094,10,Ward No. 10
297039,3255095,11,Ward No. 11
297039,3255096,12,Ward No. 12
297039,3255097,13,Ward No. 13
297039,3255098,14,Ward No. 14
297039,3255099,15,Ward No. 15
297039,3255100,16,Ward No. 16
297039,3255086,2,Ward No. 2
297039,3255087,3,Ward No. 3
297039,3255088,4,Ward No. 4
297039,3255089,5,Ward No. 5
297039,3255090,6,Ward No. 6
297039,3255091,7,Ward No. 7
297039,3255092,8,Ward No. 8
297039,3255093,9,Ward No. 9
297040,3255146,1,Ward No. 1
297040,3255155,10,Ward No. 10
297040,3255156,11,Ward No. 11
297040,3255157,12,Ward No. 12
297040,3255158,13,Ward No. 13
297040,3255159,14,Ward No. 14
297040,3255160,15,Ward No. 15
297040,3255147,2,Ward No. 2
297040,3255148,3,Ward No. 3
297040,3255149,4,Ward No. 4
297040,3255150,5,Ward No. 5
297040,3255151,6,Ward No. 6
297040,3255152,7,Ward No. 7
297040,3255153,8,Ward No. 8
297040,3255154,9,Ward No. 9
297041,3255132,1,Ward No. 1
297041,3255141,10,Ward No. 10
297041,3255142,11,Ward No. 11
297041,3255143,12,Ward No. 12
297041,3255144,13,Ward No. 13
297041,3255145,14,Ward No. 14
297041,3255133,2,Ward No. 2
297041,3255134,3,Ward No. 3
297041,3255135,4,Ward No. 4
297041,3255136,5,Ward No. 5
297041,3255137,6,Ward No. 6
297041,3255138,7,Ward No. 7
297041,3255139,8,Ward No. 8
297041,3255140,9,Ward No. 9
297042,3255412,1,Ward No. 1
297042,3255421,10,Ward No. 10
297042,3255422,11,Ward No. 11
297042,3255423,12,Ward No. 12
297042,3255424,13,Ward No. 13
297042,3255413,2,Ward No. 2
297042,3255414,3,Ward No. 3
297042,3255415,4,Ward No. 4
297042,3255416,5,Ward No. 5
297042,3255417,6,Ward No. 6
297042,3255418,7,Ward No. 7
297042,3255419,8,Ward No. 8
297042,3255420,9,Ward No. 9
297044,3255828,1,Ward No. 1
297044,3255837,10,Ward No. 10
297044,3255829,2,Ward No. 2
297044,3255830,3,Ward No. 3
297044,3255831,4,Ward No. 4
297044,3255832,5,Ward No. 5
297044,3255833,6,Ward No. 6
297044,3255834,7,Ward No. 7
297044,3255835,8,Ward No. 8
297044,3255836,9,Ward No. 9
297045,3253863,1,Ward No. 1
297045,3253872,10,Ward No. 10
297045,3253873,11,Ward No. 11
297045,3253874,12,Ward No. 12
297045,3253864,2,Ward No. 2
297045,3253865,3,Ward No. 3
297045,3253866,4,Ward No. 4
297045,3253867,5,Ward No. 5
297045,3253868,6,Ward No. 6
297045,3253869,7,Ward No. 7
297045,3253870,8,Ward No. 8
297045,3253871,9,Ward No. 9
297046,3255898,1,Ward No. 1
297046,3255907,10,Ward No. 10
297046,3255908,11,Ward No. 11
297046,3255909,12,Ward No. 12
297046,3255910,13,Ward No. 13
297046,3255911,14,Ward No. 14
297046,3255899,2,Ward No. 2
297046,3255900,3,Ward No. 3
297046,3255901,4,Ward No. 4
297046,3255902,5,Ward No. 5
297046,3255903,6,Ward No. 6
297046,3255904,7,Ward No. 7
297046,3255905,8,Ward No. 8
297046,3255906,9,Ward No. 9
297047,3255558,1,Ward No. 1
297047,3255567,10,Ward No. 10
297047,3255568,11,Ward No. 11
297047,3255569,12,Ward No. 12
297047,3255570,13,Ward No. 13
297047,3255559,2,Ward No. 2
297047,3255560,3,Ward No. 3
297047,3255561,4,Ward No. 4
297047,3255562,5,Ward No. 5
297047,3255563,6,Ward No. 6
297047,3255564,7,Ward No. 7
297047,3255565,8,Ward No. 8
297047,3255566,9,Ward No. 9
297048,3255051,1,Ward No. 1
297048,3255060,10,Ward No. 10
297048,3255061,11,Ward No. 11
297048,3255062,12,Ward No. 12
297048,3255063,13,Ward No. 13
297048,3255064,14,Ward No. 14
297048,3255065,15,Ward No. 15
297048,3255052,2,Ward No. 2
297048,3255053,3,Ward No. 3
297048,3255054,4,Ward No. 4
297048,3255055,5,Ward No. 5
297048,3255056,6,Ward No. 6
297048,3255057,7,Ward No. 7
297048,3255058,8,Ward No. 8
297048,3255059,9,Ward No. 9
297049,3255703,1,Ward No. 1
297049,3255712,10,Ward No. 10
297049,3255713,11,Ward No. 11
297049,3255714,12,Ward No. 12
297049,3255715,13,Ward No. 13
297049,3255716,14,Ward No. 14
297049,3255717,15,Ward No. 15
297049,3255704,2,Ward No. 2
297049,3255705,3,Ward No. 3
297049,3255706,4,Ward No. 4
297049,3255707,5,Ward No. 5
297049,3255708,6,Ward No. 6
297049,3255709,7,Ward No. 7
297049,3255710,8,Ward No. 8
297049,3255711,9,Ward No. 9
297050,3255760,1,Ward No. 1
297050,3255769,10,Ward No. 10
297050,3255770,11,Ward No. 11
297050,3255771,12,Ward No. 12
297050,3255772,13,Ward No. 13
297050,3255773,14,Ward No. 14
297050,3255774,15,Ward No. 15
297050,3255761,2,Ward No. 2
297050,3255762,3,Ward No. 3
297050,3255763,4,Ward No. 4
297050,3255764,5,Ward No. 5
297050,3255765,6,Ward No. 6
297050,3255766,7,Ward No. 7
297050,3255767,8,Ward No. 8
297050,3255768,9,Ward No. 9
297051,3255791,1,Ward No. 1
297051,3255800,10,Ward No. 10
297051,3255801,11,Ward No. 11
297051,3255802,12,Ward No. 12
297051,3255803,13,Ward No. 13
297051,3255804,14,Ward No. 14
297051,3255805,15,Ward No. 15
297051,3255806,16,Ward No. 16
297051,3255792,2,Ward No. 2
297051,3255793,3,Ward No. 3
297051,3255794,4,Ward No. 4
297051,3255795,5,Ward No. 5
297051,3255796,6,Ward No. 6
297051,3255797,7,Ward No. 7
297051,3255798,8,Ward No. 8
297051,3255799,9,Ward No. 9
297053,3255613,1,Ward No. 1
297053,3255622,10,Ward No. 10
297053,3255623,11,Ward No. 11
297053,3255624,12,Ward No. 12
297053,3255625,13,Ward No. 13
297053,3255626,14,Ward No. 14
297053,3255627,15,Ward No. 15
297053,3255628,16,Ward No. 16
297053,3255629,17,Ward No. 17
297053,3255630,18,Ward No. 18
297053,3255614,2,Ward No. 2
297053,3255615,3,Ward No. 3
297053,3255616,4,Ward No. 4
297053,3255617,5,Ward No. 5
297053,3255618,6,Ward No. 6
297053,3255619,7,Ward No. 7
297053,3255620,8,Ward No. 8
297053,3255621,9,Ward No. 9
297054,3255484,1,Ward No. 1
297054,3255493,10,Ward No. 10
297054,3255494,11,Ward No. 11
297054,3255495,12,Ward No. 12
297054,3255496,13,Ward No. 13
297054,3255497,14,Ward No. 14
297054,3255498,15,Ward No. 15
297054,3255485,2,Ward No. 2
297054,3255486,3,Ward No. 3
297054,3255487,4,Ward No. 4
297054,3255488,5,Ward No. 5
297054,3255489,6,Ward No. 6
297054,3255490,7,Ward No. 7
297054,3255491,8,Ward No. 8
297054,3255492,9,Ward No. 9
297055,3254730,1,Ward No. 1
297055,3254739,10,Ward No. 10
297055,3254740,11,Ward No. 11
297055,3254741,12,Ward No. 12
297055,3254731,2,Ward No. 2
297055,3254732,3,Ward No. 3
297055,3254733,4,Ward No. 4
297055,3254734,5,Ward No. 5
297055,3254735,6,Ward No. 6
297055,3254736,7,Ward No. 7
297055,3254737,8,Ward No. 8
297055,3254738,9,Ward No. 9
297056,3255718,1,Ward No. 1
297056,3255727,10,Ward No. 10
297056,3255728,11,Ward No. 11
297056,3255729,12,Ward No. 12
297056,3255730,13,Ward No. 13
297056,3255731,14,Ward No. 14
297056,3255732,15,Ward No. 15
297056,3255733,16,Ward No. 16
297056,3255719,2,Ward No. 2
297056,3255720,3,Ward No. 3
297056,3255721,4,Ward No. 4
297056,3255722,5,Ward No. 5
297056,3255723,6,Ward No. 6
297056,3255724,7,Ward No. 7
297056,3255725,8,Ward No. 8
297056,3255726,9,Ward No. 9
297057,3255675,1,Ward No. 1
297057,3255684,10,Ward No. 10
297057,3255685,11,Ward No. 11
297057,3255686,12,Ward No. 12
297057,3255687,13,Ward No. 13
297057,3255688,14,Ward No. 14
297057,3255689,15,Ward No. 15
297057,3255676,2,Ward No. 2
297057,3255677,3,Ward No. 3
297057,3255678,4,Ward No. 4
297057,3255679,5,Ward No. 5
297057,3255680,6,Ward No. 6
297057,3255681,7,Ward No. 7
297057,3255682,8,Ward No. 8
297057,3255683,9,Ward No. 9
297058,3255175,1,Ward No. 1
297058,3255184,10,Ward No. 10
297058,3255185,11,Ward No. 11
297058,3255186,12,Ward No. 12
297058,3255176,2,Ward No. 2
297058,3255177,3,Ward No. 3
297058,3255178,4,Ward No. 4
297058,3255179,5,Ward No. 5
297058,3255180,6,Ward No. 6
297058,3255181,7,Ward No. 7
297058,3255182,8,Ward No. 8
297058,3255183,9,Ward No. 9
297059,3255631,1,Ward No. 1
297059,3255640,10,Ward No. 10
297059,3255641,11,Ward No. 11
297059,3255642,12,Ward No. 12
297059,3255632,2,Ward No. 2
297059,3255633,3,Ward No. 3
297059,3255634,4,Ward No. 4
297059,3255635,5,Ward No. 5
297059,3255636,6,Ward No. 6
297059,3255637,7,Ward No. 7
297059,3255638,8,Ward No. 8
297059,3255639,9,Ward No. 9
297060,3254214,1,Ward No. 1
297060,3254223,10,Ward No. 10
297060,3254224,11,Ward No. 11
297060,3254225,12,Ward No. 12
297060,3254226,13,Ward No. 13
297060,3254227,14,Ward No. 14
297060,3254228,15,Ward No. 15
297060,3254215,2,Ward No. 2
297060,3254216,3,Ward No. 3
297060,3254217,4,Ward No. 4
297060,3254218,5,Ward No. 5
297060,3254219,6,Ward No. 6
297060,3254220,7,Ward No. 7
297060,3254221,8,Ward No. 8
297060,3254222,9,Ward No. 9
297061,3255745,1,Ward No. 1
297061,3255754,10,Ward No. 10
297061,3255755,11,Ward No. 11
297061,3255756,12,Ward No. 12
297061,3255757,13,Ward No. 13
297061,3255758,14,Ward No. 14
297061,3255759,15,Ward No. 15
297061,3255746,2,Ward No. 2
297061,3255747,3,Ward No. 3
297061,3255748,4,Ward No. 4
297061,3255749,5,Ward No. 5
297061,3255750,6,Ward No. 6
297061,3255751,7,Ward No. 7
297061,3255752,8,Ward No. 8
297061,3255753,9,Ward No. 9
297062,3255101,1,Ward No. 1
297062,3255110,10,Ward No. 10
297062,3255111,11,Ward No. 11
297062,3255112,12,Ward No. 12
297062,3255113,13,Ward No. 13
297062,3255114,14,Ward No. 14
297062,3255115,15,Ward No. 15
297062,3255116,16,Ward No. 16
297062,3255102,2,Ward No. 2
297062,3255103,3,Ward No. 3
297062,3255104,4,Ward No. 4
297062,3255105,5,Ward No. 5
297062,3255106,6,Ward No. 6
297062,3255107,7,Ward No. 7
297062,3255108,8,Ward No. 8
297062,3255109,9,Ward No. 9
297063,3254328,1,Ward No. 1
297063,3254337,10,Ward No. 10
297063,3254338,11,Ward No. 11
297063,3254329,2,Ward No. 2
297063,3254330,3,Ward No. 3
297063,3254331,4,Ward No. 4
297063,3254332,5,Ward No. 5
297063,3254333,6,Ward No. 6
297063,3254334,7,Ward No. 7
297063,3254335,8,Ward No. 8
297063,3254336,9,Ward No. 9
297064,3254916,1,Ward No. 1
297064,3254925,10,Ward No. 10
297064,3254926,11,Ward No. 11
297064,3254927,12,Ward No. 12
297064,3254928,13,Ward No. 13
297064,3254929,14,Ward No. 14
297064,3254930,15,Ward No. 15
297064,3254917,2,Ward No. 2
297064,3254918,3,Ward No. 3
297064,3254919,4,Ward No. 4
297064,3254920,5,Ward No. 5
297064,3254921,6,Ward No. 6
297064,3254922,7,Ward No. 7
297064,3254923,8,Ward No. 8
297064,3254924,9,Ward No. 9
297065,3255006,1,Ward No. 1
297065,3255015,10,Ward No. 10
297065,3255016,11,Ward No. 11
297065,3255017,12,Ward No. 12
297065,3255018,13,Ward No. 13
297065,3255019,14,Ward No. 14
297065,3255020,15,Ward No. 15
297065,3255007,2,Ward No. 2
297065,3255008,3,Ward No. 3
297065,3255009,4,Ward No. 4
297065,3255010,5,Ward No. 5
297065,3255011,6,Ward No. 6
297065,3255012,7,Ward No. 7
297065,3255013,8,Ward No. 8
297065,3255014,9,Ward No. 9
297066,3254229,1,Ward No. 1
297066,3254238,10,Ward No. 10
297066,3254230,2,Ward No. 2
297066,3254231,3,Ward No. 3
297066,3254232,4,Ward No. 4
297066,3254233,5,Ward No. 5
297066,3254234,6,Ward No. 6
297066,3254235,7,Ward No. 7
297066,3254236,8,Ward No. 8
297066,3254237,9,Ward No. 9
297067,3255775,1,Ward No. 1
297067,3255784,10,Ward No. 10
297067,3255785,11,Ward No. 11
297067,3255786,12,Ward No. 12
297067,3255787,13,Ward No. 13
297067,3255788,14,Ward No. 14
297067,3255789,15,Ward No. 15
297067,3255790,16,Ward No. 16
297067,3255776,2,Ward No. 2
297067,3255777,3,Ward No. 3
297067,3255778,4,Ward No. 4
297067,3255779,5,Ward No. 5
297067,3255780,6,Ward No. 6
297067,3255781,7,Ward No. 7
297067,3255782,8,Ward No. 8
297067,3255783,9,Ward No. 9
297068,3254787,1,Ward No. 1
297068,3254796,10,Ward No. 10
297068,3254797,11,Ward No. 11
297068,3254798,12,Ward No. 12
297068,3254788,2,Ward No. 2
297068,3254789,3,Ward No. 3
297068,3254790,4,Ward No. 4
297068,3254791,5,Ward No. 5
297068,3254792,6,Ward No. 6
297068,3254793,7,Ward No. 7
297068,3254794,8,Ward No. 8
297068,3254795,9,Ward No. 9
297070,3254052,1,Ward No. 1
297070,3254061,10,Ward No. 10
297070,3254062,11,Ward No. 11
297070,3254063,12,Ward No. 12
297070,3254064,13,Ward No. 13
297070,3254065,14,Ward No. 14
297070,3254066,15,Ward No. 15
297070,3254053,2,Ward No. 2
297070,3254054,3,Ward No. 3
297070,3254055,4,Ward No. 4
297070,3254056,5,Ward No. 5
297070,3254057,6,Ward No. 6
297070,3254058,7,Ward No. 7
297070,3254059,8,Ward No. 8
297070,3254060,9,Ward No. 9
297071,3255275,1,Ward No. 1
297071,3255284,10,Ward No. 10
297071,3255285,11,Ward No. 11
297071,3255286,12,Ward No. 12
297071,3255287,13,Ward No. 13
297071,3255288,14,Ward No. 14
297071,3255289,15,Ward No. 15
297071,3255276,2,Ward No. 2
297071,3255277,3,Ward No. 3
297071,3255278,4,Ward No. 4
297071,3255279,5,Ward No. 5
297071,3255280,6,Ward No. 6
297071,3255281,7,Ward No. 7
297071,3255282,8,Ward No. 8
297071,3255283,9,Ward No. 9
297073,3254185,1,Ward No. 1
297073,3254194,10,Ward No. 10
297073,3254195,11,Ward No. 11
297073,3254196,12,Ward No. 12
297073,3254197,13,Ward No. 13
297073,3254198,14,Ward No. 14
297073,3254186,2,Ward No. 2
297073,3254187,3,Ward No. 3
297073,3254188,4,Ward No. 4
297073,3254189,5,Ward No. 5
297073,3254190,6,Ward No. 6
297073,3254191,7,Ward No. 7
297073,3254192,8,Ward No. 8
297073,3254193,9,Ward No. 9
297075,3254007,1,Ward No. 1
297075,3254016,10,Ward No. 10
297075,3254017,11,Ward No. 11
297075,3254018,12,Ward No. 12
297075,3254019,13,Ward No. 13
297075,3254020,14,Ward No. 14
297075,3254021,15,Ward No. 15
297075,3254008,2,Ward No. 2
297075,3254009,3,Ward No. 3
297075,3254010,4,Ward No. 4
297075,3254011,5,Ward No. 5
297075,3254012,6,Ward No. 6
297075,3254013,7,Ward No. 7
297075,3254014,8,Ward No. 8
297075,3254015,9,Ward No. 9
297076,3068852,1,Bada Nagar
297076,3068861,10,Maharaja Nagar
297076,3068862,11,Nayi Basti -1
297076,3068853,2,Katra Mohalla
297076,3068854,3,Bheem Nagar
297076,3068855,4,Teachers Colony
297076,3068856,5,Nayi Basti -2
297076,3068857,6,Sarvodaya Nagar
297076,3068858,7,Shivaji Nagar
297076,3068859,8,Saraswati Nagar
297076,3068860,9,Shriram Nagar
297077,3254976,1,Ward No. 1
297077,3254985,10,Ward No. 10
297077,3254986,11,Ward No. 11
297077,3254987,12,Ward No. 12
297077,3254988,13,Ward No. 13
297077,3254989,14,Ward No. 14
297077,3254990,15,Ward No. 15
297077,3254977,2,Ward No. 2
297077,3254978,3,Ward No. 3
297077,3254979,4,Ward No. 4
297077,3254980,5,Ward No. 5
297077,3254981,6,Ward No. 6
297077,3254982,7,Ward No. 7
297077,3254983,8,Ward No. 8
297077,3254984,9,Ward No. 9
297078,3254991,1,Ward No. 1
297078,3255000,10,Ward No. 10
297078,3255001,11,Ward No. 11
297078,3255002,12,Ward No. 12
297078,3255003,13,Ward No. 13
297078,3255004,14,Ward No. 14
297078,3255005,15,Ward No. 15
297078,3254992,2,Ward No. 2
297078,3254993,3,Ward No. 3
297078,3254994,4,Ward No. 4
297078,3254995,5,Ward No. 5
297078,3254996,6,Ward No. 6
297078,3254997,7,Ward No. 7
297078,3254998,8,Ward No. 8
297078,3254999,9,Ward No. 9
297079,3255247,1,Ward No. 1
297079,3255256,10,Ward No. 10
297079,3255257,11,Ward No. 11
297079,3255258,12,Ward No. 12
297079,3255259,13,Ward No. 13
297079,3255260,14,Ward No. 14
297079,3255261,15,Ward No. 15
297079,3255248,2,Ward No. 2
297079,3255249,3,Ward No. 3
297079,3255250,4,Ward No. 4
297079,3255251,5,Ward No. 5
297079,3255252,6,Ward No. 6
297079,3255253,7,Ward No. 7
297079,3255254,8,Ward No. 8
297079,3255255,9,Ward No. 9
297081,3254610,1,Ward No. 1
297081,3254619,10,Ward No. 10
297081,3254620,11,Ward No. 11
297081,3254621,12,Ward No. 12
297081,3254622,13,Ward No. 13
297081,3254623,14,Ward No. 14
297081,3254624,15,Ward No. 15
297081,3254611,2,Ward No. 2
297081,3254612,3,Ward No. 3
297081,3254613,4,Ward No. 4
297081,3254614,5,Ward No. 5
297081,3254615,6,Ward No. 6
297081,3254616,7,Ward No. 7
297081,3254617,8,Ward No. 8
297081,3254618,9,Ward No. 9
297083,3254098,1,Ward No. 1
297083,3254107,10,Ward No. 10
297083,3254108,11,Ward No. 11
297083,3254109,12,Ward No. 12
297083,3254110,13,Ward No. 13
297083,3254111,14,Ward No. 14
297083,3254099,2,Ward No. 2
297083,3254100,3,Ward No. 3
297083,3254101,4,Ward No. 4
297083,3254102,5,Ward No. 5
297083,3254103,6,Ward No. 6
297083,3254104,7,Ward No. 7
297083,3254105,8,Ward No. 8
297083,3254106,9,Ward No. 9
297084,3255514,1,Ward No. 1
297084,3255523,10,Ward No. 10
297084,3255524,11,Ward No. 11
297084,3255525,12,Ward No. 12
297084,3255526,13,Ward No. 13
297084,3255527,14,Ward No. 14
297084,3255528,15,Ward No. 15
297084,3255515,2,Ward No. 2
297084,3255516,3,Ward No. 3
297084,3255517,4,Ward No. 4
297084,3255518,5,Ward No. 5
297084,3255519,6,Ward No. 6
297084,3255520,7,Ward No. 7
297084,3255521,8,Ward No. 8
297084,3255522,9,Ward No. 9
297085,3254961,1,Ward No. 1
297085,3254970,10,Ward No. 10
297085,3254971,11,Ward No. 11
297085,3254972,12,Ward No. 12
297085,3254973,13,Ward No. 13
297085,3254974,14,Ward No. 14
297085,3254975,15,Ward No. 15
297085,3254962,2,Ward No. 2
297085,3254963,3,Ward No. 3
297085,3254964,4,Ward No. 4
297085,3254965,5,Ward No. 5
297085,3254966,6,Ward No. 6
297085,3254967,7,Ward No. 7
297085,3254968,8,Ward No. 8
297085,3254969,9,Ward No. 9
297086,3254931,1,Ward No. 1
297086,3254940,10,Ward No. 10
297086,3254941,11,Ward No. 11
297086,3254942,12,Ward No. 12
297086,3254943,13,Ward No. 13
297086,3254944,14,Ward No. 14
297086,3254945,15,Ward No. 15
297086,3254932,2,Ward No. 2
297086,3254933,3,Ward No. 3
297086,3254934,4,Ward No. 4
297086,3254935,5,Ward No. 5
297086,3254936,6,Ward No. 6
297086,3254937,7,Ward No. 7
297086,3254938,8,Ward No. 8
297086,3254939,9,Ward No. 9
297087,3255440,1,Ward No. 1
297087,3255449,10,Ward No. 10
297087,3255450,11,Ward No. 11
297087,3255451,12,Ward No. 12
297087,3255452,13,Ward No. 13
297087,3255453,14,Ward No. 14
297087,3255454,15,Ward No. 15
297087,3255441,2,Ward No. 2
297087,3255442,3,Ward No. 3
297087,3255443,4,Ward No. 4
297087,3255444,5,Ward No. 5
297087,3255445,6,Ward No. 6
297087,3255446,7,Ward No. 7
297087,3255447,8,Ward No. 8
297087,3255448,9,Ward No. 9
297088,3254799,1,Ward No. 1
297088,3254808,10,Ward No. 10
297088,3254809,11,Ward No. 11
297088,3254810,12,Ward No. 12
297088,3254811,13,Ward No. 13
297088,3254800,2,Ward No. 2
297088,3254801,3,Ward No. 3
297088,3254802,4,Ward No. 4
297088,3254803,5,Ward No. 5
297088,3254804,6,Ward No. 6
297088,3254805,7,Ward No. 7
297088,3254806,8,Ward No. 8
297088,3254807,9,Ward No. 9
297089,3255926,1,Ward No. 1
297089,3255935,10,Ward No. 10
297089,3255936,11,Ward No. 11
297089,3255937,12,Ward No. 12
297089,3255938,13,Ward No. 13
297089,3255939,14,Ward No. 14
297089,3255940,15,Ward No. 15
297089,3255941,16,Ward No. 16
297089,3255927,2,Ward No. 2
297089,3255928,3,Ward No. 3
297089,3255929,4,Ward No. 4
297089,3255930,5,Ward No. 5
297089,3255931,6,Ward No. 6
297089,3255932,7,Ward No. 7
297089,3255933,8,Ward No. 8
297089,3255934,9,Ward No. 9
297090,3255571,1,Ward No. 1
297090,3255580,10,Ward No. 10
297090,3255581,11,Ward No. 11
297090,3255582,12,Ward No. 12
297090,3255583,13,Ward No. 13
297090,3255584,14,Ward No. 14
297090,3255585,15,Ward No. 15
297090,3255572,2,Ward No. 2
297090,3255573,3,Ward No. 3
297090,3255574,4,Ward No. 4
297090,3255575,5,Ward No. 5
297090,3255576,6,Ward No. 6
297090,3255577,7,Ward No. 7
297090,3255578,8,Ward No. 8
297090,3255579,9,Ward No. 9
297091,3254812,1,Ward No. 1
297091,3254821,10,Ward No. 10
297091,3254813,2,Ward No. 2
297091,3254814,3,Ward No. 3
297091,3254815,4,Ward No. 4
297091,3254816,5,Ward No. 5
297091,3254817,6,Ward No. 6
297091,3254818,7,Ward No. 7
297091,3254819,8,Ward No. 8
297091,3254820,9,Ward No. 9
297495,3254701,1,Ward No. 1
297495,3254710,10,Ward No. 10
297495,3254711,11,Ward No. 11
297495,3254712,12,Ward No. 12
297495,3254713,13,Ward No. 13
297495,3254714,14,Ward No. 14
297495,3254702,2,Ward No. 2
297495,3254703,3,Ward No. 3
297495,3254704,4,Ward No. 4
297495,3254705,5,Ward No. 5
297495,3254706,6,Ward No. 6
297495,3254707,7,Ward No. 7
297495,3254708,8,Ward No. 8
297495,3254709,9,Ward No. 9
297623,3254534,1,Ward No. 1
297623,3254543,10,Ward No. 10
297623,3254544,11,Ward No. 11
297623,3254545,12,Ward No. 12
297623,3254546,13,Ward No. 13
297623,3254547,14,Ward No. 14
297623,3254548,15,Ward No. 15
297623,3254535,2,Ward No. 2
297623,3254536,3,Ward No. 3
297623,3254537,4,Ward No. 4
297623,3254538,5,Ward No. 5
297623,3254539,6,Ward No. 6
297623,3254540,7,Ward No. 7
297623,3254541,8,Ward No. 8
297623,3254542,9,Ward No. 9
297651,3254862,1,Ward No. 1
297651,3254871,10,Ward No. 10
297651,3254872,11,Ward No. 11
297651,3254873,12,Ward No. 12
297651,3254874,13,Ward No. 13
297651,3254875,14,Ward No. 14
297651,3254876,15,Ward No. 15
297651,3254863,2,Ward No. 2
297651,3254864,3,Ward No. 3
297651,3254865,4,Ward No. 4
297651,3254866,5,Ward No. 5
297651,3254867,6,Ward No. 6
297651,3254868,7,Ward No. 7
297651,3254869,8,Ward No. 8
297651,3254870,9,Ward No. 9
297714,3253907,1,Ward No. 1
297714,3253916,10,Ward No. 10
297714,3253917,11,Ward No. 11
297714,3253918,12,Ward No. 12
297714,3253919,13,Ward No. 13
297714,3253920,14,Ward No. 14
297714,3253908,2,Ward No. 2
297714,3253909,3,Ward No. 3
297714,3253910,4,Ward No. 4
297714,3253911,5,Ward No. 5
297714,3253912,6,Ward No. 6
297714,3253913,7,Ward No. 7
297714,3253914,8,Ward No. 8
297714,3253915,9,Ward No. 9
297735,3254484,1,Ward No. 1
297735,3254493,10,Ward No. 10
297735,3254494,11,Ward No. 11
297735,3254495,12,Ward No. 12
297735,3254496,13,Ward No. 13
297735,3254497,14,Ward No. 14
297735,3254498,15,Ward No. 15
297735,3254499,16,Ward No. 16
297735,3254485,2,Ward No. 2
297735,3254486,3,Ward No. 3
297735,3254487,4,Ward No. 4
297735,3254488,5,Ward No. 5
297735,3254489,6,Ward No. 6
297735,3254490,7,Ward No. 7
297735,3254491,8,Ward No. 8
297735,3254492,9,Ward No. 9
297756,3253949,1,Ward No. 1
297756,3253958,10,Ward No. 10
297756,3253959,11,Ward No. 11
297756,3253960,12,Ward No. 12
297756,3253961,13,Ward No. 13
297756,3253962,14,Ward No. 14
297756,3253963,15,Ward No. 15
297756,3253950,2,Ward No. 2
297756,3253951,3,Ward No. 3
297756,3253952,4,Ward No. 4
297756,3253953,5,Ward No. 5
297756,3253954,6,Ward No. 6
297756,3253955,7,Ward No. 7
297756,3253956,8,Ward No. 8
297756,3253957,9,Ward No. 9
297758,3253936,1,Ward No. 1
297758,3253945,10,Ward No. 10
297758,3253946,11,Ward No. 11
297758,3253947,12,Ward No. 12
297758,3253948,13,Ward No. 13
297758,3253937,2,Ward No. 2
297758,3253938,3,Ward No. 3
297758,3253939,4,Ward No. 4
297758,3253940,5,Ward No. 5
297758,3253941,6,Ward No. 6
297758,3253942,7,Ward No. 7
297758,3253943,8,Ward No. 8
297758,3253944,9,Ward No. 9
297802,3253745,1,Ward No. 1
297802,3253754,10,Ward No. 10
297802,3253755,11,Ward No. 11
297802,3253756,12,Ward No. 12
297802,3253757,13,Ward No. 13
297802,3253758,14,Ward No. 14
297802,3253759,15,Ward No. 15
297802,3253760,16,Ward No. 16
297802,3253761,17,Ward No. 17
297802,3253762,18,Ward No. 18
297802,3253763,19,Ward No. 19
297802,3253746,2,Ward No. 2
297802,3253764,20,Ward No. 20
297802,3253765,21,Ward No. 21
297802,3253766,22,Ward No. 22
297802,3253767,23,Ward No. 23
297802,3253768,24,Ward No. 24
297802,3253769,25,Ward No. 25
297802,3253770,26,Ward No. 26
297802,3253771,27,Ward No. 27
297802,3253772,28,Ward No. 28
297802,3253773,29,Ward No. 29
297802,3253747,3,Ward No. 3
297802,3253774,30,Ward No. 30
297802,3253775,31,Ward No. 31
297802,3253776,32,Ward No. 32
297802,3253777,33,Ward No. 33
297802,3253778,34,Ward No. 34
297802,3253779,35,Ward No. 35
297802,3253780,36,Ward No. 36
297802,3253781,37,Ward No. 37
297802,3253782,38,Ward No. 38
297802,3253783,39,Ward No. 39
297802,3253748,4,Ward No. 4
297802,3253784,40,Ward No. 40
297802,3253785,41,Ward No. 41
297802,3253786,42,Ward No. 42
297802,3253787,43,Ward No. 43
297802,3253788,44,Ward No. 44
297802,3253789,45,Ward No. 45
297802,3253790,46,Ward No. 46
297802,3253791,47,Ward No. 47
297802,3253792,48,Ward No. 48
297802,3253793,49,Ward No. 49
297802,3253749,5,Ward No. 5
297802,3253794,50,Ward No. 50
297802,3253795,51,Ward No. 51
297802,3253796,52,Ward No. 52
297802,3253797,53,Ward No. 53
297802,3253798,54,Ward No. 54
297802,3253799,55,Ward No. 55
297802,3253800,56,Ward No. 56
297802,3253801,57,Ward No. 57
297802,3253802,58,Ward No. 58
297802,3253803,59,Ward No. 59
297802,3253750,6,Ward No. 6
297802,3253804,60,Ward No. 60
297802,3253751,7,Ward No. 7
297802,3253752,8,Ward No. 8
297802,3253753,9,Ward No. 9
297807,3255690,1,Ward No. 1
297807,3255699,10,Ward No. 10
297807,3255700,11,Ward No. 11
297807,3255701,12,Ward No. 12
297807,3255702,13,Ward No. 13
297807,3255691,2,Ward No. 2
297807,3255692,3,Ward No. 3
297807,3255693,4,Ward No. 4
297807,3255694,5,Ward No. 5
297807,3255695,6,Ward No. 6
297807,3255696,7,Ward No. 7
297807,3255697,8,Ward No. 8
297807,3255698,9,Ward No. 9
297820,3254022,1,Ward No. 1
297820,3254031,10,Ward No. 10
297820,3254032,11,Ward No. 11
297820,3254033,12,Ward No. 12
297820,3254034,13,Ward No. 13
297820,3254035,14,Ward No. 14
297820,3254023,2,Ward No. 2
297820,3254024,3,Ward No. 3
297820,3254025,4,Ward No. 4
297820,3254026,5,Ward No. 5
297820,3254027,6,Ward No. 6
297820,3254028,7,Ward No. 7
297820,3254029,8,Ward No. 8
297820,3254030,9,Ward No. 9
297861,3254112,1,Ward No. 1
297861,3254121,10,Ward No. 10
297861,3254122,11,Ward No. 11
297861,3254123,12,Ward No. 12
297861,3254124,13,Ward No. 13
297861,3254125,14,Ward No. 14
297861,3254113,2,Ward No. 2
297861,3254114,3,Ward No. 3
297861,3254115,4,Ward No. 4
297861,3254116,5,Ward No. 5
297861,3254117,6,Ward No. 6
297861,3254118,7,Ward No. 7
297861,3254119,8,Ward No. 8
297861,3254120,9,Ward No. 9
297864,3254852,1,Ward No. 1
297864,3254861,10,Ward No. 10
297864,3254853,2,Ward No. 2
297864,3254854,3,Ward No. 3
297864,3254855,4,Ward No. 4
297864,3254856,5,Ward No. 5
297864,3254857,6,Ward No. 6
297864,3254858,7,Ward No. 7
297864,3254859,8,Ward No. 8
297864,3254860,9,Ward No. 9
297922,3255853,1,Ward No. 1
297922,3255862,10,Ward No. 10
297922,3255863,11,Ward No. 11
297922,3255864,12,Ward No. 12
297922,3255865,13,Ward No. 13
297922,3255866,14,Ward No. 14
297922,3255867,15,Ward No. 15
297922,3255854,2,Ward No. 2
297922,3255855,3,Ward No. 3
297922,3255856,4,Ward No. 4
297922,3255857,5,Ward No. 5
297922,3255858,6,Ward No. 6
297922,3255859,7,Ward No. 7
297922,3255860,8,Ward No. 8
297922,3255861,9,Ward No. 9
298093,3254269,1,Ward No. 1
298093,3254278,10,Ward No. 10
298093,3254279,11,Ward No. 11
298093,3254280,12,Ward No. 12
298093,3254281,13,Ward No. 13
298093,3254282,14,Ward No. 14
298093,3254283,15,Ward No. 15
298093,3254270,2,Ward No. 2
298093,3254271,3,Ward No. 3
298093,3254272,4,Ward No. 4
298093,3254273,5,Ward No. 5
298093,3254274,6,Ward No. 6
298093,3254275,7,Ward No. 7
298093,3254276,8,Ward No. 8
298093,3254277,9,Ward No. 9
298095,3254284,1,Ward No. 1
298095,3254293,10,Ward No. 10
298095,3254294,11,Ward No. 11
298095,3254295,12,Ward No. 12
298095,3254296,13,Ward No. 13
298095,3254297,14,Ward No. 14
298095,3254298,15,Ward No. 15
298095,3254285,2,Ward No. 2
298095,3254286,3,Ward No. 3
298095,3254287,4,Ward No. 4
298095,3254288,5,Ward No. 5
298095,3254289,6,Ward No. 6
298095,3254290,7,Ward No. 7
298095,3254291,8,Ward No. 8
298095,3254292,9,Ward No. 9
298096,3254254,1,Ward No. 1
298096,3254263,10,Ward No. 10
298096,3254264,11,Ward No. 11
298096,3254265,12,Ward No. 12
298096,3254266,13,Ward No. 13
298096,3254267,14,Ward No. 14
298096,3254268,15,Ward No. 15
298096,3254255,2,Ward No. 2
298096,3254256,3,Ward No. 3
298096,3254257,4,Ward No. 4
298096,3254258,5,Ward No. 5
298096,3254259,6,Ward No. 6
298096,3254260,7,Ward No. 7
298096,3254261,8,Ward No. 8
298096,3254262,9,Ward No. 9
298115,3253819,1,Ward No. 1
298115,3253828,10,Ward No. 10
298115,3253829,11,Ward No. 11
298115,3253830,12,Ward No. 12
298115,3253831,13,Ward No. 13
298115,3253832,14,Ward No. 14
298115,3253833,15,Ward No. 15
298115,3253820,2,Ward No. 2
298115,3253821,3,Ward No. 3
298115,3253822,4,Ward No. 4
298115,3253823,5,Ward No. 5
298115,3253824,6,Ward No. 6
298115,3253825,7,Ward No. 7
298115,3253826,8,Ward No. 8
298115,3253827,9,Ward No. 9
298915,3255117,1,Ward No. 1
298915,3255126,10,Ward No. 10
298915,3255127,11,Ward No. 11
298915,3255128,12,Ward No. 12
298915,3255129,13,Ward No. 13
298915,3255130,14,Ward No. 14
298915,3255131,15,Ward No. 15
298915,3255118,2,Ward No. 2
298915,3255119,3,Ward No. 3
298915,3255120,4,Ward No. 4
298915,3255121,5,Ward No. 5
298915,3255122,6,Ward No. 6
298915,3255123,7,Ward No. 7
298915,3255124,8,Ward No. 8
298915,3255125,9,Ward No. 9
298935,3253890,1,Ward No. 1
298935,3253899,10,Ward No. 10
298935,3253900,11,Ward No. 11
298935,3253901,12,Ward No. 12
298935,3253902,13,Ward No. 13
298935,3253903,14,Ward No. 14
298935,3253904,15,Ward No. 15
298935,3253905,16,Ward No. 16
298935,3253906,17,Ward No. 17
298935,3253891,2,Ward No. 2
298935,3253892,3,Ward No. 3
298935,3253893,4,Ward No. 4
298935,3253894,5,Ward No. 5
298935,3253895,6,Ward No. 6
298935,3253896,7,Ward No. 7
298935,3253897,8,Ward No. 8
298935,3253898,9,Ward No. 9
299009,3254901,1,Ward No. 1
299009,3254910,10,Ward No. 10
299009,3254911,11,Ward No. 11
299009,3254912,12,Ward No. 12
299009,3254913,13,Ward No. 13
299009,3254914,14,Ward No. 14
299009,3254915,15,Ward No. 15
299009,3254902,2,Ward No. 2
299009,3254903,3,Ward No. 3
299009,3254904,4,Ward No. 4
299009,3254905,5,Ward No. 5
299009,3254906,6,Ward No. 6
299009,3254907,7,Ward No. 7
299009,3254908,8,Ward No. 8
299009,3254909,9,Ward No. 9
299010,3254314,1,Ward No. 1
299010,3254323,10,Ward No. 10
299010,3254324,11,Ward No. 11
299010,3254325,12,Ward No. 12
299010,3254326,13,Ward No. 13
299010,3254327,14,Ward No. 14
299010,3254315,2,Ward No. 2
299010,3254316,3,Ward No. 3
299010,3254317,4,Ward No. 4
299010,3254318,5,Ward No. 5
299010,3254319,6,Ward No. 6
299010,3254320,7,Ward No. 7
299010,3254321,8,Ward No. 8
299010,3254322,9,Ward No. 9
299012,3255455,1,Ward No. 1
299012,3255464,10,Ward No. 10
299012,3255465,11,Ward No. 11
299012,3255466,12,Ward No. 12
299012,3255467,13,Ward No. 13
299012,3255456,2,Ward No. 2
299012,3255457,3,Ward No. 3
299012,3255458,4,Ward No. 4
299012,3255459,5,Ward No. 5
299012,3255460,6,Ward No. 6
299012,3255461,7,Ward No. 7
299012,3255462,8,Ward No. 8
299012,3255463,9,Ward No. 9
299013,3255353,1,Ward No. 1
299013,3255362,10,Ward No. 10
299013,3255363,11,Ward No. 11
299013,3255364,12,Ward No. 12
299013,3255365,13,Ward No. 13
299013,3255366,14,Ward No. 14
299013,3255354,2,Ward No. 2
299013,3255355,3,Ward No. 3
299013,3255356,4,Ward No. 4
299013,3255357,5,Ward No. 5
299013,3255358,6,Ward No. 6
299013,3255359,7,Ward No. 7
299013,3255360,8,Ward No. 8
299013,3255361,9,Ward No. 9
299017,3254036,1,Ward No. 1
299017,3254045,10,Ward No. 10
299017,3254046,11,Ward No. 11
299017,3254047,12,Ward No. 12
299017,3254048,13,Ward No. 13
299017,3254049,14,Ward No. 14
299017,3254050,15,Ward No. 15
299017,3254051,16,Ward No. 16
299017,3254037,2,Ward No. 2
299017,3254038,3,Ward No. 3
299017,3254039,4,Ward No. 4
299017,3254040,5,Ward No. 5
299017,3254041,6,Ward No. 6
299017,3254042,7,Ward No. 7
299017,3254043,8,Ward No. 8
299017,3254044,9,Ward No. 9
299018,3253805,1,Ward No. 1
299018,3253814,10,Ward No. 10
299018,3253815,11,Ward No. 11
299018,3253816,12,Ward No. 12
299018,3253817,13,Ward No. 13
299018,3253818,14,Ward No. 14
299018,3253806,2,Ward No. 2
299018,3253807,3,Ward No. 3
299018,3253808,4,Ward No. 4
299018,3253809,5,Ward No. 5
299018,3253810,6,Ward No. 6
299018,3253811,7,Ward No. 7
299018,3253812,8,Ward No. 8
299018,3253813,9,Ward No. 9
299023,3253834,1,Ward No. 1
299023,3253843,10,Ward No. 10
299023,3253844,11,Ward No. 11
299023,3253845,12,Ward No. 12
299023,3253846,13,Ward No. 13
299023,3253847,14,Ward No. 14
299023,3253835,2,Ward No. 2
299023,3253836,3,Ward No. 3
299023,3253837,4,Ward No. 4
299023,3253838,5,Ward No. 5
299023,3253839,6,Ward No. 6
299023,3253840,7,Ward No. 7
299023,3253841,8,Ward No. 8
299023,3253842,9,Ward No. 9
299027,3255305,1,Ward No. 1
299027,3255314,10,Ward No. 10
299027,3255315,11,Ward No. 11
299027,3255316,12,Ward No. 12
299027,3255317,13,Ward No. 13
299027,3255318,14,Ward No. 14
299027,3255319,15,Ward No. 15
299027,3255306,2,Ward No. 2
299027,3255307,3,Ward No. 3
299027,3255308,4,Ward No. 4
299027,3255309,5,Ward No. 5
299027,3255310,6,Ward No. 6
299027,3255311,7,Ward No. 7
299027,3255312,8,Ward No. 8
299027,3255313,9,Ward No. 9
299053,3255807,1,Ward No. 1
299053,3255816,10,Ward No. 10
299053,3255817,11,Ward No. 11
299053,3255818,12,Ward No. 12
299053,3255819,13,Ward No. 13
299053,3255820,14,Ward No. 14
299053,3255821,15,Ward No. 15
299053,3255822,16,Ward No. 16
299053,3255823,17,Ward No. 17
299053,3255824,18,Ward No. 18
299053,3255825,19,Ward No. 19
299053,3255808,2,Ward No. 2
299053,3255826,20,Ward No. 20
299053,3255827,21,Ward No. 21
299053,3255809,3,Ward No. 3
299053,3255810,4,Ward No. 4
299053,3255811,5,Ward No. 5
299053,3255812,6,Ward No. 6
299053,3255813,7,Ward No. 7
299053,3255814,8,Ward No. 8
299053,3255815,9,Ward No. 9
299069,3255543,1,Ward No. 1
299069,3255552,10,Ward No. 10
299069,3255553,11,Ward No. 11
299069,3255554,12,Ward No. 12
299069,3255555,13,Ward No. 13
299069,3255556,14,Ward No. 14
299069,3255557,15,Ward No. 15
299069,3255544,2,Ward No. 2
299069,3255545,3,Ward No. 3
299069,3255546,4,Ward No. 4
299069,3255547,5,Ward No. 5
299069,3255548,6,Ward No. 6
299069,3255549,7,Ward No. 7
299069,3255550,8,Ward No. 8
299069,3255551,9,Ward No. 9
299071,3255202,1,Ward No. 1
299071,3255211,10,Ward No. 10
299071,3255212,11,Ward No. 11
299071,3255213,12,Ward No. 12
299071,3255214,13,Ward No. 13
299071,3255215,14,Ward No. 14
299071,3255216,15,Ward No. 15
299071,3255203,2,Ward No. 2
299071,3255204,3,Ward No. 3
299071,3255205,4,Ward No. 4
299071,3255206,5,Ward No. 5
299071,3255207,6,Ward No. 6
299071,3255208,7,Ward No. 7
299071,3255209,8,Ward No. 8
299071,3255210,9,Ward No. 9
299081,3254141,1,Ward No. 1
299081,3254150,10,Ward No. 10
299081,3254151,11,Ward No. 11
299081,3254152,12,Ward No. 12
299081,3254153,13,Ward No. 13
299081,3254154,14,Ward No. 14
299081,3254142,2,Ward No. 2
299081,3254143,3,Ward No. 3
299081,3254144,4,Ward No. 4
299081,3254145,5,Ward No. 5
299081,3254146,6,Ward No. 6
299081,3254147,7,Ward No. 7
299081,3254148,8,Ward No. 8
299081,3254149,9,Ward No. 9
300509,3253875,1,Ward No. 1
300509,3253884,10,Ward No. 10
300509,3253885,11,Ward No. 11
300509,3253886,12,Ward No. 12
300509,3253887,13,Ward No. 13
300509,3253888,14,Ward No. 14
300509,3253889,15,Ward No. 15
300509,3253876,2,Ward No. 2
300509,3253877,3,Ward No. 3
300509,3253878,4,Ward No. 4
300509,3253879,5,Ward No. 5
300509,3253880,6,Ward No. 6
300509,3253881,7,Ward No. 7
300509,3253882,8,Ward No. 8
300509,3253883,9,Ward No. 9
300510,3253975,1,Ward No. 1
300510,3253984,10,Ward No. 10
300510,3253985,11,Ward No. 11
300510,3253986,12,Ward No. 12
300510,3253987,13,Ward No. 13
300510,3253988,14,Ward No. 14
300510,3253989,15,Ward No. 15
300510,3253990,16,Ward No. 16
300510,3253976,2,Ward No. 2
300510,3253977,3,Ward No. 3
300510,3253978,4,Ward No. 4
300510,3253979,5,Ward No. 5
300510,3253980,6,Ward No. 6
300510,3253981,7,Ward No. 7
300510,3253982,8,Ward No. 8
300510,3253983,9,Ward No. 9
300511,3254067,1,Ward No. 1
300511,3254076,10,Ward No. 10
300511,3254077,11,Ward No. 11
300511,3254078,12,Ward No. 12
300511,3254079,13,Ward No. 13
300511,3254080,14,Ward No. 14
300511,3254081,15,Ward No. 15
300511,3254068,2,Ward No. 2
300511,3254069,3,Ward No. 3
300511,3254070,4,Ward No. 4
300511,3254071,5,Ward No. 5
300511,3254072,6,Ward No. 6
300511,3254073,7,Ward No. 7
300511,3254074,8,Ward No. 8
300511,3254075,9,Ward No. 9
300512,3254126,1,Ward No. 1
300512,3254135,10,Ward No. 10
300512,3254136,11,Ward No. 11
300512,3254137,12,Ward No. 12
300512,3254138,13,Ward No. 13
300512,3254139,14,Ward No. 14
300512,3254140,15,Ward No. 15
300512,3254127,2,Ward No. 2
300512,3254128,3,Ward No. 3
300512,3254129,4,Ward No. 4
300512,3254130,5,Ward No. 5
300512,3254131,6,Ward No. 6
300512,3254132,7,Ward No. 7
300512,3254133,8,Ward No. 8
300512,3254134,9,Ward No. 9
300532,3255658,1,Ward No. 1
300532,3255667,10,Ward No. 10
300532,3255668,11,Ward No. 11
300532,3255669,12,Ward No. 12
300532,3255670,13,Ward No. 13
300532,3255671,14,Ward No. 14
300532,3255672,15,Ward No. 15
300532,3255673,16,Ward No. 16
300532,3255674,17,Ward No. 17
300532,3255659,2,Ward No. 2
300532,3255660,3,Ward No. 3
300532,3255661,4,Ward No. 4
300532,3255662,5,Ward No. 5
300532,3255663,6,Ward No. 6
300532,3255664,7,Ward No. 7
300532,3255665,8,Ward No. 8
300532,3255666,9,Ward No. 9
300651,3254500,1,Ward No. 1
300651,3254509,10,Ward No. 10
300651,3254510,11,Ward No. 11
300651,3254511,12,Ward No. 12
300651,3254512,13,Ward No. 13
300651,3254513,14,Ward No. 14
300651,3254514,15,Ward No. 15
300651,3254501,2,Ward No. 2
300651,3254502,3,Ward No. 3
300651,3254503,4,Ward No. 4
300651,3254504,5,Ward No. 5
300651,3254505,6,Ward No. 6
300651,3254506,7,Ward No. 7
300651,3254507,8,Ward No. 8
300651,3254508,9,Ward No. 9
300652,3254468,1,Ward No. 1
300652,3254477,10,Ward No. 10
300652,3254478,11,Ward No. 11
300652,3254479,12,Ward No. 12
300652,3254480,13,Ward No. 13
300652,3254481,14,Ward No. 14
300652,3254482,15,Ward No. 15
300652,3254483,16,Ward No. 16
300652,3254469,2,Ward No. 2
300652,3254470,3,Ward No. 3
300652,3254471,4,Ward No. 4
300652,3254472,5,Ward No. 5
300652,3254473,6,Ward No. 6
300652,3254474,7,Ward No. 7
300652,3254475,8,Ward No. 8
300652,3254476,9,Ward No. 9
300693,3255367,1,Ward No. 1
300693,3255376,10,Ward No. 10
300693,3255377,11,Ward No. 11
300693,3255378,12,Ward No. 12
300693,3255379,13,Ward No. 13
300693,3255380,14,Ward No. 14
300693,3255381,15,Ward No. 15
300693,3255368,2,Ward No. 2
300693,3255369,3,Ward No. 3
300693,3255370,4,Ward No. 4
300693,3255371,5,Ward No. 5
300693,3255372,6,Ward No. 6
300693,3255373,7,Ward No. 7
300693,3255374,8,Ward No. 8
300693,3255375,9,Ward No. 9
300705,3255021,1,Ward No. 1
300705,3255030,10,Ward No. 10
300705,3255031,11,Ward No. 11
300705,3255032,12,Ward No. 12
300705,3255033,13,Ward No. 13
300705,3255034,14,Ward No. 14
300705,3255035,15,Ward No. 15
300705,3255036,16,Ward No. 16
300705,3255022,2,Ward No. 2
300705,3255023,3,Ward No. 3
300705,3255024,4,Ward No. 4
300705,3255025,5,Ward No. 5
300705,3255026,6,Ward No. 6
300705,3255027,7,Ward No. 7
300705,3255028,8,Ward No. 8
300705,3255029,9,Ward No. 9
300707,3255382,1,Ward No. 1
300707,3255391,10,Ward No. 10
300707,3255392,11,Ward No. 11
300707,3255393,12,Ward No. 12
300707,3255394,13,Ward No. 13
300707,3255395,14,Ward No. 14
300707,3255396,15,Ward No. 15
300707,3255383,2,Ward No. 2
300707,3255384,3,Ward No. 3
300707,3255385,4,Ward No. 4
300707,3255386,5,Ward No. 5
300707,3255387,6,Ward No. 6
300707,3255388,7,Ward No. 7
300707,3255389,8,Ward No. 8
300707,3255390,9,Ward No. 9
300713,3254339,1,Ward No. 1
300713,3254348,10,Ward No. 10
300713,3254349,11,Ward No. 11
300713,3254350,12,Ward No. 12
300713,3254351,13,Ward No. 13
300713,3254352,14,Ward No. 14
300713,3254353,15,Ward No. 15
300713,3254340,2,Ward No. 2
300713,3254341,3,Ward No. 3
300713,3254342,4,Ward No. 4
300713,3254343,5,Ward No. 5
300713,3254344,6,Ward No. 6
300713,3254345,7,Ward No. 7
300713,3254346,8,Ward No. 8
300713,3254347,9,Ward No. 9
300719,3254946,1,Ward No. 1
300719,3254955,10,Ward No. 10
300719,3254956,11,Ward No. 11
300719,3254957,12,Ward No. 12
300719,3254958,13,Ward No. 13
300719,3254959,14,Ward No. 14
300719,3254960,15,Ward No. 15
300719,3254947,2,Ward No. 2
300719,3254948,3,Ward No. 3
300719,3254949,4,Ward No. 4
300719,3254950,5,Ward No. 5
300719,3254951,6,Ward No. 6
300719,3254952,7,Ward No. 7
300719,3254953,8,Ward No. 8
300719,3254954,9,Ward No. 9
300721,3254715,1,Ward No. 1
300721,3254724,10,Ward No. 10
300721,3254725,11,Ward No. 11
300721,3254726,12,Ward No. 12
300721,3254727,13,Ward No. 13
300721,3254728,14,Ward No. 14
300721,3254729,15,Ward No. 15
300721,3254716,2,Ward No. 2
300721,3254717,3,Ward No. 3
300721,3254718,4,Ward No. 4
300721,3254719,5,Ward No. 5
300721,3254720,6,Ward No. 6
300721,3254721,7,Ward No. 7
300721,3254722,8,Ward No. 8
300721,3254723,9,Ward No. 9
300729,3254395,1,Ward No. 1
300729,3254404,10,Ward No. 10
300729,3254405,11,Ward No. 11
300729,3254406,12,Ward No. 12
300729,3254407,13,Ward No. 13
300729,3254408,14,Ward No. 14
300729,3254396,2,Ward No. 2
300729,3254397,3,Ward No. 3
300729,3254398,4,Ward No. 4
300729,3254399,5,Ward No. 5
300729,3254400,6,Ward No. 6
300729,3254401,7,Ward No. 7
300729,3254402,8,Ward No. 8
300729,3254403,9,Ward No. 9
300739,3255529,1,Ward No. 1
300739,3255538,10,Ward No. 10
300739,3255539,11,Ward No. 11
300739,3255540,12,Ward No. 12
300739,3255541,13,Ward No. 13
300739,3255542,14,Ward No. 14
300739,3255530,2,Ward No. 2
300739,3255531,3,Ward No. 3
300739,3255532,4,Ward No. 4
300739,3255533,5,Ward No. 5
300739,3255534,6,Ward No. 6
300739,3255535,7,Ward No. 7
300739,3255536,8,Ward No. 8
300739,3255537,9,Ward No. 9
300750,3254686,1,Ward No. 1
300750,3254695,10,Ward No. 10
300750,3254696,11,Ward No. 11
300750,3254697,12,Ward No. 12
300750,3254698,13,Ward No. 13
300750,3254699,14,Ward No. 14
300750,3254700,15,Ward No. 15
300750,3254687,2,Ward No. 2
300750,3254688,3,Ward No. 3
300750,3254689,4,Ward No. 4
300750,3254690,5,Ward No. 5
300750,3254691,6,Ward No. 6
300750,3254692,7,Ward No. 7
300750,3254693,8,Ward No. 8
300750,3254694,9,Ward No. 9
300768,3254367,1,Ward No. 1
300768,3254376,10,Ward No. 10
300768,3254377,11,Ward No. 11
300768,3254378,12,Ward No. 12
300768,3254379,13,Ward No. 13
300768,3254380,14,Ward No. 14
300768,3254381,15,Ward No. 15
300768,3254368,2,Ward No. 2
300768,3254369,3,Ward No. 3
300768,3254370,4,Ward No. 4
300768,3254371,5,Ward No. 5
300768,3254372,6,Ward No. 6
300768,3254373,7,Ward No. 7
300768,3254374,8,Ward No. 8
300768,3254375,9,Ward No. 9
300772,3255338,1,Ward No. 1
300772,3255347,10,Ward No. 10
300772,3255348,11,Ward No. 11
300772,3255349,12,Ward No. 12
300772,3255350,13,Ward No. 13
300772,3255351,14,Ward No. 14
300772,3255352,15,Ward No. 15
300772,3255339,2,Ward No. 2
300772,3255340,3,Ward No. 3
300772,3255341,4,Ward No. 4
300772,3255342,5,Ward No. 5
300772,3255343,6,Ward No. 6
300772,3255344,7,Ward No. 7
300772,3255345,8,Ward No. 8
300772,3255346,9,Ward No. 9
300774,3255425,1,Ward No. 1
300774,3255434,10,Ward No. 10
300774,3255435,11,Ward No. 11
300774,3255436,12,Ward No. 12
300774,3255437,13,Ward No. 13
300774,3255438,14,Ward No. 14
300774,3255439,15,Ward No. 15
300774,3255426,2,Ward No. 2
300774,3255427,3,Ward No. 3
300774,3255428,4,Ward No. 4
300774,3255429,5,Ward No. 5
300774,3255430,6,Ward No. 6
300774,3255431,7,Ward No. 7
300774,3255432,8,Ward No. 8
300774,3255433,9,Ward No. 9
300776,3255397,1,Ward No. 1
300776,3255406,10,Ward No. 10
300776,3255407,11,Ward No. 11
300776,3255408,12,Ward No. 12
300776,3255409,13,Ward No. 13
300776,3255410,14,Ward No. 14
300776,3255411,15,Ward No. 15
300776,3255398,2,Ward No. 2
300776,3255399,3,Ward No. 3
300776,3255400,4,Ward No. 4
300776,3255401,5,Ward No. 5
300776,3255402,6,Ward No. 6
300776,3255403,7,Ward No. 7
300776,3255404,8,Ward No. 8
300776,3255405,9,Ward No. 9
300779,3254409,1,Ward No. 1
300779,3254418,10,Ward No. 10
300779,3254419,11,Ward No. 11
300779,3254420,12,Ward No. 12
300779,3254421,13,Ward No. 13
300779,3254422,14,Ward No. 14
300779,3254423,15,Ward No. 15
300779,3254410,2,Ward No. 2
300779,3254411,3,Ward No. 3
300779,3254412,4,Ward No. 4
300779,3254413,5,Ward No. 5
300779,3254414,6,Ward No. 6
300779,3254415,7,Ward No. 7
300779,3254416,8,Ward No. 8
300779,3254417,9,Ward No. 9
300782,3254439,1,Ward No. 1
300782,3254448,10,Ward No. 10
300782,3254449,11,Ward No. 11
300782,3254450,12,Ward No. 12
300782,3254451,13,Ward No. 13
300782,3254452,14,Ward No. 14
300782,3254440,2,Ward No. 2
300782,3254441,3,Ward No. 3
300782,3254442,4,Ward No. 4
300782,3254443,5,Ward No. 5
300782,3254444,6,Ward No. 6
300782,3254445,7,Ward No. 7
300782,3254446,8,Ward No. 8
300782,3254447,9,Ward No. 9
300789,3254424,1,Ward No. 1
300789,3254433,10,Ward No. 10
300789,3254434,11,Ward No. 11
300789,3254435,12,Ward No. 12
300789,3254436,13,Ward No. 13
300789,3254437,14,Ward No. 14
300789,3254438,15,Ward No. 15
300789,3254425,2,Ward No. 2
300789,3254426,3,Ward No. 3
300789,3254427,4,Ward No. 4
300789,3254428,5,Ward No. 5
300789,3254429,6,Ward No. 6
300789,3254430,7,Ward No. 7
300789,3254431,8,Ward No. 8
300789,3254432,9,Ward No. 9
300807,3254453,1,Ward No. 1
300807,3254462,10,Ward No. 10
300807,3254463,11,Ward No. 11
300807,3254464,12,Ward No. 12
300807,3254465,13,Ward No. 13
300807,3254466,14,Ward No. 14
300807,3254467,15,Ward No. 15
300807,3254454,2,Ward No. 2
300807,3254455,3,Ward No. 3
300807,3254456,4,Ward No. 4
300807,3254457,5,Ward No. 5
300807,3254458,6,Ward No. 6
300807,3254459,7,Ward No. 7
300807,3254460,8,Ward No. 8
300807,3254461,9,Ward No. 9
300833,3254549,1,Ward No. 1
300833,3254558,10,Ward No. 10
300833,3254559,11,Ward No. 11
300833,3254560,12,Ward No. 12
300833,3254561,13,Ward No. 13
300833,3254562,14,Ward No. 14
300833,3254563,15,Ward No. 15
300833,3254564,16,Ward No. 16
300833,3254550,2,Ward No. 2
300833,3254551,3,Ward No. 3
300833,3254552,4,Ward No. 4
300833,3254553,5,Ward No. 5
300833,3254554,6,Ward No. 6
300833,3254555,7,Ward No. 7
300833,3254556,8,Ward No. 8
300833,3254557,9,Ward No. 9
300839,3254565,1,Ward No. 1
300839,3254574,10,Ward No. 10
300839,3254575,11,Ward No. 11
300839,3254576,12,Ward No. 12
300839,3254577,13,Ward No. 13
300839,3254578,14,Ward No. 14
300839,3254579,15,Ward No. 15
300839,3254566,2,Ward No. 2
300839,3254567,3,Ward No. 3
300839,3254568,4,Ward No. 4
300839,3254569,5,Ward No. 5
300839,3254570,6,Ward No. 6
300839,3254571,7,Ward No. 7
300839,3254572,8,Ward No. 8
300839,3254573,9,Ward No. 9
300865,3253921,1,Ward No. 1
300865,3253930,10,Ward No. 10
300865,3253931,11,Ward No. 11
300865,3253932,12,Ward No. 12
300865,3253933,13,Ward No. 13
300865,3253934,14,Ward No. 14
300865,3253935,15,Ward No. 15
300865,3253922,2,Ward No. 2
300865,3253923,3,Ward No. 3
300865,3253924,4,Ward No. 4
300865,3253925,5,Ward No. 5
300865,3253926,6,Ward No. 6
300865,3253927,7,Ward No. 7
300865,3253928,8,Ward No. 8
300865,3253929,9,Ward No. 9
300930,3255883,1,Ward No. 1
300930,3255892,10,Ward No. 10
300930,3255893,11,Ward No. 11
300930,3255894,12,Ward No. 12
300930,3255895,13,Ward No. 13
300930,3255896,14,Ward No. 14
300930,3255897,15,Ward No. 15
300930,3255884,2,Ward No. 2
300930,3255885,3,Ward No. 3
300930,3255886,4,Ward No. 4
300930,3255887,5,Ward No. 5
300930,3255888,6,Ward No. 6
300930,3255889,7,Ward No. 7
300930,3255890,8,Ward No. 8
300930,3255891,9,Ward No. 9
301012,3254671,1,Ward No. 1
301012,3254680,10,Ward No. 10
301012,3254681,11,Ward No. 11
301012,3254682,12,Ward No. 12
301012,3254683,13,Ward No. 13
301012,3254684,14,Ward No. 14
301012,3254685,15,Ward No. 15
301012,3254672,2,Ward No. 2
301012,3254673,3,Ward No. 3
301012,3254674,4,Ward No. 4
301012,3254675,5,Ward No. 5
301012,3254676,6,Ward No. 6
301012,3254677,7,Ward No. 7
301012,3254678,8,Ward No. 8
301012,3254679,9,Ward No. 9
301014,3254625,1,Ward No. 1
301014,3254634,10,Ward No. 10
301014,3254635,11,Ward No. 11
301014,3254636,12,Ward No. 12
301014,3254637,13,Ward No. 13
301014,3254638,14,Ward No. 14
301014,3254639,15,Ward No. 15
301014,3254640,16,Ward No. 16
301014,3254626,2,Ward No. 2
301014,3254627,3,Ward No. 3
301014,3254628,4,Ward No. 4
301014,3254629,5,Ward No. 5
301014,3254630,6,Ward No. 6
301014,3254631,7,Ward No. 7
301014,3254632,8,Ward No. 8
301014,3254633,9,Ward No. 9
301016,3254641,1,Ward No. 1
301016,3254650,10,Ward No. 10
301016,3254651,11,Ward No. 11
301016,3254652,12,Ward No. 12
301016,3254653,13,Ward No. 13
301016,3254654,14,Ward No. 14
301016,3254655,15,Ward No. 15
301016,3254642,2,Ward No. 2
301016,3254643,3,Ward No. 3
301016,3254644,4,Ward No. 4
301016,3254645,5,Ward No. 5
301016,3254646,6,Ward No. 6
301016,3254647,7,Ward No. 7
301016,3254648,8,Ward No. 8
301016,3254649,9,Ward No. 9
301210,3253316,1,Ward 1
301241,3253315,1,Ward 1
301242,3253310,1,Ward 1
301243,3253317,1,Ward 1
301244,3253314,1,Ward 1
301245,3254656,1,Ward No. 1
301245,3254665,10,Ward No. 10
301245,3254666,11,Ward No. 11
301245,3254667,12,Ward No. 12
301245,3254668,13,Ward No. 13
301245,3254669,14,Ward No. 14
301245,3254670,15,Ward No. 15
301245,3254657,2,Ward No. 2
301245,3254658,3,Ward No. 3
301245,3254659,4,Ward No. 4
301245,3254660,5,Ward No. 5
301245,3254661,6,Ward No. 6
301245,3254662,7,Ward No. 7
301245,3254663,8,Ward No. 8
301245,3254664,9,Ward No. 9
301249,3253313,1,Ward 1
301253,3253991,1,Ward No. 1
301253,3254000,10,Ward No. 10
301253,3254001,11,Ward No. 11
301253,3254002,12,Ward No. 12
301253,3254003,13,Ward No. 13
301253,3254004,14,Ward No. 14
301253,3254005,15,Ward No. 15
301253,3254006,16,Ward No. 16
301253,3253992,2,Ward No. 2
301253,3253993,3,Ward No. 3
301253,3253994,4,Ward No. 4
301253,3253995,5,Ward No. 5
301253,3253996,6,Ward No. 6
301253,3253997,7,Ward No. 7
301253,3253998,8,Ward No. 8
301253,3253999,9,Ward No. 9
301254,3255217,1,Ward No. 1
301254,3255226,10,Ward No. 10
301254,3255227,11,Ward No. 11
301254,3255228,12,Ward No. 12
301254,3255229,13,Ward No. 13
301254,3255230,14,Ward No. 14
301254,3255231,15,Ward No. 15
301254,3255218,2,Ward No. 2
301254,3255219,3,Ward No. 3
301254,3255220,4,Ward No. 4
301254,3255221,5,Ward No. 5
301254,3255222,6,Ward No. 6
301254,3255223,7,Ward No. 7
301254,3255224,8,Ward No. 8
301254,3255225,9,Ward No. 9
301349,3255262,1,Ward No. 1
301349,3255271,10,Ward No. 10
301349,3255272,11,Ward No. 11
301349,3255273,12,Ward No. 12
301349,3255274,13,Ward No. 13
301349,3255263,2,Ward No. 2
301349,3255264,3,Ward No. 3
301349,3255265,4,Ward No. 4
301349,3255266,5,Ward No. 5
301349,3255267,6,Ward No. 6
301349,3255268,7,Ward No. 7
301349,3255269,8,Ward No. 8
301349,3255270,9,Ward No. 9
301363,3255643,1,Ward No. 1
301363,3255652,10,Ward No. 10
301363,3255653,11,Ward No. 11
301363,3255654,12,Ward No. 12
301363,3255655,13,Ward No. 13
301363,3255656,14,Ward No. 14
301363,3255657,15,Ward No. 15
301363,3255644,2,Ward No. 2
301363,3255645,3,Ward No. 3
301363,3255646,4,Ward No. 4
301363,3255647,5,Ward No. 5
301363,3255648,6,Ward No. 6
301363,3255649,7,Ward No. 7
301363,3255650,8,Ward No. 8
301363,3255651,9,Ward No. 9
301364,3255232,1,Ward No. 1
301364,3255241,10,Ward No. 10
301364,3255242,11,Ward No. 11
301364,3255243,12,Ward No. 12
301364,3255244,13,Ward No. 13
301364,3255245,14,Ward No. 14
301364,3255246,15,Ward No. 15
301364,3255233,2,Ward No. 2
301364,3255234,3,Ward No. 3
301364,3255235,4,Ward No. 4
301364,3255236,5,Ward No. 5
301364,3255237,6,Ward No. 6
301364,3255238,7,Ward No. 7
301364,3255239,8,Ward No. 8
301364,3255240,9,Ward No. 9
301389,3253716,1,Ward No. 1
301389,3253725,10,Ward No. 10
301389,3253726,11,Ward No. 11
301389,3253727,12,Ward No. 12
301389,3253728,13,Ward No. 13
301389,3253729,14,Ward No. 14
301389,3253730,15,Ward No. 15
301389,3253731,16,Ward No. 16
301389,3253732,17,Ward No. 17
301389,3253733,18,Ward No. 18
301389,3253734,19,Ward No. 19
301389,3253717,2,Ward No. 2
301389,3253735,20,Ward No. 20
301389,3253736,21,Ward No. 21
301389,3253737,22,Ward No. 22
301389,3253738,23,Ward No. 23
301389,3253739,24,Ward No. 24
301389,3253740,25,Ward No. 25
301389,3253741,26,Ward No. 26
301389,3253742,27,Ward No. 27
301389,3253743,28,Ward No. 28
301389,3253744,29,Ward No. 29
301389,3253718,3,Ward No. 3
301389,3253719,4,Ward No. 4
301389,3253720,5,Ward No. 5
301389,3253721,6,Ward No. 6
301389,3253722,7,Ward No. 7
301389,3253723,8,Ward No. 8
301389,3253724,9,Ward No. 9
301390,3255734,1,Ward No. 1
301390,3255743,10,Ward No. 10
301390,3255744,11,Ward No. 11
301390,3255735,2,Ward No. 2
301390,3255736,3,Ward No. 3
301390,3255737,4,Ward No. 4
301390,3255738,5,Ward No. 5
301390,3255739,6,Ward No. 6
301390,3255740,7,Ward No. 7
301390,3255741,8,Ward No. 8
301390,3255742,9,Ward No. 9
Local Body Code,Ward Code,Ward Number,Ward Name
