district_code,district_name,gram_panchayat_code,gram_panchayat_name,parent_kp_code
169,Meerut,79004,Aad,1973
129,Bara Banki,51981,Aadampur Bhatpura,1531
129,Bara Banki,51916,Aalapur,1530
129,Bara Banki,52227,Aalhan Mau,1534
129,Bara Banki,52566,Aalhemau,1539
171,Moradabad,297299,Aari Khera,1998
171,Moradabad,297178,Ababakpur,2002
129,Bara Banki,51980,Abdulla Pur,1531
171,Moradabad,297284,Abdullapur,2001
129,Bara Banki,51830,Achaicha,1529
164,Mahrajganj,266923,Achalgarh,1929
179,Bhadohi,86326,Achhawar,2093
129,Bara Banki,52272,Achhechha,1535
178,Sant Kabir Nagar,86040,Achhti,2088
171,Moradabad,297207,Adampur,2000
164,Mahrajganj,76784,Adbadhwa,1934
129,Bara Banki,242780,Adra,1527
181,Shrawasti,87714,Aelahwa,2115
129,Bara Banki,51692,Agaanpur,1527
129,Bara Banki,52273,Agaanpur,1535
129,Bara Banki,52150,Agasand,1533
182,Siddharthnagar,267594,Agaya,2130
147,Gonda,297480,Agaya Bujurg,1735
182,Siddharthnagar,88126,Agaya Khurd,2121
178,Sant Kabir Nagar,86173,Agiauna,2090
164,Mahrajganj,76487,Agya,1930
164,Mahrajganj,76925,Agya,1936
182,Siddharthnagar,88359,Ahari,2124
160,Kushinagar,74944,Ahernwa,1904
182,Siddharthnagar,87978,Ahiraula,2119
164,Mahrajganj,76621,Ahirauli,1932
160,Kushinagar,266683,Ahirauli,1891
160,Kushinagar,74726,Ahirauli Dan,1901
160,Kushinagar,271633,Ahirauli Hanuman Singh,1903
178,Sant Kabir Nagar,269396,Ahirauli II,2091
182,Siddharthnagar,274029,Ahirauli Padari,2120
160,Kushinagar,271632,Ahirauli Raja,1903
129,Bara Banki,51917,Ahirgaon,1530
181,Shrawasti,87839,Ahlad Nagar,2117
129,Bara Banki,51567,Ahmedpur,1525
179,Bhadohi,86631,Ainachh,2096
147,Gonda,297429,Ajabnagar,1750
129,Bara Banki,52228,Ajayi Mau,1534
179,Bhadohi,86439,Ajaypur,2094
129,Bara Banki,51754,Ajgana,1528
659,Sambhal,297223,Ajhara,2004
129,Bara Banki,51982,Ajpura,1531
129,Bara Banki,51983,Akan Pur,1531
129,Bara Banki,52565,Akaona,1539
182,Siddharthnagar,267600,Akara,2130
182,Siddharthnagar,87979,Akarahara,2119
181,Shrawasti,87574,Akbar Pur,2113
129,Bara Banki,51693,Akbarpur,1527
129,Bara Banki,52506,Akbarpur,1538
181,Shrawasti,87715,Akbarpur,2115
129,Bara Banki,52044,Akbarpur Dhanethi,1532
182,Siddharthnagar,273850,Akdengwa,2118
129,Bara Banki,52151,Akhaipur,1533
129,Bara Banki,52644,Akhaiya Pur,1540
147,Gonda,297401,Akhdaira,1739
659,Sambhal,297240,Akhtyarpur Taga,2005
182,Siddharthnagar,88503,Akolhiya,2126
179,Bhadohi,86632,Akorha,2096
129,Bara Banki,268493,Aladadpur,1540
129,Bara Banki,51984,Alampur Gyaspur,1531
164,Mahrajganj,76926,Aldahiya Mahdeva,1936
129,Bara Banki,52507,Alinagar,1538
181,Shrawasti,268303,Alinagar,2113
147,Gonda,297475,Alinagar,1735
181,Shrawasti,273838,Alinagar Dharam Nagar,2115
171,Moradabad,297315,Alipur Jeondera,1998
129,Bara Banki,51694,Aliyabad,1527
129,Bara Banki,266872,Allahapur Bharali,1529
129,Bara Banki,52274,Allapur Ranimau,1535
179,Bhadohi,266198,Almau,2093
179,Bhadohi,86328,Alua,2093
129,Bara Banki,268541,Aluwa Mau,1537
164,Mahrajganj,76622,Amahwa,1932
182,Siddharthnagar,270419,Amanankar,2126
178,Sant Kabir Nagar,85759,Amar Dobha,2084
129,Bara Banki,52508,Amara Devi,1538
181,Shrawasti,87575,Amare Bhariya,2113
178,Sant Kabir Nagar,86174,Amarha,2090
181,Shrawasti,266783,Amarhwa,2117
182,Siddharthnagar,88360,Amariya,2124
659,Sambhal,297391,Amarpur,1592
129,Bara Banki,52224,Amarsanda,1533
160,Kushinagar,74867,Amarwa Buzurg,1903
182,Siddharthnagar,88038,Amauli Ikdanga,2120
164,Mahrajganj,76851,Amava,1935
178,Sant Kabir Nagar,85680,Amawa,2083
129,Bara Banki,266914,Amawa,1533
179,Bhadohi,86440,Amawa Khurd,2094
129,Bara Banki,52045,Ambaur,1532
129,Bara Banki,52046,Amdaha,1532
182,Siddharthnagar,88595,Amhat,2127
129,Bara Banki,242781,Amhiya,1525
129,Bara Banki,52275,Amlora,1535
178,Sant Kabir Nagar,271153,Ammadei,2088
147,Gonda,297406,Amodawa,1739
129,Bara Banki,52277,Amoli Kalan,1535
129,Bara Banki,52276,Amoli Kiratpur,1535
164,Mahrajganj,76703,Amra Urf Jhulnipur,1933
129,Bara Banki,52568,Amrai Gaon,1539
164,Mahrajganj,269255,Amroha,1928
164,Mahrajganj,269078,Amsahan,1928
129,Bara Banki,52431,Amserwa,1537
179,Bhadohi,86329,Amva Mafi,2093
181,Shrawasti,87717,Amwa,2115
160,Kushinagar,74060,Amwa Khas,1891
160,Kushinagar,74870,Amwa Mehant,1903
160,Kushinagar,74119,Amwa Sri Dubey,1892
160,Kushinagar,74061,Amwadiger,1891
178,Sant Kabir Nagar,268907,Anaie,2086
179,Bhadohi,86441,Anangpur,2094
160,Kushinagar,74798,Anantpur,1902
129,Bara Banki,268550,Andau Mau,1530
181,Shrawasti,87576,Andhar Purwa,2113
160,Kushinagar,74569,Andhari Bari,1899
160,Kushinagar,74332,Andhya,1895
164,Mahrajganj,270983,Andhya,1935
129,Bara Banki,52434,Andka,1537
182,Siddharthnagar,273970,Anduva Sanichara,2120
129,Bara Banki,52278,Anoop Ganj,1535
178,Sant Kabir Nagar,86176,Antari Nankar,2090
129,Bara Banki,52152,Anwari,1533
182,Siddharthnagar,88167,Aoratal,2122
164,Mahrajganj,270737,Araji Sarkar Urf Bairiyahwa,1932
160,Kushinagar,74447,Arak Pur,1897
164,Mahrajganj,268227,Ardauna,1933
164,Mahrajganj,76544,Arnahavan,1931
182,Siddharthnagar,269696,Arni,2122
182,Siddharthnagar,274065,Arri,2119
129,Bara Banki,268231,Arsanda,1534
129,Bara Banki,52435,Arui,1537
129,Bara Banki,52229,Aruwa,1534
129,Bara Banki,268583,Asada Mau,1537
659,Sambhal,297297,Asagareepur,1994
182,Siddharthnagar,273976,Asanahara Mafi,2120
129,Bara Banki,52436,Asandra,1537
129,Bara Banki,52437,Asauri,1537
129,Bara Banki,51568,Asena,1525
129,Bara Banki,242242,Aseni,1526
178,Sant Kabir Nagar,85819,Asharafpur,2085
178,Sant Kabir Nagar,86238,Asharafpur,2091
129,Bara Banki,269613,Ashokpur,1535
129,Bara Banki,52279,Ashokpur Chachusarai,1535
160,Kushinagar,74120,Asmanpur,1892
182,Siddharthnagar,87910,Asogawa,2118
182,Siddharthnagar,88647,Asogawa,2128
160,Kushinagar,74121,Asogawa Khurd,1892
129,Bara Banki,51831,Asohana,1529
129,Bara Banki,52230,Aswa,1534
178,Sant Kabir Nagar,85681,Ata Kala,2083
129,Bara Banki,268180,Atarsuiya,1534
160,Kushinagar,74449,Atharaha,1897
182,Siddharthnagar,267612,Atkoniya,2130
178,Sant Kabir Nagar,269688,Atraulia Urf Mathia,2088
182,Siddharthnagar,267604,Atri,2130
129,Bara Banki,269883,Atwa,1526
129,Bara Banki,51755,Atwatmau,1528
182,Siddharthnagar,87981,Audahi Kala,2119
178,Sant Kabir Nagar,85820,Aura Dand,2085
182,Siddharthnagar,87982,Aurahawa,2119
178,Sant Kabir Nagar,85682,Aurahi,2083
164,Mahrajganj,76785,Aurahiya,1934
182,Siddharthnagar,88277,Aurahwa,2123
179,Bhadohi,86330,Aurai,2093
181,Shrawasti,87644,Auraia Nidhan,2114
181,Shrawasti,87645,Auraiya Tikai,2114
178,Sant Kabir Nagar,85683,Aurangabad,2083
179,Bhadohi,86331,Aurangabad,2093
164,Mahrajganj,76545,Auratar,1931
182,Siddharthnagar,88169,Ausan Kuiyan,2122
164,Mahrajganj,76786,Ausani,1934
160,Kushinagar,74122,Avarwa Safiganja,1892
129,Bara Banki,51696,Avsher Garh,1527
182,Siddharthnagar,88648,Ayar,2128
659,Sambhal,297230,Azeemabaad,2004
160,Kushinagar,74450,Aziz Nagar,1897
129,Bara Banki,52232,Baans Gaon,1534
164,Mahrajganj,76852,Babhanauli Bujurg,1935
181,Shrawasti,87840,Babhani,2117
182,Siddharthnagar,269398,Babhani,2128
164,Mahrajganj,268535,Babhani Bujurg,1926
147,Gonda,297359,Babhani Sarai,1748
164,Mahrajganj,76489,Babhnauli,1930
178,Sant Kabir Nagar,85822,Babhnauli,2085
164,Mahrajganj,270859,Babhni,1932
182,Siddharthnagar,88170,Babhnimaphi,2122
129,Bara Banki,52645,Babuapur,1540
160,Kushinagar,74947,Babuia Harpur,1904
129,Bara Banki,51569,Baburi Gaon,1525
129,Bara Banki,51756,Baburi Gaon,1528
182,Siddharthnagar,88750,Bachara Bachari,2129
178,Sant Kabir Nagar,86128,Bachchaipur,2089
164,Mahrajganj,76278,Bachgangpur,1926
129,Bara Banki,52050,Bada Gaon,1532
129,Bara Banki,52160,Badagaon,1533
164,Mahrajganj,266980,Badahara Vishwambhapur,1929
178,Sant Kabir Nagar,85684,Badahra,2083
164,Mahrajganj,268445,Badahra Raja,1930
164,Mahrajganj,268713,Badahra Vaidya,1931
179,Bhadohi,266494,Badalipur,2097
129,Bara Banki,51697,Badanpur,1527
129,Bara Banki,52280,Badanpur,1535
659,Sambhal,297244,Badanpur Basai,2005
182,Siddharthnagar,88649,Badauli Kala,2128
178,Sant Kabir Nagar,85823,Badgo,2085
164,Mahrajganj,76853,Badhara Baraipar,1935
182,Siddharthnagar,88043,Badhara Bishunpur,2120
179,Bhadohi,86446,Badhauna,2094
182,Siddharthnagar,273978,Badhaya,2120
129,Bara Banki,51919,Badhna Pur,1530
160,Kushinagar,271786,Badhwaliya Buzurg,1899
178,Sant Kabir Nagar,85761,Badhya,2084
182,Siddharthnagar,88505,Badhya,2126
179,Bhadohi,86447,Badi,2094
147,Gonda,297430,Badkuinya,1750
129,Bara Banki,52512,Bado Sarai,1538
129,Bara Banki,268127,Badshahpur,1534
160,Kushinagar,74123,Badurawa,1892
182,Siddharthnagar,88424,Badurgahna,2125
129,Bara Banki,52652,Badwal,1540
659,Sambhal,297206,Bagadpur Imma,2004
160,Kushinagar,74873,Bagahi,1903
164,Mahrajganj,76987,Bagahi,1937
178,Sant Kabir Nagar,86129,Bagahi,2089
181,Shrawasti,87577,Bagahi,2113
147,Gonda,297269,Bagahi,1740
164,Mahrajganj,76490,Bagapar,1930
182,Siddharthnagar,88172,Bagdihwa,2122
129,Bara Banki,52231,Baghauli,1534
178,Sant Kabir Nagar,85685,Baghauli,2083
129,Bara Banki,52048,Baghaura,1532
178,Sant Kabir Nagar,86239,Baghnagar,2091
182,Siddharthnagar,88651,Baghni Nankar,2128
178,Sant Kabir Nagar,85686,Baghua,2083
160,Kushinagar,271160,Baglaha,1898
181,Shrawasti,274190,Bagnha,2113
147,Gonda,297209,Bagulahi,1740
182,Siddharthnagar,88280,Bagulahwa Grant,2123
181,Shrawasti,87646,Bagwani,2114
659,Sambhal,297219,Bahadarpur Sarai,2004
129,Bara Banki,51632,Bahadur Pur,1526
659,Sambhal,297183,Bahadurnagar,1995
129,Bara Banki,52646,Bahadurpur,1540
160,Kushinagar,74728,Bahadurpur,1901
182,Siddharthnagar,88508,Bahadurpur,2126
164,Mahrajganj,76705,Baharauli,1933
659,Sambhal,297237,Bahaudeenpur,2005
178,Sant Kabir Nagar,85687,Bahilpar,2083
659,Sambhal,297180,Bahjoi Dehat,1995
160,Kushinagar,74570,Bahorapur,1899
164,Mahrajganj,76409,Bahorpur,1929
659,Sambhal,297184,Bahpur Patti Prahalad,1995
178,Sant Kabir Nagar,85824,Bahra Dandi,2085
164,Mahrajganj,76788,Bahrampur,1934
129,Bara Banki,52156,Bahrauli,1533
129,Bara Banki,51579,Bahrela Deeh,1525
160,Kushinagar,74949,Bahu Parna,1904
129,Bara Banki,52647,Bahuta,1540
179,Bhadohi,86735,Bahuta Chakdahi,2097
164,Mahrajganj,268081,Bahuwar Khurd,1933
164,Mahrajganj,76789,Baida,1934
182,Siddharthnagar,267748,Baidauli,2124
147,Gonda,297483,Baidauli,1737
160,Kushinagar,74199,Baidauli Mahua Dih,1893
160,Kushinagar,74571,Baij Nathpur,1899
178,Sant Kabir Nagar,85825,Baij Nathpur,2085
164,Mahrajganj,76491,Baijnath Pur Kala,1930
164,Mahrajganj,76410,Baijnath Urf Charka,1929
164,Mahrajganj,76790,Baijudehra,1934
160,Kushinagar,271294,Baijupatti,1904
164,Mahrajganj,76625,Baikunthpur,1932
178,Sant Kabir Nagar,85826,Baikunthpur,2085
164,Mahrajganj,268339,Baikunthpur,1936
129,Bara Banki,52157,Baina Tikar Har,1533
179,Bhadohi,86332,Baira Khas,2093
147,Gonda,297418,Bairampur,1742
659,Sambhal,297158,Bairi Khera,1996
160,Kushinagar,74800,Bairia,1902
164,Mahrajganj,76854,Bairiya,1935
164,Mahrajganj,76411,Bairwa Bankatwa,1929
164,Mahrajganj,76412,Bairwa Chandanpur,1929
164,Mahrajganj,76413,Bairwa Jungle,1929
164,Mahrajganj,76328,Baisar,1927
129,Bara Banki,266926,Baisara,1529
164,Mahrajganj,76855,Baiswar,1935
164,Mahrajganj,76707,Baithavaliya,1933
182,Siddharthnagar,88128,Bajaha,2121
164,Mahrajganj,76708,Bajaha Urf Ahirauli,1933
164,Mahrajganj,76709,Bajahi,1933
129,Bara Banki,52158,Bajgahani,1533
178,Sant Kabir Nagar,269399,Bajhara,2091
129,Bara Banki,268091,Bajpur,1525
182,Siddharthnagar,88283,Bajrabhari,2123
164,Mahrajganj,76280,Bajraha Sonbarsa,1926
178,Sant Kabir Nagar,268090,Bakaha,2083
182,Siddharthnagar,88425,Bakainia,2125
164,Mahrajganj,76414,Bakainia Harriya,1929
178,Sant Kabir Nagar,85688,Bakar Ganj,2083
147,Gonda,297214,Bakharawa,1740
147,Gonda,297421,Bakhriha,1742
181,Shrawasti,87842,Bakwa,2117
164,Mahrajganj,76710,Balahi Khor,1933
178,Sant Kabir Nagar,85828,Balampur,2085
181,Shrawasti,87843,Balanpur Basantpur,2117
129,Bara Banki,51987,Balchhat,1531
160,Kushinagar,74572,Baldiha,1899
178,Sant Kabir Nagar,85762,Balepar,2084
164,Mahrajganj,267165,Bali,1933
129,Bara Banki,268563,Bali Gerawan,1530
160,Kushinagar,74124,Baliawa,1892
160,Kushinagar,74950,Balkudia,1904
659,Sambhal,297173,Ballampur,1995
129,Bara Banki,268579,Ballasainkhera,1540
164,Mahrajganj,76989,Ballokhash,1937
129,Bara Banki,269603,Ballupur,1539
160,Kushinagar,74874,Balua Shamsher Shahi,1903
160,Kushinagar,271460,Balua Takia,1903
178,Sant Kabir Nagar,85690,Balusasan,2083
182,Siddharthnagar,273878,Baluva,2118
147,Gonda,297363,Baluwa Kakra,1748
160,Kushinagar,271255,Baluwa Rampur Sripal,1902
147,Gonda,297376,Balwant Nagar,1748
182,Siddharthnagar,269829,Bamdei,2120
129,Bara Banki,273310,Bamhanwa,1539
129,Bara Banki,52446,Bamhaura Lodi,1537
129,Bara Banki,51923,Bamhrauli,1530
129,Bara Banki,51833,Banar,1529
129,Bara Banki,52571,Banarki,1539
178,Sant Kabir Nagar,86178,Banauli,2090
160,Kushinagar,74876,Banbeera,1903
129,Bara Banki,51988,Bandagi Pur,1531
129,Bara Banki,52159,Bandaginagar,1533
659,Sambhal,297330,Bandari Kamalgarh,1586
164,Mahrajganj,268666,Bandha,1926
178,Sant Kabir Nagar,86043,Bandhopur,2088
160,Kushinagar,74512,Bandhwa,1898
182,Siddharthnagar,88291,Banduari,2123
178,Sant Kabir Nagar,85975,Bandumar,2087
178,Sant Kabir Nagar,86179,Banethu,2090
129,Bara Banki,51698,Bangaawan,1527
160,Kushinagar,74801,Bangradeuar,1902
182,Siddharthnagar,88428,Banjaraha Buzurg,2125
129,Bara Banki,266956,Banjaria,1539
178,Sant Kabir Nagar,269257,Banjaria,2090
178,Sant Kabir Nagar,85691,Banjariya,2083
160,Kushinagar,74731,Banka Khas,1901
179,Bhadohi,86549,Bankat Khas,2095
160,Kushinagar,74125,Bankata Bazar,1892
164,Mahrajganj,76927,Bankati,1936
164,Mahrajganj,271218,Bankatia,1935
182,Siddharthnagar,88431,Bankegaon,2125
182,Siddharthnagar,88366,Banki,2124
129,Bara Banki,52572,Banmau,1539
178,Sant Kabir Nagar,86240,Banni,2091
129,Bara Banki,51834,Banni Sulemabad,1529
129,Bara Banki,52049,Bansa,1532
160,Kushinagar,74732,Banwaria,1901
179,Bhadohi,266303,Banwaripur,2093
179,Bhadohi,86551,Baragaon,2095
164,Mahrajganj,76281,Barago,1926
178,Sant Kabir Nagar,85692,Barago,2083
160,Kushinagar,74127,Barahara,1892
164,Mahrajganj,76493,Barahara,1930
164,Mahrajganj,76929,Barahara Kannhi,1936
164,Mahrajganj,76494,Barahara Rani,1930
182,Siddharthnagar,88655,Barahpur,2128
160,Kushinagar,74951,Barahra,1904
178,Sant Kabir Nagar,268284,Barainia,2084
147,Gonda,297435,Baraipara,1750
164,Mahrajganj,76992,Baraipurwan Urf Gauri,1937
129,Bara Banki,242776,Baraiya,1539
160,Kushinagar,74065,Barampur,1891
178,Sant Kabir Nagar,268752,Baranw,2085
182,Siddharthnagar,88432,Baranwar,2125
129,Bara Banki,51635,Baraoli,1526
147,Gonda,297322,Bararai,1746
178,Sant Kabir Nagar,86044,Barauli,2088
129,Bara Banki,51990,Barauli Malik,1531
129,Bara Banki,52514,Barauliya,1538
164,Mahrajganj,76546,Barava Raja,1931
129,Bara Banki,51921,Baravan,1530
179,Bhadohi,86636,Baravapur Tiwaripur,2096
129,Bara Banki,266979,Barawa,1529
164,Mahrajganj,76348,Barawa Chmaniya,1928
129,Bara Banki,51989,Barayan,1531
129,Bara Banki,51757,Barbaas,1528
147,Gonda,297396,Bardaha,1738
182,Siddharthnagar,273906,Bardahi Nankar,2118
164,Mahrajganj,76329,Bardar,1927
179,Bhadohi,86450,Bardha,2094
147,Gonda,297233,Bareilly,1740
129,Bara Banki,51758,Barethi,1528
182,Siddharthnagar,273874,Bargadava,2118
164,Mahrajganj,76349,Bargadawa Madhopur,1928
164,Mahrajganj,76350,Bargadhi,1928
164,Mahrajganj,76626,Bargadwa,1932
178,Sant Kabir Nagar,86130,Bargadwa,2089
164,Mahrajganj,76416,Bargadwa Ayodhya,1929
164,Mahrajganj,76417,Bargadwa Bishunpur,1929
178,Sant Kabir Nagar,85765,Bargadwa Kala,2084
164,Mahrajganj,266892,Bargadwa Madhubani,1929
164,Mahrajganj,268010,Bargadwa Ramsahai,1936
164,Mahrajganj,270742,Bargadwa Urf Ganwariya,1932
164,Mahrajganj,76330,Bargahpur,1927
160,Kushinagar,74577,Bargaon,1899
160,Kushinagar,271182,Bargha,1898
178,Sant Kabir Nagar,269235,Barghat,2090
181,Shrawasti,87720,Bargi Barga,2115
164,Mahrajganj,76627,Barhara,1932
164,Mahrajganj,76712,Barhara Chargaha,1933
164,Mahrajganj,76548,Barhara Meer,1931
164,Mahrajganj,76418,Barhara Shivnath,1929
182,Siddharthnagar,87914,Barharghat,2118
129,Bara Banki,51699,Barhuwaan,1527
178,Sant Kabir Nagar,85693,Barhya,2083
178,Sant Kabir Nagar,85980,Barhya,2087
178,Sant Kabir Nagar,86242,Barhya Mafi,2091
178,Sant Kabir Nagar,85830,Baridiha,2085
179,Bhadohi,86335,Barigaon,2093
164,Mahrajganj,76283,Barihari,1926
182,Siddharthnagar,88512,Barikpar,2126
164,Mahrajganj,76860,Bariyar Pur,1935
164,Mahrajganj,76331,Barjee,1927
179,Bhadohi,86737,Barmohni,2097
164,Mahrajganj,76628,Barnahwa,1932
164,Mahrajganj,268750,Barohiya,1931
178,Sant Kabir Nagar,85831,Barparwa,2085
178,Sant Kabir Nagar,271742,Barri,2086
160,Kushinagar,74454,Bartha,1897
164,Mahrajganj,76861,Barvan Urf Siyarahibhar,1935
129,Bara Banki,269882,Barvasauli,1531
160,Kushinagar,74334,Barwa Bazar,1895
160,Kushinagar,74201,Barwa Chhatardas,1893
164,Mahrajganj,76496,Barwa Fahim,1930
164,Mahrajganj,76630,Barwa Kala,1932
164,Mahrajganj,76995,Barwa Kala,1937
160,Kushinagar,74579,Barwa Kalan,1899
179,Bhadohi,86451,Barwa Khas,2094
164,Mahrajganj,76351,Barwa Khurd,1928
164,Mahrajganj,270899,Barwa Khurd,1932
160,Kushinagar,74877,Barwa Rajapakar,1903
160,Kushinagar,271643,Barwa Sukdev,1903
164,Mahrajganj,76996,Barwa Vidyapati,1937
160,Kushinagar,271267,Barwapurdil,1904
182,Siddharthnagar,87986,Basahiya,2119
164,Mahrajganj,76862,Basahiya Bujurg,1935
164,Mahrajganj,76863,Basahiya Khurd,1935
129,Bara Banki,51835,Basantpur,1529
164,Mahrajganj,76352,Basantpur,1928
164,Mahrajganj,76419,Basantpur,1929
182,Siddharthnagar,87987,Basantpur,2119
129,Bara Banki,268584,Basantpur,1537
182,Siddharthnagar,270293,Basantpur,2123
182,Siddharthnagar,273869,Basantpur,2118
164,Mahrajganj,76550,Basantpur Khurd,1931
129,Bara Banki,52574,Basantpur Manjhara,1539
164,Mahrajganj,76551,Basantpur Raja,1931
171,Moradabad,297241,Basantpur Ramrai,2002
147,Gonda,297325,Basantpur Tiwari,1746
129,Bara Banki,51836,Basara,1529
129,Bara Banki,52161,Basara,1533
129,Bara Banki,52576,Basari,1539
129,Bara Banki,52575,Basauli,1539
182,Siddharthnagar,88754,Basauni,2129
179,Bhadohi,86452,Basawanpur,2094
182,Siddharthnagar,88858,Basawanpur,2131
181,Shrawasti,87580,Basbhariya Puraina,2113
182,Siddharthnagar,88177,Basdeliya,2122
182,Siddharthnagar,269628,Basdiha Modinankar,2122
160,Kushinagar,74952,Basdila,1904
164,Mahrajganj,76997,Basdila,1937
182,Siddharthnagar,88433,Basdila,2125
160,Kushinagar,74733,Basdila Buzurg,1901
160,Kushinagar,74734,Basdila Gunagar,1901
160,Kushinagar,74735,Basdila Khurd,1901
160,Kushinagar,74878,Basdila Pandey,1903
160,Kushinagar,74580,Bashia Banbirpur,1899
164,Mahrajganj,76353,Baspar,1928
129,Bara Banki,51636,Basti,1526
147,Gonda,297270,Basti,1740
182,Siddharthnagar,274030,Basti Bargadava,2120
178,Sant Kabir Nagar,86243,Basti Basta,2091
182,Siddharthnagar,88601,Bastiya,2127
164,Mahrajganj,76552,Basvar,1931
178,Sant Kabir Nagar,85832,Baswari Gaon,2085
164,Mahrajganj,76420,Bataidiha,1929
160,Kushinagar,74581,Batar Dera,1899
160,Kushinagar,74336,Batesara,1895
129,Bara Banki,51837,Batiya,1529
129,Bara Banki,52577,Batnera,1539
160,Kushinagar,74582,Batrauli,1899
178,Sant Kabir Nagar,268313,Batsara,2084
129,Bara Banki,242782,Batthauli,1525
182,Siddharthnagar,274037,Baunajot,2120
164,Mahrajganj,76553,Bauniya Raja,1931
178,Sant Kabir Nagar,85901,Bayara,2086
182,Siddharthnagar,88178,Bayara,2122
182,Siddharthnagar,88179,Bayatal,2122
164,Mahrajganj,76931,Bazardiha,1936
171,Moradabad,297346,Bazidpur Tigri,1997
129,Bara Banki,52438,Bedhari,1537
160,Kushinagar,271452,Bedupar Ahatmali,1901
129,Bara Banki,51927,Beejapur,1530
129,Bara Banki,269879,Beeje Mau,1526
129,Bara Banki,51700,Beekapur,1527
171,Moradabad,297217,Begampur,2002
129,Bara Banki,52282,Behata,1535
129,Bara Banki,51986,Behlolpur,1531
129,Bara Banki,51922,Behta,1530
129,Bara Banki,52051,Behta,1532
160,Kushinagar,74128,Beili,1892
164,Mahrajganj,268528,Beiliya,1930
179,Bhadohi,86339,Bejavan,2093
164,Mahrajganj,268617,Bela,1926
164,Mahrajganj,76631,Belahiya,1932
182,Siddharthnagar,88755,Belatikar,2129
164,Mahrajganj,268651,Belauhi,1926
182,Siddharthnagar,88436,Belaukh,2125
178,Sant Kabir Nagar,85982,Belauli,2087
182,Siddharthnagar,88437,Belbanwa,2125
164,Mahrajganj,266941,Belbhar,1929
164,Mahrajganj,76554,Belbhariya,1931
164,Mahrajganj,76999,Belbhariya,1937
178,Sant Kabir Nagar,86048,Belduha,2088
182,Siddharthnagar,269528,Belgadi,2128
181,Shrawasti,87581,Belha Raghav,2113
129,Bara Banki,52650,Belhari,1540
181,Shrawasti,87845,Belhari,2117
182,Siddharthnagar,88284,Belhasa (Pali),2123
182,Siddharthnagar,88285,Belhasa (Sikri),2123
179,Bhadohi,267401,Belhua,2095
129,Bara Banki,52235,Belkhara,1534
178,Sant Kabir Nagar,85834,Belma,2085
178,Sant Kabir Nagar,85902,Belpokhari,2086
129,Bara Banki,242783,Belpur,1525
164,Mahrajganj,76864,Belrai,1935
178,Sant Kabir Nagar,86050,Belrai,2088
181,Shrawasti,87776,Belri,2116
164,Mahrajganj,76332,Belsar,1927
164,Mahrajganj,76792,Beltikra,1934
164,Mahrajganj,76865,Belva Bujurg,1935
178,Sant Kabir Nagar,269695,Belwa,2088
160,Kushinagar,74129,Belwa Alamdas,1892
164,Mahrajganj,76422,Belwa Bujurg,1929
160,Kushinagar,74807,Belwa Buzurg,1902
164,Mahrajganj,76497,Belwa Kaji,1930
160,Kushinagar,74808,Belwa Khurd,1902
164,Mahrajganj,76423,Belwa Khurd,1929
164,Mahrajganj,268730,Belwa Khurd,1931
182,Siddharthnagar,88439,Belwa Lagunhi,2125
178,Sant Kabir Nagar,269277,Belwa Mishra,2090
160,Kushinagar,74456,Belwa Sudama,1897
178,Sant Kabir Nagar,85769,Belwa Thakurai,2084
164,Mahrajganj,76355,Belwa Tikar,1928
164,Mahrajganj,76793,Beniganj,1934
147,Gonda,297277,Benipur,1740
129,Bara Banki,269877,Beri,1532
659,Sambhal,297182,Berikhera,1995
129,Bara Banki,52283,Beriya,1535
179,Bhadohi,86554,Berwa Paharpur Uparwar,2095
160,Kushinagar,74953,Betia,1904
182,Siddharthnagar,273981,Betnar Mustakam,2120
129,Bara Banki,51993,Bhaanmau,1531
179,Bhadohi,86340,Bhabhaura,2093
182,Siddharthnagar,88808,Bhad Mustahkam,2130
182,Siddharthnagar,273880,Bhadahi Urf Misrauliya,2118
181,Shrawasti,87650,Bhadaura,2114
182,Siddharthnagar,88757,Bhadehar Grant,2129
129,Bara Banki,52162,Bhadesiya,1533
182,Siddharthnagar,88288,Bhadokhar,2123
129,Bara Banki,52163,Bhadraas,1533
147,Gonda,297417,Bhagahariya Bhagwanpur,1742
164,Mahrajganj,76555,Bhagatar,1931
164,Mahrajganj,76632,Bhagatpurwa,1932
178,Sant Kabir Nagar,85770,Bhagausa,2084
182,Siddharthnagar,273861,Bhagautapur East,2118
182,Siddharthnagar,273879,Bhagautapur North,2118
178,Sant Kabir Nagar,86051,Bhagautipur,2088
160,Kushinagar,74737,Bhagawanpur,1901
164,Mahrajganj,76633,Bhagawanpur,1932
182,Siddharthnagar,88182,Bhaggo Bhar,2122
182,Siddharthnagar,88602,Bhagta,2127
659,Sambhal,297383,Bhagta Nagala,1592
178,Sant Kabir Nagar,85905,Bhagthan,2086
178,Sant Kabir Nagar,85696,Bhagthi,2083
178,Sant Kabir Nagar,85697,Bhagvanpur,2083
164,Mahrajganj,76932,Bhagwan Pur,1936
129,Bara Banki,51992,Bhagwanpur,1531
160,Kushinagar,74809,Bhagwanpur,1902
164,Mahrajganj,76424,Bhagwanpur,1929
179,Bhadohi,266462,Bhagwanpur Kalakhurd,2096
160,Kushinagar,74811,Bhagwanpur Khurd,1902
164,Mahrajganj,76556,Bhagwanpur Urf Bhulna,1931
179,Bhadohi,86638,Bhagwas,2096
179,Bhadohi,86455,Bhagwati Daspur,2094
160,Kushinagar,74340,Bhainsa,1895
178,Sant Kabir Nagar,85984,Bhainsa Mafi,2087
129,Bara Banki,52284,Bhainsuriya,1535
129,Bara Banki,52578,Bhairampur,1539
178,Sant Kabir Nagar,85836,Bhaisa Khoot,2085
178,Sant Kabir Nagar,269707,Bhaisahi Urf Bhainswaria,2088
164,Mahrajganj,76425,Bhaisahiya,1929
129,Bara Banki,267406,Bhaisuriya,1538
129,Bara Banki,51840,Bhaisuriya Mujahidpur,1529
182,Siddharthnagar,88441,Bhakha,2125
160,Kushinagar,74459,Bhaluha,1897
181,Shrawasti,87583,Bhaluhiya Dasaudhi,2113
182,Siddharthnagar,269597,Bhalukoni Japti,2122
182,Siddharthnagar,88185,Bhalukooni,2122
129,Bara Banki,51638,Bhanauli,1526
181,Shrawasti,87722,Bhangha,2115
178,Sant Kabir Nagar,269404,Bhangura Ahirani,2091
160,Kushinagar,74131,Bhanpur,1892
182,Siddharthnagar,273957,Bhanpur Masjidiya,2122
182,Siddharthnagar,88188,Bhanpur Rani,2122
179,Bhadohi,86344,Bharatpur,2093
179,Bhadohi,86557,Bharatpur Baragaon,2095
164,Mahrajganj,76867,Bhargavan Urf Laxmipur,1935
129,Bara Banki,51574,Bharhe Mau,1525
182,Siddharthnagar,88603,Bharmi,2127
147,Gonda,297492,Bharsada,1739
160,Kushinagar,74132,Bharsarwa,1892
181,Shrawasti,87848,Bhartha Kalan,2117
181,Shrawasti,87849,Bhartha Roshan Gharh,2117
129,Bara Banki,267400,Bharthi Pur,1538
147,Gonda,297484,Bharthipur,1737
178,Sant Kabir Nagar,269544,Bharthua,2087
178,Sant Kabir Nagar,85838,Bharwal Parbata,2085
160,Kushinagar,74205,Bharwalia,1893
178,Sant Kabir Nagar,268328,Bharwalia Baboo,2084
178,Sant Kabir Nagar,86244,Bharwalia Budhan,2091
164,Mahrajganj,76719,Bharwaliya,1933
129,Bara Banki,51759,Bhatehata,1528
129,Bara Banki,51924,Bhatgavan,1530
164,Mahrajganj,76868,Bhatgavan Urf Tarkulva,1935
182,Siddharthnagar,88191,Bhatgawa,2122
182,Siddharthnagar,88516,Bhatgawan,2126
160,Kushinagar,74133,Bhathahi Buzurg,1892
160,Kushinagar,74134,Bhathahi Daria Tola,1892
160,Kushinagar,74135,Bhathahi Khurd,1892
160,Kushinagar,74136,Bhathawa,1892
178,Sant Kabir Nagar,85909,Bhatpar,2086
178,Sant Kabir Nagar,86245,Bhatpara,2091
179,Bhadohi,267527,Bhatpurwa,2093
147,Gonda,297437,Bhatpurwa,1750
147,Gonda,297453,Bhatpurwa,1736
181,Shrawasti,268808,Bhatpurwkla,2113
129,Bara Banki,52439,Bhatthiya,1537
160,Kushinagar,74586,Bhatwalia,1899
179,Bhadohi,266504,Bhauthar,2092
129,Bara Banki,51576,Bhavaniyapur Khewli,1525
179,Bhadohi,86558,Bhavapur N. Baragaon,2095
182,Siddharthnagar,273852,Bhavari,2118
160,Kushinagar,74738,Bhavpur,1901
182,Siddharthnagar,88289,Bhavpur,2123
178,Sant Kabir Nagar,85699,Bhawani Gara,2083
164,Mahrajganj,76794,Bhawanipur,1934
164,Mahrajganj,76934,Bhawantnagar,1936
659,Sambhal,297381,Bhawawala,1592
179,Bhadohi,266211,Bhawnath Patti,2093
182,Siddharthnagar,88660,Bhawpur,2128
182,Siddharthnagar,87990,Bhawpur Urf Gulari,2119
129,Bara Banki,52052,Bhayara,1532
178,Sant Kabir Nagar,85771,Bhedaura Pikaura,2084
129,Bara Banki,52440,Bhediya,1537
164,Mahrajganj,76720,Bhediya,1933
178,Sant Kabir Nagar,268911,Bheeti Hardo,2086
178,Sant Kabir Nagar,85772,Bhela Kharg Kala,2084
129,Bara Banki,268072,Bhenduva Brahmanan,1525
129,Bara Banki,268626,Bhetmuwa,1530
171,Moradabad,297294,Bhikanpur Baga,2001
178,Sant Kabir Nagar,268350,Bhikha Dand,2084
147,Gonda,297433,Bhikhampur,1750
181,Shrawasti,87652,Bhikharipur Masahi,2114
181,Shrawasti,87850,Bhikhpur Tarai,2117
129,Bara Banki,51925,Bhikhra,1530
129,Bara Banki,52648,Bhilwal,1540
179,Bhadohi,86743,Bhim Senpur,2097
178,Sant Kabir Nagar,86055,Bhin Khoini Khurd,2088
160,Kushinagar,74588,Bhisvalala,1899
164,Mahrajganj,76498,Bhiswa,1930
160,Kushinagar,74813,Bhiswa Mathia Dinrao,1902
182,Siddharthnagar,274004,Bhita Nankar,2120
164,Mahrajganj,76360,Bhitauli,1928
129,Bara Banki,51760,Bhitauli Khurd,1528
129,Bara Banki,51926,Bhitaura,1530
129,Bara Banki,52441,Bhitaura Lakhan,1537
129,Bara Banki,269555,Bhithaura,1535
178,Sant Kabir Nagar,85773,Bhitia,2084
178,Sant Kabir Nagar,85990,Bhitia Kalan,2087
182,Siddharthnagar,270383,Bhitiya,2126
182,Siddharthnagar,88605,Bhitpara,2127
129,Bara Banki,52649,Bhitri,1540
129,Bara Banki,272985,Bhitura,1526
659,Sambhal,297323,Bhojarajpur,1586
659,Sambhal,297321,Bhojpur,1586
147,Gonda,297356,Bholajot,1748
171,Moradabad,297224,Bhoor,2000
171,Moradabad,297312,Bhoora,1998
171,Moradabad,297308,Bhoorabaas,1998
147,Gonda,297332,Bhopalpur,1748
182,Siddharthnagar,88290,Bhoplapur,2123
164,Mahrajganj,272492,Bhotaha,1929
164,Mahrajganj,268169,Bhotha,1933
182,Siddharthnagar,88662,Bhrthna,2128
147,Gonda,297491,Bhudkudi,1748
129,Bara Banki,51639,Bhuhera,1526
160,Kushinagar,271260,Bhui Sohara,1904
178,Sant Kabir Nagar,85911,Bhujaini,2086
182,Siddharthnagar,273851,Bhujrai,2118
160,Kushinagar,74739,Bhuli Agarwa,1901
179,Bhadohi,86642,Bhuraki,2096
179,Bhadohi,86643,Bhusaula,2096
182,Siddharthnagar,274047,Bhusaulamafi,2127
164,Mahrajganj,76361,Bhuwana,1928
164,Mahrajganj,76362,Bhuwani,1928
129,Bara Banki,267392,Bibia Pur,1527
129,Bara Banki,52443,Bibipur,1537
129,Bara Banki,52445,Bibiyapur Ghat,1537
147,Gonda,297394,Bibiyapur Gonsai,1738
129,Bara Banki,52444,Bibiyapur Thana,1537
659,Sambhal,297313,Bichapuri Sailab,1586
158,Kaushambi,299393,Bichhaura,1875
125,Bahraich,302484,Bichhia,1483
179,Bhadohi,86560,Bichhiya,2095
129,Bara Banki,52340,Bichhlakha,1535
160,Kushinagar,74068,Bichpatwa,1891
181,Shrawasti,87586,Biduhni,2113
178,Sant Kabir Nagar,86247,Bigra Aual,2091
178,Sant Kabir Nagar,86248,Bigrameer,2091
160,Kushinagar,74884,Bihar Buzurg,1903
160,Kushinagar,74885,Bihar Khurd,1903
147,Gonda,297465,Bihata Halbal,1743
179,Bhadohi,86744,Bihiyapur,2097
129,Bara Banki,51842,Bihura,1529
160,Kushinagar,74814,Bijai Kaf,1902
160,Kushinagar,74069,Bijaipur Dakhin Patti,1891
160,Kushinagar,74070,Bijaipur Uttar Patti,1891
171,Moradabad,297258,Bijayrampur,2006
129,Bara Banki,52580,Bijhla,1539
179,Bhadohi,266373,Bijla,2094
129,Bara Banki,269876,Bikar,1528
129,Bara Banki,52515,Bikauli,1538
129,Bara Banki,51844,Bilauli Hazratpur,1529
129,Bara Banki,51843,Bilauli Mahraj,1529
129,Bara Banki,51703,Bilhari Babuapur,1527
171,Moradabad,297365,Binawala,2003
129,Bara Banki,52581,Bindaura Dharthariya,1539
129,Bara Banki,52288,Bindaura Paraspur,1535
129,Bara Banki,268606,Bira Pur,1537
164,Mahrajganj,76363,Biracha,1928
164,Mahrajganj,76364,Birachi,1928
129,Bara Banki,52516,Birauli,1538
182,Siddharthnagar,88133,Birdpur N0.11,2121
182,Siddharthnagar,88135,Birdpur No.10,2121
182,Siddharthnagar,88136,Birdpur No.13,2121
182,Siddharthnagar,88759,Birdpur No.14,2129
182,Siddharthnagar,88137,Birdpur No.2,2121
182,Siddharthnagar,88138,Birdpur No.4,2121
182,Siddharthnagar,88139,Birdpur No.5,2121
182,Siddharthnagar,88140,Birdpur No.6,2121
182,Siddharthnagar,88141,Birdpur No.7,2121
182,Siddharthnagar,88144,Birdpur No3,2121
182,Siddharthnagar,88145,Birdpurno.1,2121
181,Shrawasti,87851,Birpur Bagahi,2117
182,Siddharthnagar,273693,Birpur Ratanpur,2122
160,Kushinagar,74740,Birwat Komwalia,1901
129,Bara Banki,52164,Bisai,1533
178,Sant Kabir Nagar,85991,Bisauwa,2087
179,Bhadohi,86457,Bishapur,2094
160,Kushinagar,74137,Bishun Pura,1892
181,Shrawasti,87853,Bishunapur Padvaliya,2117
182,Siddharthnagar,88607,Bishunpur,2127
160,Kushinagar,74071,Bishunpur Baria Patti,1891
164,Mahrajganj,76426,Bishunpur Fulwaria,1929
164,Mahrajganj,76365,Bishunpur Gaburuya,1928
164,Mahrajganj,76427,Bishunpur Kurthiya,1929
160,Kushinagar,267095,Bishunpur Raja,1892
164,Mahrajganj,76634,Bishunpura,1932
160,Kushinagar,74957,Bishunpura Buzurg,1904
178,Sant Kabir Nagar,85912,Bishwa Nathpur Kala,2086
164,Mahrajganj,76635,Biskhop,1932
181,Shrawasti,87587,Bisunapur,2113
164,Mahrajganj,76284,Bisunpur Adrauna,1926
181,Shrawasti,268931,Bisunpurramnagar,2117
182,Siddharthnagar,88663,Bisunpurwa,2128
178,Sant Kabir Nagar,85913,Bisya Hannu,2086
179,Bhadohi,86346,Bitthalpur,2093
129,Bara Banki,52286,Bitthaura,1535
164,Mahrajganj,76721,Bodna,1933
182,Siddharthnagar,87991,Bohali,2119
129,Bara Banki,51994,Boja,1531
164,Mahrajganj,267107,Bokwa,1929
182,Siddharthnagar,274044,Buda,2121
182,Siddharthnagar,88809,Budapar,2130
164,Mahrajganj,76869,Buddhirampur,1935
182,Siddharthnagar,88054,Buddikhas,2120
178,Sant Kabir Nagar,86249,Budha Kalan,2091
178,Sant Kabir Nagar,86250,Budhan Nagar,2091
129,Bara Banki,52165,Budhana,1533
182,Siddharthnagar,267747,Budhaniya,2124
129,Bara Banki,52290,Budheda,1535
129,Bara Banki,52582,Budhgaura,1539
182,Siddharthnagar,273988,Budhiya Tayar,2120
129,Bara Banki,52651,Budhnapur,1540
129,Bara Banki,52053,Budhwara,1532
147,Gonda,297470,Bukkanpur,1735
164,Mahrajganj,76724,Burhadih Khurd,1933
129,Bara Banki,52291,Burhwal,1535
181,Shrawasti,87854,Buthar,2117
164,Mahrajganj,76636,Chadlaha,1932
160,Kushinagar,74072,Chaf,1891
178,Sant Kabir Nagar,86251,Chagera Mangera,2091
182,Siddharthnagar,88292,Chagrihwa,2123
178,Sant Kabir Nagar,86252,Chaie Kalan,2091
129,Bara Banki,267382,Chaila,1538
181,Shrawasti,273793,Chailahi,2117
160,Kushinagar,74138,Chainpur,1892
164,Mahrajganj,77002,Chainpur,1937
179,Bhadohi,86347,Chak Beera,2093
179,Bhadohi,86459,Chak Bhuidhar,2094
160,Kushinagar,74516,Chak Chintaman,1898
179,Bhadohi,266826,Chak Gumani,2092
171,Moradabad,297276,Chak Hamidpur,1999
179,Bhadohi,267441,Chak Harivansh Bhatan,2094
179,Bhadohi,266229,Chak Jurawan,2093
179,Bhadohi,86645,Chak Kishundas,2096
171,Moradabad,297337,Chak Lohra,1997
182,Siddharthnagar,88195,Chak Majhari,2122
179,Bhadohi,86349,Chak Niranjan,2093
179,Bhadohi,266475,Chak Sahab,2096
179,Bhadohi,86647,Chak Sundar,2096
179,Bhadohi,266452,Chak Todar,2096
171,Moradabad,297348,Chakarpur,1997
129,Bara Banki,51928,Chakaura,1530
182,Siddharthnagar,88196,Chakchai,2122
164,Mahrajganj,76637,Chakdah,1932
160,Kushinagar,74343,Chakdaiya,1895
160,Kushinagar,271646,Chakhani Dukhi Mishra,1903
160,Kushinagar,74887,Chakhani Khas,1903
160,Kushinagar,74519,Chakhnipuran Chhapra,1898
160,Kushinagar,74590,Chakia,1899
178,Sant Kabir Nagar,86133,Chakia,2089
152,Jaunpur,299246,Chakmahan,1822
147,Gonda,297441,Chakpan,1750
181,Shrawasti,268792,Chakrabhandar,2113
129,Bara Banki,51995,Chaksar,1531
152,Jaunpur,299260,Chaktali,1823
181,Shrawasti,87727,Chakwa,2115
659,Sambhal,297384,Chamarpura,1592
178,Sant Kabir Nagar,86253,Chamarsan,2091
182,Siddharthnagar,274153,Champapur,2119
129,Bara Banki,51705,Chamrauli,1527
179,Bhadohi,267446,Chanaipur,2094
182,Siddharthnagar,88760,Chanar Gaddi,2129
182,Siddharthnagar,274070,Chandai,2119
659,Sambhal,297169,Chandan Kati Chuha,1995
178,Sant Kabir Nagar,268130,Chandani,2083
164,Mahrajganj,268527,Chandanpur,1926
178,Sant Kabir Nagar,271159,Chandapar,2088
129,Bara Banki,269873,Chandauli,1528
178,Sant Kabir Nagar,86134,Chandauli Mafi,2089
178,Sant Kabir Nagar,268917,Chandhar,2086
179,Bhadohi,266430,Chandi Gahna,2094
178,Sant Kabir Nagar,85703,Chandideeha,2083
129,Bara Banki,52292,Chandnapur,1535
129,Bara Banki,52584,Chandoora,1539
147,Gonda,297457,Chandpur Durga,1743
129,Bara Banki,52583,Chandra Sihali,1539
147,Gonda,297478,Chandradeep Ghat,1735
160,Kushinagar,74888,Chandravta,1903
147,Gonda,297427,Chandsuha,1749
129,Bara Banki,52448,Chandupur,1537
129,Bara Banki,267204,Chandwal,1529
129,Bara Banki,52054,Chandwara,1532
129,Bara Banki,51581,Chaori Aladadpur,1525
178,Sant Kabir Nagar,85839,Chapara Purbi,2085
160,Kushinagar,74889,Chappra Ahirauli,1903
160,Kushinagar,74208,Chara Gaha,1893
182,Siddharthnagar,274073,Charigava,2119
182,Siddharthnagar,88665,Charthari,2128
171,Moradabad,297211,Chatkali,2000
182,Siddharthnagar,273884,Chatva,2118
129,Bara Banki,51930,Chaubeesi,1530
160,Kushinagar,74073,Chaubia Patkhauli,1891
164,Mahrajganj,266790,Chauka,1927
182,Siddharthnagar,88197,Chaukaniya,2122
129,Bara Banki,52517,Chaukhandi,1538
164,Mahrajganj,76366,Chaumukha,1928
160,Kushinagar,271781,Chauparia,1899
160,Kushinagar,271676,Chaura Dheerpatti,1899
178,Sant Kabir Nagar,86135,Chaura Kala,2089
160,Kushinagar,74139,Chaura Ram Tawakalshahi,1892
178,Sant Kabir Nagar,85704,Chauri,2083
182,Siddharthnagar,88447,Chauri Khurd,2125
160,Kushinagar,271839,Chawarhi Urf Anjahi,1900
164,Mahrajganj,76935,Chawtarwa,1936
181,Shrawasti,268919,Chaypurwa,2117
129,Bara Banki,51640,Chcharoova,1526
182,Siddharthnagar,88293,Chechraf Buzurg,2123
181,Shrawasti,87656,Chetia Murar,2114
182,Siddharthnagar,273915,Chetiyava,2118
179,Bhadohi,266436,Chetnipur,2094
178,Sant Kabir Nagar,86254,Cheutana,2091
147,Gonda,297166,Chhachhpara Muttwalli,1741
178,Sant Kabir Nagar,85705,Chhadana,2083
160,Kushinagar,74890,Chhahun,1903
179,Bhadohi,86750,Chhanaura,2097
129,Bara Banki,52653,Chhandrauli,1540
178,Sant Kabir Nagar,86255,Chhanguria,2091
178,Sant Kabir Nagar,85775,Chhapawa,2084
178,Sant Kabir Nagar,269411,Chhapia Anand Rai,2091
178,Sant Kabir Nagar,86256,Chhapia Chhitauna,2091
178,Sant Kabir Nagar,86257,Chhapia Mafi,2091
160,Kushinagar,74818,Chhapiya,1902
164,Mahrajganj,76871,Chhapiya,1935
178,Sant Kabir Nagar,86136,Chhapra Maghrabi,2089
164,Mahrajganj,76638,Chhapwa,1932
178,Sant Kabir Nagar,85706,Chharachh,2083
178,Sant Kabir Nagar,86258,Chhata,2091
129,Bara Banki,52449,Chhatauni,1537
129,Bara Banki,268607,Chhataura,1537
160,Kushinagar,267122,Chhatthu Katya,1892
179,Bhadohi,86566,Chhechhua Uparwar,2095
129,Bara Banki,51641,Chheda Nagar,1526
129,Bara Banki,52167,Chhilgawan,1533
178,Sant Kabir Nagar,86059,Chhitahi,2088
164,Mahrajganj,76726,Chhitauna,1933
182,Siddharthnagar,88667,Chhitauna,2128
178,Sant Kabir Nagar,86137,Chhitauni,2089
178,Sant Kabir Nagar,85776,Chhitrapar,2084
164,Mahrajganj,76936,Chhtihi Bujurg,1936
181,Shrawasti,87589,Chichadi,2113
178,Sant Kabir Nagar,85992,Chikaniadeh,2087
129,Bara Banki,269871,Chilauki,1532
178,Sant Kabir Nagar,268918,Chilauna,2086
147,Gonda,297422,Chilbila Mahas,1742
182,Siddharthnagar,88814,Chilhiya,2130
160,Kushinagar,74819,Chilua,1902
179,Bhadohi,86353,Chintamanpur,2093
129,Bara Banki,51929,Chiraiya,1530
160,Kushinagar,74210,Chirgoda,1893
129,Bara Banki,52237,Chirra,1534
160,Kushinagar,74961,Chitaha,1904
182,Siddharthnagar,88056,Chitahi,2120
181,Shrawasti,87728,Chitaipur,2115
182,Siddharthnagar,267618,Chodar,2130
178,Sant Kabir Nagar,86060,Chol Khari,2088
182,Siddharthnagar,266919,Chorai Ditiy,2131
147,Gonda,297302,Chorseeha,1746
182,Siddharthnagar,88057,Chuakhda,2120
171,Moradabad,297352,Chuha Nagla,1997
182,Siddharthnagar,270321,Chuhi Grant,2123
164,Mahrajganj,269496,Chunwatiya,1934
129,Bara Banki,52238,Daalmau,1534
182,Siddharthnagar,88371,Dabara,2124
178,Sant Kabir Nagar,86188,Dabra,2090
178,Sant Kabir Nagar,85840,Dadarwar,2085
181,Shrawasti,87657,Dadauli Bantbara,2114
129,Bara Banki,52293,Dadiya Mau,1535
129,Bara Banki,52056,Dadra,1532
178,Sant Kabir Nagar,85993,Dadra,2087
129,Bara Banki,52518,Dadrauli Bhawanipur,1538
129,Bara Banki,273346,Dafarpur,1533
160,Kushinagar,74140,Dahari Patti,1892
181,Shrawasti,87590,Dahaver Kalan,2113
659,Sambhal,297202,Daheli,2004
129,Bara Banki,52654,Dahila,1540
181,Shrawasti,87591,Dakahi,2113
182,Siddharthnagar,273460,Dakhinahava,2120
160,Kushinagar,271671,Dal Bahadurchhapara,1899
129,Bara Banki,269869,Dallookhera,1526
179,Bhadohi,86355,Dalpatpur,2093
147,Gonda,297464,Dalpatpur,1743
129,Bara Banki,52295,Dalsarai,1535
178,Sant Kabir Nagar,269545,Damruwar,2087
129,Bara Banki,51706,Danapur Kyampur,1527
171,Moradabad,297327,Dandi Durjan,1997
178,Sant Kabir Nagar,269552,Dandia Kalan,2087
129,Bara Banki,51931,Dandupur,1530
179,Bhadohi,86752,Danghar,2097
160,Kushinagar,74742,Daniari,1901
129,Bara Banki,51642,Daniyalpur,1526
182,Siddharthnagar,88671,Danokuinia,2128
129,Bara Banki,51643,Dara Pur,1526
171,Moradabad,297253,Darapur,2006
164,Mahrajganj,76500,Darauli,1930
659,Sambhal,297324,Darauli,1586
129,Bara Banki,51644,Darhara,1526
164,Mahrajganj,76560,Darhata,1931
178,Sant Kabir Nagar,86262,Dari Deeha,2091
178,Sant Kabir Nagar,86263,Dariabad,2091
129,Bara Banki,52519,Darigapur,1538
659,Sambhal,297304,Dariyapur Band,1994
178,Sant Kabir Nagar,268923,Darua Japti Adalat,2086
178,Sant Kabir Nagar,268934,Darua Japti Mafi,2086
164,Mahrajganj,268391,Darwar Bujurg,1936
179,Bhadohi,86568,Darwasi,2095
160,Kushinagar,74074,Dasahwa,1891
178,Sant Kabir Nagar,86264,Dasawan,2091
164,Mahrajganj,76428,Dashrath Pur,1929
129,Bara Banki,52586,Dashwantpur,1539
129,Bara Banki,51932,Dataoli Chanda,1530
129,Bara Banki,52296,Datauli,1535
129,Bara Banki,51645,Daud Pur,1526
129,Bara Banki,51761,Daudpur,1528
129,Bara Banki,52587,Daulatpur,1539
129,Bara Banki,52655,Daulatpur,1540
147,Gonda,297188,Daulatpur,1741
129,Bara Banki,269867,Daulatpur Mohabbatpur,1531
182,Siddharthnagar,88199,Deaipar,2122
179,Bhadohi,86569,Deeghuparwar,2095
129,Bara Banki,52454,Deen Panah,1537
171,Moradabad,297263,Dehri Jumman,1999
179,Bhadohi,266480,Dehriya Dayaram,2096
129,Bara Banki,52000,Dehuva,1531
160,Kushinagar,74891,Deo Pokhar,1903
178,Sant Kabir Nagar,85707,Deokali,2083
178,Sant Kabir Nagar,269712,Deokali Khurd,2088
160,Kushinagar,269702,Deorajpur,1897
178,Sant Kabir Nagar,268367,Deoria,2084
178,Sant Kabir Nagar,85918,Deoria Ganga,2086
178,Sant Kabir Nagar,86267,Deoria Nasir,2091
160,Kushinagar,74593,Deoria Pandey,1899
164,Mahrajganj,76873,Dervan,1935
129,Bara Banki,51763,Deshi Mustafabad,1528
178,Sant Kabir Nagar,85919,Deuri,2086
164,Mahrajganj,268744,Deurwa,1931
179,Bhadohi,267430,Devajeetpur,2096
147,Gonda,297161,Devariya Churamani,1741
164,Mahrajganj,76639,Devghatti,1932
129,Bara Banki,52656,Devipur,1540
164,Mahrajganj,76797,Devipur,1934
129,Bara Banki,52058,Devkaaliya,1532
129,Bara Banki,51583,Devkali,1525
129,Bara Banki,52452,Devkali,1537
129,Bara Banki,269866,Devkalia,1528
178,Sant Kabir Nagar,85777,Devlasa,2084
182,Siddharthnagar,88609,Devpur Masjidia,2127
147,Gonda,297378,Devrahna,1748
178,Sant Kabir Nagar,85841,Devri,2085
178,Sant Kabir Nagar,85708,Dewapar Khas,2083
182,Siddharthnagar,88672,Dewaria,2128
182,Siddharthnagar,88866,Dewlaha Grant,2131
129,Bara Banki,267244,Dhadhara,1533
129,Bara Banki,51855,Dhadhsi,1529
178,Sant Kabir Nagar,86062,Dhai Pokhar,2088
659,Sambhal,297281,Dhakasaheed,1994
129,Bara Banki,51646,Dhakauli,1526
129,Bara Banki,52588,Dhakawa,1539
182,Siddharthnagar,88452,Dhamaura,2125
129,Bara Banki,51847,Dhamsadh,1529
147,Gonda,297404,Dhamsara,1739
160,Kushinagar,271249,Dhanaha,1902
129,Bara Banki,51584,Dhanauli Misraan,1525
182,Siddharthnagar,274087,Dhanaura Bujurg,2119
182,Siddharthnagar,88294,Dhandhara,2123
182,Siddharthnagar,270357,Dhangadava,2126
164,Mahrajganj,76367,Dhangari,1928
164,Mahrajganj,76333,Dhani,1927
178,Sant Kabir Nagar,86063,Dhanjaul,2088
164,Mahrajganj,76798,Dhankhari,1934
182,Siddharthnagar,88201,Dhankharpur,2122
181,Shrawasti,87856,Dhannidih,2117
182,Siddharthnagar,88061,Dhanohari,2120
147,Gonda,297305,Dhanohari,1746
147,Gonda,297413,Dhanuhi,1747
171,Moradabad,297245,Dhanupura,2002
129,Bara Banki,52001,Dhaorhara,1531
179,Bhadohi,266438,Dhara Vishwambharpatti,2095
178,Sant Kabir Nagar,268935,Dharaichi,2086
147,Gonda,297416,Dharampur,1742
160,Kushinagar,74594,Dharampur Buzurg,1899
178,Sant Kabir Nagar,269423,Dharampura,2091
659,Sambhal,297307,Dharangpur,1994
129,Bara Banki,52059,Dharauli,1532
164,Mahrajganj,76286,Dhareacha,1926
147,Gonda,297485,Dharmdaspur,1737
160,Kushinagar,74075,Dharmpur Parwat,1891
160,Kushinagar,74596,Dharni Chhapar,1899
129,Bara Banki,51765,Dharsanda,1528
129,Bara Banki,269864,Dharsania,1526
129,Bara Banki,268057,Dharupur,1525
129,Bara Banki,267136,Dhasariya,1538
129,Bara Banki,52297,Dhaukharia,1535
178,Sant Kabir Nagar,85922,Dhaurahara,2086
182,Siddharthnagar,88202,Dhaurahara,2122
160,Kushinagar,74963,Dhaurahara Abadkari,1904
182,Siddharthnagar,88521,Dhaurahramai Parsadikhas,2126
129,Bara Banki,52171,Dhaurhara,1533
182,Siddharthnagar,88761,Dhauri Kuiya,2129
129,Bara Banki,51766,Dhaurmau,1528
182,Siddharthnagar,274076,Dhebruva,2119
129,Bara Banki,52451,Dhedhiya,1537
178,Sant Kabir Nagar,85923,Dheluakhor,2086
129,Bara Banki,242784,Dhema,1525
164,Mahrajganj,76728,Dhesho,1933
178,Sant Kabir Nagar,86191,Dhobaha,2090
182,Siddharthnagar,88523,Dhobha Mustahkam,2126
182,Siddharthnagar,88524,Dhobhi,2126
178,Sant Kabir Nagar,85710,Dhodya,2083
160,Kushinagar,74076,Dhokaraha,1891
160,Kushinagar,74522,Dholha,1898
160,Kushinagar,271423,Dhumpatti,1901
129,Bara Banki,51592,Dhunauli Khas,1525
160,Kushinagar,74145,Dhundhwalia,1892
178,Sant Kabir Nagar,269290,Dhurahra,2090
160,Kushinagar,74345,Dhuria,1895
160,Kushinagar,74893,Dhuria Emiliya,1903
160,Kushinagar,271657,Dhuria Hata,1903
164,Mahrajganj,76431,Dhuswa Kala,1929
179,Bhadohi,86359,Dighawat,2093
178,Sant Kabir Nagar,86270,Dighwa,2091
181,Shrawasti,87593,Digura Jot,2113
164,Mahrajganj,76799,Diguri,1934
178,Sant Kabir Nagar,86139,Dihwa,2089
181,Shrawasti,268840,Dikra,2114
129,Bara Banki,51588,Dilauna,1525
129,Bara Banki,52172,Dingari,1533
659,Sambhal,297275,Dodhi,1994
164,Mahrajganj,76641,Dogahra,1932
160,Kushinagar,74077,Doihara,1891
182,Siddharthnagar,88062,Dokam Aagya,2120
164,Mahrajganj,76730,Doma,1933
181,Shrawasti,87857,Domai,2117
160,Kushinagar,74744,Domath,1901
164,Mahrajganj,76800,Domra,1934
182,Siddharthnagar,273983,Domsara,2120
181,Shrawasti,87659,Doob Kalan,2114
182,Siddharthnagar,88455,Dubai,2125
160,Kushinagar,74146,Dubauli,1892
164,Mahrajganj,76288,Dubauliya,1926
160,Kushinagar,74746,Dubha,1901
182,Siddharthnagar,88677,Dubhara,2128
178,Sant Kabir Nagar,86271,Dudhara,2091
182,Siddharthnagar,88002,Dudhawaniya Buzurg,2119
178,Sant Kabir Nagar,85778,Dudhra,2084
129,Bara Banki,273315,Dufrauli,1527
178,Sant Kabir Nagar,268762,Dughra Urf Khaira,2085
179,Bhadohi,86571,Duguna Uparwar,2095
178,Sant Kabir Nagar,85844,Duhia Kala,2085
178,Sant Kabir Nagar,85845,Duhia Khurd,2085
179,Bhadohi,266493,Duhiya,2097
182,Siddharthnagar,273939,Dulahi,2125
182,Siddharthnagar,88148,Dulha Daramyani,2121
182,Siddharthnagar,88149,Dulha Janubi,2121
182,Siddharthnagar,88150,Dulha Khurd,2121
182,Siddharthnagar,88151,Dulha Shumali,2121
129,Bara Banki,51708,Dulhadepur,1527
129,Bara Banki,268040,Dulhadepur,1525
178,Sant Kabir Nagar,86141,Dulhapar Kala,2089
178,Sant Kabir Nagar,269031,Dulhipar,2086
129,Bara Banki,51647,Dulhipur,1526
179,Bhadohi,266477,Dulhipur,2096
129,Bara Banki,51589,Dullapur,1525
160,Kushinagar,74079,Dumahi,1891
160,Kushinagar,74597,Dumar Bhar,1899
160,Kushinagar,74966,Dumari,1904
160,Kushinagar,74822,Dumari Maldwan,1902
178,Sant Kabir Nagar,85996,Dumaria Babu,2087
182,Siddharthnagar,273938,Dumariya Bujurg,2125
129,Bara Banki,52657,Dundipur,1540
182,Siddharthnagar,88295,Duphediya,2123
129,Bara Banki,52455,Duraundha,1537
129,Bara Banki,268633,Durga Ganj,1540
182,Siddharthnagar,270396,Durgajot,2126
164,Mahrajganj,76289,Durgapur,1926
129,Bara Banki,52590,Durgapur Naubasta,1539
178,Sant Kabir Nagar,85997,Durgjot,2087
160,Kushinagar,271785,Durgwalia,1899
129,Bara Banki,52522,Durjanpur,1538
659,Sambhal,297349,Duwari Khurd,1589
182,Siddharthnagar,269426,Dvrikapur Mafi,2128
129,Bara Banki,51596,Ebrahimabad,1525
181,Shrawasti,87660,Ek Dagwa,2114
181,Shrawasti,87594,Ekauna Dehat,2113
179,Bhadohi,86755,Ekauni,2097
147,Gonda,297279,Ekdanga,1740
164,Mahrajganj,268556,Ekdgwa,1926
181,Shrawasti,87860,Ekgharwa,2117
164,Mahrajganj,76432,Ekma,1929
178,Sant Kabir Nagar,268139,Ekma,2083
147,Gonda,297490,Ekma,1741
164,Mahrajganj,76433,Eksarwa,1929
160,Kushinagar,74967,Ekwanhi Urf Bhagwatpur,1904
164,Mahrajganj,76801,Elahabans,1934
129,Bara Banki,52182,Etaunja,1533
181,Shrawasti,87595,Etaunjha,2113
129,Bara Banki,51714,Etaura,1527
181,Shrawasti,87596,Etwariya,2113
160,Kushinagar,271409,Faguchhapar,1901
160,Kushinagar,74464,Farad Mundera,1897
164,Mahrajganj,268252,Farenda Sarvajeet,1936
182,Siddharthnagar,269250,Faridabad,2125
164,Mahrajganj,268616,Fatakdauna,1937
129,Bara Banki,51649,Fatehsarai,1526
129,Bara Banki,52239,Fattapur Kala,1534
147,Gonda,297444,Fattepur,1745
179,Bhadohi,266806,Fattupur Bramhnan,2092
178,Sant Kabir Nagar,269036,Ferusa,2086
178,Sant Kabir Nagar,85846,Fhulai,2085
129,Bara Banki,52659,Firozabad,1540
129,Bara Banki,52591,Firozpur,1539
178,Sant Kabir Nagar,86192,Fulawaria,2090
147,Gonda,297488,Fulpur,1737
181,Shrawasti,87861,Gabbapur,2117
147,Gonda,297428,Gabhaura,1749
160,Kushinagar,271454,Gadahiya Mohan,1901
129,Bara Banki,269862,Gadaipur,1532
182,Siddharthnagar,274174,Gadavar,2120
129,Bara Banki,51768,Gadhi Chhatena,1528
182,Siddharthnagar,88613,Gadhmor,2127
129,Bara Banki,51650,Gadiya,1526
129,Bara Banki,52174,Gadiya,1533
164,Mahrajganj,76731,Gadraura,1933
182,Siddharthnagar,274035,Gagapur,2120
178,Sant Kabir Nagar,86142,Gagar Gad,2089
129,Bara Banki,269548,Gagaura,1539
178,Sant Kabir Nagar,269294,Gahwa,2090
160,Kushinagar,271809,Gai Ghat,1899
178,Sant Kabir Nagar,268781,Gaighat II,2085
178,Sant Kabir Nagar,86065,Gajadharpur,2088
147,Gonda,297264,Gajadharpur,1740
178,Sant Kabir Nagar,85780,Gajauli,2084
179,Bhadohi,86658,Gajdhara,2096
171,Moradabad,297249,Gajgola Nanak Wari,2002
181,Shrawasti,267861,Gajobri,2115
164,Mahrajganj,267052,Gajpati,1929
129,Bara Banki,51591,Gajpatipur,1525
178,Sant Kabir Nagar,269045,Gajpur,2086
164,Mahrajganj,270895,Gajraha,1932
171,Moradabad,297227,Gajraula Jai Singh,2000
129,Bara Banki,52003,Galha Mau,1531
129,Bara Banki,269861,Ganaura,1526
179,Bhadohi,86573,Gandhi,2095
181,Shrawasti,268920,Gandhi,2117
129,Bara Banki,52299,Ganeshpur,1535
164,Mahrajganj,76369,Ganeshpur,1928
164,Mahrajganj,76644,Ganeshpur (A),1932
164,Mahrajganj,76645,Ganeshpur(B),1932
179,Bhadohi,86659,Ganeshraypur,2096
178,Sant Kabir Nagar,269424,Gangaicha,2091
160,Kushinagar,74080,Gangalwa,1891
181,Shrawasti,268926,Gangapur,2117
160,Kushinagar,74598,Gangauli,1899
129,Bara Banki,267294,Gangauli,1529
178,Sant Kabir Nagar,269430,Gangauli,2091
182,Siddharthnagar,267754,Gangaval,2124
182,Siddharthnagar,88527,Gangawal,2126
164,Mahrajganj,76802,Gangi,1934
160,Kushinagar,74149,Gangi Tikar,1892
164,Mahrajganj,76370,Gangrai,1928
160,Kushinagar,74896,Ganguawa,1903
129,Bara Banki,51767,Gangvara,1528
129,Bara Banki,52456,Gangwai Patthnaan,1537
164,Mahrajganj,270745,Gangwaliya,1932
129,Bara Banki,52660,Ganhari,1540
129,Bara Banki,268640,Ganjariya,1537
182,Siddharthnagar,273994,Ganvariya Bujurg,2120
178,Sant Kabir Nagar,269300,Ganwaria,2090
182,Siddharthnagar,88204,Gardahiya,2122
181,Shrawasti,87862,Garhi,2117
129,Bara Banki,52004,Garhi Rakhmau,1531
160,Kushinagar,74749,Garhiachintamani,1901
164,Mahrajganj,76939,Garhwa,1936
179,Bhadohi,267458,Garoolpur,2094
129,Bara Banki,52300,Garri,1535
178,Sant Kabir Nagar,271268,Gauaapar,2089
181,Shrawasti,87663,Gauhaniya,2114
182,Siddharthnagar,88205,Gauhaniya Raj,2122
182,Siddharthnagar,88683,Gauhar,2128
164,Mahrajganj,76434,Gauharpur,1929
160,Kushinagar,74465,Gaunariya,1897
164,Mahrajganj,268707,Gaunariya,1937
164,Mahrajganj,76503,Gaunariya Babu,1930
129,Bara Banki,51936,Gaura,1530
164,Mahrajganj,77006,Gaura,1937
178,Sant Kabir Nagar,85712,Gaura,2083
178,Sant Kabir Nagar,269715,Gaura,2088
182,Siddharthnagar,270045,Gaura,2123
129,Bara Banki,52592,Gaura Chak,1539
129,Bara Banki,51853,Gaura Gajni,1529
129,Bara Banki,51858,Gaura Karaundi,1529
160,Kushinagar,74151,Gaura Khor,1892
178,Sant Kabir Nagar,269722,Gaura Khurd,2088
164,Mahrajganj,76732,Gaura Nipaniya,1933
178,Sant Kabir Nagar,268155,Gaurapar,2083
178,Sant Kabir Nagar,269176,Gaurapar Gosai Singhpur,2089
182,Siddharthnagar,88529,Gaurdih,2126
129,Bara Banki,52661,Gauri,1540
182,Siddharthnagar,273925,Gauri,2128
129,Bara Banki,51857,Gauri Baniyani,1529
160,Kushinagar,74897,Gauri Ebrahim,1903
160,Kushinagar,74898,Gauri Narottam,1903
160,Kushinagar,74082,Gauri Shri Ram,1891
129,Bara Banki,51769,Gauriya,1528
129,Bara Banki,268033,Gauriya,1525
129,Bara Banki,51770,Gaursadik Pur,1528
129,Bara Banki,52662,Gaurwa Usmanpur,1540
178,Sant Kabir Nagar,86067,Gayghat,2088
129,Bara Banki,51710,Gazipur,1527
164,Mahrajganj,76803,Gehuana,1934
659,Sambhal,297246,Gelua,2005
181,Shrawasti,268922,Genduabhari,2117
182,Siddharthnagar,88457,Gengta,2125
164,Mahrajganj,268096,Gerahwa,1933
164,Mahrajganj,76371,Ghagharua Khresar,1928
179,Bhadohi,86574,Ghanshyampur,2095
659,Sambhal,297168,Ghasipur,1995
160,Kushinagar,74751,Ghazipur,1901
129,Bara Banki,51856,Gheri,1529
160,Kushinagar,271183,Ghinahua,1898
659,Sambhal,297358,Ghonsli Mohakam,1589
178,Sant Kabir Nagar,86001,Ghoora Pali,2087
178,Sant Kabir Nagar,85849,Ghorang,2085
160,Kushinagar,74600,Ghorghatia,1899
181,Shrawasti,87664,Ghorma Parsiya,2114
659,Sambhal,297318,Ghughaiya,1586
164,Mahrajganj,76372,Ghughuli Bujurg,1928
129,Bara Banki,52176,Ghunghter,1533
160,Kushinagar,74969,Ghur Chhapra,1904
160,Kushinagar,74824,Gidaha Dhanna,1902
164,Mahrajganj,268540,Gidhan,1930
129,Bara Banki,52523,Gidrapur,1538
181,Shrawasti,87667,Gilauli,2114
164,Mahrajganj,76733,Girahiya,1933
179,Bhadohi,86367,Gird Baragaon,2093
178,Sant Kabir Nagar,85929,Girdharpur,2086
182,Siddharthnagar,273949,Girdharpur,2126
164,Mahrajganj,76804,Girgitia,1934
129,Bara Banki,52301,Gobaraha,1535
160,Kushinagar,74220,Gobarahi,1893
129,Bara Banki,52177,Godaicha,1533
181,Shrawasti,87668,Godari,2114
129,Bara Banki,269858,Godari,1532
164,Mahrajganj,269069,Godghowa,1928
164,Mahrajganj,76878,Godhwal,1935
179,Bhadohi,86474,Gohilaon,2094
160,Kushinagar,74970,Gohti Buzurg,1904
178,Sant Kabir Nagar,85850,Goi Basantpur,2085
178,Sant Kabir Nagar,86195,Goithaha,2090
129,Bara Banki,51651,Gokul Pur,1526
182,Siddharthnagar,274105,Golhaura Mustkam,2119
178,Sant Kabir Nagar,86070,Gonaura,2088
129,Bara Banki,268753,Gonda,1539
129,Bara Banki,268745,Gondaura,1535
160,Kushinagar,271149,Gonha,1897
178,Sant Kabir Nagar,85783,Goonakhor,2084
129,Bara Banki,52302,Gopalpur,1535
160,Kushinagar,74601,Gopalpur,1899
160,Kushinagar,74752,Gopalpur,1901
164,Mahrajganj,76290,Gopalpur,1926
179,Bhadohi,266443,Gopalpur Up New,2095
179,Bhadohi,86577,Gopalpur Uparwar,2095
164,Mahrajganj,76504,Gopi,1930
178,Sant Kabir Nagar,85851,Gopipur,2085
179,Bhadohi,266490,Gopipur New,2097
182,Siddharthnagar,273979,Gopiya,2120
160,Kushinagar,74753,Goraita Shri Ram,1901
178,Sant Kabir Nagar,85931,Goraya Bhar,2086
178,Sant Kabir Nagar,86071,Goraya Ghat,2088
129,Bara Banki,51593,Gorpur,1525
129,Bara Banki,51937,Gosiyamau,1530
129,Bara Banki,51938,Gosupur,1530
129,Bara Banki,51939,Gotauna,1530
182,Siddharthnagar,273873,Gothava,2118
129,Bara Banki,52005,Gotthiya,1531
129,Bara Banki,268739,Gova,1539
129,Bara Banki,268728,Govamanjhara,1539
147,Gonda,297171,Govindpara,1741
129,Bara Banki,51859,Gudauli,1529
147,Gonda,297350,Gudgudiyapur,1748
129,Bara Banki,52178,Guggaur,1533
182,Siddharthnagar,88614,Gujraulia,2127
164,Mahrajganj,76291,Gujrauliya,1926
182,Siddharthnagar,267630,Gujrauliya Khalsa,2130
178,Sant Kabir Nagar,86002,Gulahria,2087
164,Mahrajganj,268654,Gulahriyakala,1926
178,Sant Kabir Nagar,85713,Gulariha,2083
160,Kushinagar,74602,Gulelha,1899
181,Shrawasti,274204,Gulra,2117
129,Bara Banki,268014,Gunauli,1525
659,Sambhal,297316,Gunnaur Heerapur,1586
164,Mahrajganj,76292,Gurchiha,1926
129,Bara Banki,52060,Gurela,1532
129,Bara Banki,51860,Gursel,1529
160,Kushinagar,74084,Gurvaliya,1891
160,Kushinagar,74152,Gurwalia,1892
181,Shrawasti,87671,Gutuhru,2114
129,Bara Banki,51652,Haansemau,1526
182,Siddharthnagar,273959,Habibpur,2122
129,Bara Banki,51712,Hadaha,1527
178,Sant Kabir Nagar,86144,Hadia Mafi,2089
147,Gonda,297486,Hadiya,1737
160,Kushinagar,74754,Hafua Balram,1901
160,Kushinagar,271453,Hafua Chaturbhuj,1901
129,Bara Banki,51861,Haiderganj,1529
129,Bara Banki,52179,Hajipur,1533
129,Bara Banki,52457,Hajipur Shyamnagar,1537
129,Bara Banki,51594,Hakami,1525
178,Sant Kabir Nagar,85853,Hakeempur,2085
171,Moradabad,297374,Hala Nagla,2003
182,Siddharthnagar,274106,Halaura,2119
181,Shrawasti,267851,Hallajot,2115
182,Siddharthnagar,88207,Hallor,2122
164,Mahrajganj,76806,Hamchhapar,1934
129,Bara Banki,52524,Hameed Nagar,1538
129,Bara Banki,52240,Hansaur,1534
160,Kushinagar,74825,Hanskhor,1902
164,Mahrajganj,76807,Hanskhori,1934
171,Moradabad,297494,Hansoopura,2000
182,Siddharthnagar,274008,Hansudi Ausanapar,2120
129,Bara Banki,52180,Hansuwapara,1533
182,Siddharthnagar,88685,Hanswapar,2128
164,Mahrajganj,272488,Hanuman Gadhiya,1929
164,Mahrajganj,76646,Hanuman Garhiya,1932
182,Siddharthnagar,88765,Haradaspur,2129
160,Kushinagar,74603,Haraiya Buzurg,1899
164,Mahrajganj,268601,Haraiya Maulahi,1926
164,Mahrajganj,76436,Haraiya Raghuvir,1929
182,Siddharthnagar,88380,Harakauli,2124
129,Bara Banki,52007,Harakh,1531
129,Bara Banki,52593,Harakka,1539
178,Sant Kabir Nagar,85932,Harapar,2086
178,Sant Kabir Nagar,85714,Harapatti,2083
129,Bara Banki,51940,Harchandpur,1530
164,Mahrajganj,76565,Hardi,1931
178,Sant Kabir Nagar,86072,Hardi,2088
164,Mahrajganj,76734,Hargayan,1933
178,Sant Kabir Nagar,269432,Harha,2091
179,Bhadohi,267292,Hari Patti,2092
147,Gonda,297387,Hariganwa,1738
164,Mahrajganj,76566,Hariharpur,1931
181,Shrawasti,87672,Hariharpur,2114
181,Shrawasti,87731,Hariharpur Rani,2115
179,Bhadohi,86370,Hariharpur Urf Shukulpur,2093
164,Mahrajganj,270726,Harirampur,1934
164,Mahrajganj,269416,Harkha,1928
164,Mahrajganj,76567,Harkhora,1931
164,Mahrajganj,76941,Harmandir Khurd,1936
129,Bara Banki,51941,Harpalpur,1530
160,Kushinagar,74524,Harpur,1898
160,Kushinagar,74900,Harpur,1903
164,Mahrajganj,76942,Harpur,1936
178,Sant Kabir Nagar,86073,Harpur,2088
164,Mahrajganj,268748,Harpur Kala,1931
164,Mahrajganj,77011,Harpur Pakadi,1937
129,Bara Banki,51773,Harrai,1528
182,Siddharthnagar,88459,Harraiya,2125
164,Mahrajganj,76293,Harrya Apandit,1926
171,Moradabad,297360,Hasanganj,2003
659,Sambhal,297310,Hasangarh,1994
129,Bara Banki,52303,Hasanpur Pahadapur,1535
129,Bara Banki,51862,Hasanpur Tanda,1529
182,Siddharthnagar,274092,Hasudi Urf Gajehadi,2119
160,Kushinagar,74757,Hata,1901
182,Siddharthnagar,87933,Hata Khas,2118
171,Moradabad,297232,Hathat,2002
164,Mahrajganj,76335,Hathi Garhawa,1927
164,Mahrajganj,76649,Hathiahwa,1932
182,Siddharthnagar,88870,Hathiwadtal,2131
179,Bhadohi,266298,Hathiyadeel,2093
129,Bara Banki,52594,Hathohiya,1539
182,Siddharthnagar,88072,Hathpara,2120
178,Sant Kabir Nagar,269725,Hatwa,2088
182,Siddharthnagar,273997,Hatwa,2120
178,Sant Kabir Nagar,85717,Hawpur Bhadari,2083
182,Siddharthnagar,273870,Hayat Nagar,2118
129,Bara Banki,51863,Hazratpur,1529
129,Bara Banki,52525,Hazratpur,1538
181,Shrawasti,87865,Hempur,2117
129,Bara Banki,269857,Hetam Pur,1532
164,Mahrajganj,77012,Hevati,1937
129,Bara Banki,52181,Hidayatpur Sipha,1533
171,Moradabad,297368,Hiran Khera Mustahkam,2003
182,Siddharthnagar,274173,Hisamuddinpur,2122
179,Bhadohi,266473,Holpur,2096
129,Bara Banki,268007,Hoose Pur,1525
160,Kushinagar,74605,Horilapur,1899
182,Siddharthnagar,88534,Horilapur,2126
181,Shrawasti,268932,Hraiyatarai,2117
178,Sant Kabir Nagar,86273,Hujura Suhawan,2091
129,Bara Banki,52664,Husainabad,1540
659,Sambhal,297336,Husainpur Bhoor,1589
179,Bhadohi,86372,Hussainipur,2093
129,Bara Banki,52008,Ibrahimabad,1531
129,Bara Banki,52595,Ibrahimpur,1539
129,Bara Banki,267310,Ibrahimpur,1533
129,Bara Banki,267328,Ibrahimpur,1529
129,Bara Banki,51774,Ibrahimpur Kala,1528
179,Bhadohi,86579,Ibrahimpur Uparwar,2095
129,Bara Banki,52061,Ichauliya,1532
129,Bara Banki,52665,Iliyaspur,1540
178,Sant Kabir Nagar,86003,Imildeeha,2087
178,Sant Kabir Nagar,271743,Imildeeha,2086
129,Bara Banki,51713,Imiliha,1527
147,Gonda,297489,Imiliya Gurdayal,1741
182,Siddharthnagar,274107,Imiliya Junubi,2119
164,Mahrajganj,76505,Imliya,1930
129,Bara Banki,268648,Inayatpur,1537
178,Sant Kabir Nagar,270314,Inayatpur,2091
129,Bara Banki,267999,Inder Pur,1527
182,Siddharthnagar,88300,Inri Grant,2123
171,Moradabad,297280,Isapur,2001
129,Bara Banki,51942,Islampur,1530
129,Bara Banki,269855,Ismailpur,1528
129,Bara Banki,52459,Israoli Sari,1537
129,Bara Banki,51865,Israuli,1529
129,Bara Banki,269853,Israuli Seth,1531
129,Bara Banki,269851,Isrehna,1528
178,Sant Kabir Nagar,269732,Itaua,2088
182,Siddharthnagar,88535,Itwa,2126
182,Siddharthnagar,88302,Itwa Bakshi,2123
129,Bara Banki,51944,Jaarmau,1530
178,Sant Kabir Nagar,86004,Jabbar,2087
160,Kushinagar,74758,Jabhi Narendra,1901
129,Bara Banki,51775,Jabri Kala,1528
129,Bara Banki,51776,Jabri Khurd,1528
164,Mahrajganj,76809,Jadar,1934
129,Bara Banki,51715,Jadvapur,1527
182,Siddharthnagar,88766,Jagadishpur Grant,2129
182,Siddharthnagar,88767,Jagadishpur Raja,2129
179,Bhadohi,86582,Jagapur,2095
179,Bhadohi,86667,Jagapur,2096
164,Mahrajganj,77014,Jagarnath Pur,1937
164,Mahrajganj,76650,Jagarnathpur,1932
164,Mahrajganj,76568,Jagdauri,1931
178,Sant Kabir Nagar,85854,Jagdeeshpur,2085
160,Kushinagar,74759,Jagdishpur,1901
178,Sant Kabir Nagar,268165,Jagdishpur,2083
178,Sant Kabir Nagar,86274,Jagdishpur Urf Lahura Dewa,2091
147,Gonda,297311,Jagdishpur Vrindavan,1746
129,Bara Banki,51716,Jagra Basavanpur,1527
171,Moradabad,297370,Jagrampura,2003
181,Shrawasti,87598,Jagrawal Gadi,2113
129,Bara Banki,51866,Jagsenda,1529
179,Bhadohi,86376,Jahagirabad Uparwar,2093
129,Bara Banki,51653,Jahangirabad,1526
182,Siddharthnagar,274175,Jahda Mustakam,2120
147,Gonda,297225,Jahdariya,1740
659,Sambhal,297397,Jaidaspur,1592
147,Gonda,297467,Jaidawa,1743
129,Bara Banki,52009,Jainabad,1531
178,Sant Kabir Nagar,86074,Jairam Patti,2088
179,Bhadohi,86377,Jairampur,2093
129,Bara Banki,268717,Jaitpur,1539
659,Sambhal,297176,Jaitpur,1995
171,Moradabad,297355,Jaitpur,1997
182,Siddharthnagar,88819,Jajar Gathiya,2130
182,Siddharthnagar,273903,Jajargathiya,2118
179,Bhadohi,86669,Jakhaon,2096
129,Bara Banki,52460,Jalalpur,1537
182,Siddharthnagar,88211,Jalalpur,2122
129,Bara Banki,267126,Jalalpur,1538
129,Bara Banki,269846,Jalalpur,1532
147,Gonda,297476,Jalalpur,1735
659,Sambhal,297266,Jalalpur Mohamadabad,2005
182,Siddharthnagar,273919,Jalhekhor,2118
182,Siddharthnagar,88537,Jalkari Urph Khajuraha,2126
178,Sant Kabir Nagar,85718,Jamdeeh,2083
182,Siddharthnagar,274093,Jamdhara,2119
129,Bara Banki,51943,Jameen Husainabad,1530
182,Siddharthnagar,88383,Jamhiriya,2124
164,Mahrajganj,76651,Jamihani,1932
129,Bara Banki,51717,Jamina,1527
182,Siddharthnagar,273907,Jamlojot,2118
129,Bara Banki,242785,Jamoli,1525
129,Bara Banki,52183,Jamoliya,1533
160,Kushinagar,74760,Jamsaria,1901
129,Bara Banki,52184,Jamuan,1533
164,Mahrajganj,266933,Jamuhara Kala,1929
182,Siddharthnagar,88153,Jamuhwa,2121
164,Mahrajganj,76736,Jamui Kala,1933
164,Mahrajganj,76569,Jamuipandit,1931
181,Shrawasti,87800,Jamunha Bhawaniyapur,2116
182,Siddharthnagar,88213,Jamuni,2122
182,Siddharthnagar,88820,Jamuni,2130
181,Shrawasti,87866,Jamuni Kalan,2117
179,Bhadohi,86768,Jamunipur Athagawan,2097
164,Mahrajganj,76880,Jamuniya,1935
171,Moradabad,297296,Janakpur,2001
178,Sant Kabir Nagar,85786,Jangal Dashahar,2084
164,Mahrajganj,76507,Jangal Dudhai Urf Chehari,1930
164,Mahrajganj,76944,Jangal Gogiya Bari,1936
160,Kushinagar,74085,Jangal Shankar Pur,1891
182,Siddharthnagar,88214,Jangalipur,2122
179,Bhadohi,86583,Jangalpur,2095
160,Kushinagar,74086,Jangle Bishunpura,1891
178,Sant Kabir Nagar,85719,Jangle Kala,2083
160,Kushinagar,74087,Jangle Lala Chhapra,1891
182,Siddharthnagar,88304,Janikaura,2123
181,Shrawasti,87732,Janki Nagar,2115
181,Shrawasti,87599,Janki Nagar Khurd,2113
164,Mahrajganj,76652,Jara,1932
160,Kushinagar,74972,Jarar,1904
129,Bara Banki,51598,Jarauli,1525
129,Bara Banki,52462,Jargawan,1537
129,Bara Banki,51654,Jarhara,1526
181,Shrawasti,87733,Jarkusha,2115
129,Bara Banki,273943,Jasepur,1530
129,Bara Banki,51655,Jasmanda,1526
129,Bara Banki,51656,Jata,1526
160,Kushinagar,74973,Jatah Bazar,1904
181,Shrawasti,87734,Jaugarh,2115
160,Kushinagar,74154,Jauramanrakhan,1892
129,Bara Banki,52668,Jauras,1540
160,Kushinagar,271450,Jawahi Malhi Mustakil,1901
160,Kushinagar,74901,Jawar,1903
181,Shrawasti,87600,Jaychandpur Katghara,2113
129,Bara Banki,267997,Jaziamau,1533
129,Bara Banki,51718,Jetthauti Kurmiyan,1527
129,Bara Banki,51719,Jetthauti Rajputan,1527
164,Mahrajganj,76945,Jhamat,1936
160,Kushinagar,74468,Jhanga,1897
164,Mahrajganj,266849,Jhangpar,1927
160,Kushinagar,74902,Jhankaul,1903
129,Bara Banki,52185,Jharsawan,1533
160,Kushinagar,74764,Jharwa,1901
179,Bhadohi,86380,Jhaua,2093
164,Mahrajganj,268462,Jhawakot,1936
164,Mahrajganj,76653,Jhigati,1932
178,Sant Kabir Nagar,86077,Jhigurapar,2088
147,Gonda,297455,Jhilahi,1743
164,Mahrajganj,76654,Jigina,1932
178,Sant Kabir Nagar,85855,Jigina,2085
178,Sant Kabir Nagar,269439,Jigina,2091
164,Mahrajganj,270849,Jiginahwa,1932
182,Siddharthnagar,274080,Jignihwa Urf Dhanauri,2119
182,Siddharthnagar,88688,Jiwa,2128
182,Siddharthnagar,88009,Jiya Bhari,2119
129,Bara Banki,52463,Jiyan Pur,1537
178,Sant Kabir Nagar,86078,Joga Raja,2088
182,Siddharthnagar,88689,Jogia Buzurg,2128
160,Kushinagar,74903,Jogia Shomli Patti,1903
182,Siddharthnagar,88384,Jogibari,2124
181,Shrawasti,87868,Jogin Bhariya,2117
659,Sambhal,297198,Jogipur,2004
164,Mahrajganj,76377,Jogiya,1928
182,Siddharthnagar,88385,Jogiya,2124
160,Kushinagar,271466,Jogiya Hichchharai,1903
160,Kushinagar,74155,Jokwa Buzurg,1892
160,Kushinagar,267059,Jokwa Khurd,1892
129,Bara Banki,51779,Joliya Banaraspur,1528
178,Sant Kabir Nagar,85722,Joori,2083
181,Shrawasti,87601,Jordih,2113
178,Sant Kabir Nagar,86007,Jorwa,2087
160,Kushinagar,74609,Jungle Banbirpur,1899
160,Kushinagar,74611,Jungle Chauria,1899
160,Kushinagar,74088,Jungle Ghorath,1891
164,Mahrajganj,76439,Jungle Gulharia,1929
160,Kushinagar,74613,Jungle Hanumanganj,1899
160,Kushinagar,74614,Jungle Jagdishpur,1899
164,Mahrajganj,76810,Jungle Jarlaha Urf Anatpur,1934
164,Mahrajganj,76811,Jungle Jarlaha Urf Barharalala,1934
164,Mahrajganj,76812,Jungle Jarlaha Urf Jardi,1934
164,Mahrajganj,76813,Jungle Jarlaha Urf Suchitpur,1934
164,Mahrajganj,76814,Jungle Jarlaha Yurf Tenduhaiya,1934
160,Kushinagar,74615,Jungle Khirkia,1899
160,Kushinagar,74616,Jungle Kurmaul,1899
160,Kushinagar,74089,Jungle Luathaha,1891
160,Kushinagar,74617,Jungle Nahar Chhapra,1899
160,Kushinagar,74090,Jungle Naugawan,1891
160,Kushinagar,74619,Jungle Pachrukhia,1899
160,Kushinagar,74974,Jungle Shahpur,1904
160,Kushinagar,74975,Jungle Singa Patti,1904
160,Kushinagar,74091,Jungle Siswa,1891
164,Mahrajganj,76816,Junglr Barhara,1934
129,Bara Banki,52598,Juraunda,1539
182,Siddharthnagar,273992,Juvarai,2120
129,Bara Banki,52062,Jyori,1532
129,Bara Banki,52672,Kaanhupur,1540
129,Bara Banki,52669,Kaboolpur,1540
147,Gonda,297482,Kachrauli,1735
147,Gonda,297436,Kadipur,1750
129,Bara Banki,52464,Kadirpur,1537
164,Mahrajganj,266982,Kadja,1933
179,Bhadohi,86769,Kador,2097
178,Sant Kabir Nagar,86079,Kadsar,2088
147,Gonda,297456,Kahoba,1743
129,Bara Banki,269847,Kaima,1528
659,Sambhal,297262,Kaima,2005
129,Bara Banki,51782,Kaimai,1528
129,Bara Banki,51868,Kaitha,1529
147,Gonda,297389,Kaithauli,1738
182,Siddharthnagar,88220,Kaithauliya Rahra,2122
178,Sant Kabir Nagar,85788,Kaithawalia,2084
129,Bara Banki,51780,Kaithi,1528
179,Bhadohi,86381,Kaiyarmau,2093
164,Mahrajganj,76440,Kajari,1929
129,Bara Banki,268705,Kajiapur,1539
182,Siddharthnagar,88386,Kakarahi,2124
171,Moradabad,297242,Kakarghata,2002
182,Siddharthnagar,88221,Kakra Pokhar,2122
129,Bara Banki,52670,Kakree,1540
179,Bhadohi,86584,Kalaka Pura,2095
178,Sant Kabir Nagar,271163,Kalan,2088
147,Gonda,297203,Kalandarpur Chaubey,1741
179,Bhadohi,86585,Kalanua,2095
147,Gonda,297267,Kalena,1740
178,Sant Kabir Nagar,86080,Kalend Hardo,2088
179,Bhadohi,86586,Kalik Mavaiya Uparwar,2095
179,Bhadohi,266469,Kalipur,2096
181,Shrawasti,87803,Kalkalwa,2116
182,Siddharthnagar,88460,Kalnakhor,2125
160,Kushinagar,271156,Kalwari Patti,1898
160,Kushinagar,74620,Kalyan Chhapra,1899
182,Siddharthnagar,88540,Kalyaniya,2126
182,Siddharthnagar,274091,Kalyannagar Urf Hridaynagar,2119
147,Gonda,297339,Kalyanpur,1748
659,Sambhal,297259,Kamaalpur Sarai,2005
164,Mahrajganj,76296,Kamahriya Bujurg,1926
129,Bara Banki,268650,Kamalapur,1537
129,Bara Banki,51658,Kamar Pur,1526
164,Mahrajganj,76817,Kamasin Bujurg,1934
164,Mahrajganj,76818,Kamasinkhurd,1934
129,Bara Banki,51720,Kamauli,1527
129,Bara Banki,51946,Kamela,1530
178,Sant Kabir Nagar,86008,Kamharia,2087
182,Siddharthnagar,88691,Kamharia Buzurg,2128
164,Mahrajganj,76947,Kamharia Khurd,1936
182,Siddharthnagar,88692,Kamharia Khurd,2128
164,Mahrajganj,268696,Kamhariya,1937
164,Mahrajganj,76570,Kamhariya Kala,1931
164,Mahrajganj,76881,Kamhriya Khurd,1935
129,Bara Banki,52242,Kamiyar,1534
181,Shrawasti,87678,Kamla Bhari,2114
129,Bara Banki,51659,Kamravan,1526
182,Siddharthnagar,274000,Kamsar,2120
164,Mahrajganj,76819,Kamta Bujurg,1934
178,Sant Kabir Nagar,85856,Kanaila,2085
164,Mahrajganj,269457,Kanaila,1934
160,Kushinagar,74157,Kanaura,1892
182,Siddharthnagar,88222,Kanchanpur,2122
147,Gonda,297260,Kanchanpur,1740
182,Siddharthnagar,88769,Kandawa,2129
129,Bara Banki,52599,Kanderwal Khurd,1539
129,Bara Banki,51869,Kandraula,1529
659,Sambhal,297189,Kaneta Nikat Daheli,2004
129,Bara Banki,51599,Kanghaeepur,1525
178,Sant Kabir Nagar,85789,Kanhara Par,2084
182,Siddharthnagar,274031,Kanhbhari,2120
129,Bara Banki,52465,Kanhwapur,1537
181,Shrawasti,267994,Kanjadwa,2113
129,Bara Banki,52305,Kanmp Fatehullahpur,1535
147,Gonda,297164,Kansapur,1741
178,Sant Kabir Nagar,86277,Kant Des,2091
178,Sant Kabir Nagar,85723,Kanta Mansingh,2083
129,Bara Banki,51947,Kanwa,1530
182,Siddharthnagar,88542,Kanwar,2126
182,Siddharthnagar,88693,Kapia Sukul,2128
182,Siddharthnagar,88770,Kapiya Bukniha Grant,2129
182,Siddharthnagar,243887,Kapiya Grant,2130
182,Siddharthnagar,273936,Kapiyava,2125
147,Gonda,297411,Kapni,1747
164,Mahrajganj,268028,Kaprauli,1933
182,Siddharthnagar,88821,Karahia,2130
164,Mahrajganj,76441,Karaila Ajgarha,1929
164,Mahrajganj,76442,Karailia,1929
182,Siddharthnagar,88387,Karajahwa,2124
178,Sant Kabir Nagar,86203,Karama Kalan,2090
164,Mahrajganj,76337,Karamaha,1927
182,Siddharthnagar,269242,Karamdih Jamuhar,2125
160,Kushinagar,74765,Karan Patti,1901
129,Bara Banki,52063,Karand,1532
178,Sant Kabir Nagar,86204,Karanjot,2090
129,Bara Banki,273308,Karanpur,1539
129,Bara Banki,51783,Karauda,1528
178,Sant Kabir Nagar,268175,Karauda,2083
182,Siddharthnagar,88543,Karauda Khalsa,2126
182,Siddharthnagar,88388,Karauda Masina,2124
129,Bara Banki,268692,Karaundi,1530
147,Gonda,297449,Karaundi,1745
129,Bara Banki,269849,Karaundi Kalan,1531
129,Bara Banki,52243,Karauni,1534
164,Mahrajganj,76571,Karauta,1931
164,Mahrajganj,76378,Karauta Urf Nebuia,1928
659,Sambhal,297221,Karchalee,2004
182,Siddharthnagar,88223,Kare Khoot,2122
659,Sambhal,297228,Kareempur,2004
178,Sant Kabir Nagar,86278,Karhi,2091
182,Siddharthnagar,88544,Karhi,2126
182,Siddharthnagar,88545,Karhiya Goshai,2126
164,Mahrajganj,268689,Karidiha,1937
179,Bhadohi,86675,Karigaon,2096
129,Bara Banki,52011,Karimabad Malauli,1531
171,Moradabad,297331,Kariya Nagla Sani,1997
179,Bhadohi,86773,Kariyaon,2097
182,Siddharthnagar,88463,Karja,2125
178,Sant Kabir Nagar,269181,Karji Rustampur,2089
178,Sant Kabir Nagar,85857,Karma,2085
178,Sant Kabir Nagar,86279,Karma Khan,2091
178,Sant Kabir Nagar,85790,Karma Khurd,2084
178,Sant Kabir Nagar,269440,Karmadoman,2091
160,Kushinagar,74904,Karmaha,1903
164,Mahrajganj,76510,Karmaha,1930
164,Mahrajganj,76948,Karmahawa Bujurg,1936
164,Mahrajganj,268069,Karmahiyan,1933
164,Mahrajganj,270736,Karmahwa,1932
164,Mahrajganj,266952,Karmahwa Basantpur,1929
164,Mahrajganj,76379,Karmhi,1928
160,Kushinagar,74905,Karmoni,1903
129,Bara Banki,52600,Karmullapur,1539
129,Bara Banki,52064,Karpiya,1532
178,Sant Kabir Nagar,85934,Karri Khas,2086
129,Bara Banki,52601,Karsa Kala,1539
182,Siddharthnagar,88698,Karsaara,2128
178,Sant Kabir Nagar,86083,Karsara,2088
164,Mahrajganj,268662,Karuawala,1926
129,Bara Banki,52195,Karuwa,1533
182,Siddharthnagar,88617,Karuwal Kala,2127
164,Mahrajganj,267091,Karwatahi Urf Katka,1933
178,Sant Kabir Nagar,86280,Karza,2091
178,Sant Kabir Nagar,270255,Kasauna Khurd,2087
129,Bara Banki,52602,Kasaunja,1539
129,Bara Banki,268655,Kasba,1537
129,Bara Banki,52244,Kasba Echauli,1534
129,Bara Banki,52186,Kasgaon,1533
129,Bara Banki,267485,Kashipur,1525
179,Bhadohi,86676,Kasidaha,2096
129,Bara Banki,51784,Kasimganj,1528
164,Mahrajganj,76572,Kasmriya,1931
160,Kushinagar,74158,Kasturba,1892
147,Gonda,297402,Kasturi,1739
178,Sant Kabir Nagar,86205,Kasya,2090
182,Siddharthnagar,88700,Kat Bandh,2128
182,Siddharthnagar,88389,Katahana,2124
164,Mahrajganj,268380,Katahri Kala,1933
181,Shrawasti,87679,Katar,2114
178,Sant Kabir Nagar,85858,Katar Misr,2085
182,Siddharthnagar,273999,Katariya Babu,2120
147,Gonda,297414,Katauli,1742
178,Sant Kabir Nagar,269060,Katbandh,2086
181,Shrawasti,87680,Katha,2114
182,Siddharthnagar,88872,Katha,2131
178,Sant Kabir Nagar,86084,Kathaicha,2088
179,Bhadohi,86385,Kathari,2093
182,Siddharthnagar,88311,Kathela Garvi,2123
182,Siddharthnagar,88312,Kathela Janubi,2123
182,Siddharthnagar,88313,Kathela Sharki,2123
160,Kushinagar,74697,Kathgharhi,1900
160,Kushinagar,74526,Kathinahia,1898
160,Kushinagar,74622,Kathkuia,1899
182,Siddharthnagar,88465,Kathmorwa,2125
164,Mahrajganj,76949,Kathwaliya Sarjeet,1936
178,Sant Kabir Nagar,85935,Katka,2086
181,Shrawasti,87869,Katkuiya Kalan,2117
181,Shrawasti,87602,Katra,2113
164,Mahrajganj,76882,Katrari,1935
182,Siddharthnagar,88701,Katsaraya Khurd,2128
129,Bara Banki,52187,Katuri Kalan,1533
129,Bara Banki,52188,Katuri Khurd,1533
160,Kushinagar,74624,Katya,1899
178,Sant Kabir Nagar,85859,Katya,2085
178,Sant Kabir Nagar,270039,Katya,2090
160,Kushinagar,267904,Katya Mainuddin,1892
182,Siddharthnagar,88546,Katya Mustahcum,2126
164,Mahrajganj,76657,Kaulahi,1932
179,Bhadohi,86775,Kaundar,2097
181,Shrawasti,87603,Kaushalpur Bankat,2113
182,Siddharthnagar,243888,Kauwa,2130
178,Sant Kabir Nagar,86013,Kauwathor,2087
178,Sant Kabir Nagar,269070,Kawa Thor,2086
179,Bhadohi,86679,Kawal,2096
164,Mahrajganj,76298,Kawalpur,1926
129,Bara Banki,52189,Kazi Behata,1533
129,Bara Banki,268699,Kazipur,1535
179,Bhadohi,86590,Kedarpur Uparwar,2095
129,Bara Banki,267481,Kenhora,1527
182,Siddharthnagar,88390,Keotaliya,2124
182,Siddharthnagar,270373,Kervaniya,2126
182,Siddharthnagar,88314,Kesar,2123
179,Bhadohi,86680,Keshopur Sarpataha,2096
181,Shrawasti,87682,Keshwapur Pajawa,2114
182,Siddharthnagar,88466,Keshwar,2125
129,Bara Banki,52603,Kesrai,1539
129,Bara Banki,51785,Kesruwa,1528
181,Shrawasti,87736,Kevalpur,2115
182,Siddharthnagar,88224,Kevatali Nankar,2122
129,Bara Banki,52528,Kewala Pur,1538
147,Gonda,297314,Kewalpur,1746
129,Bara Banki,51661,Kewari,1526
179,Bhadohi,86591,Kewatahi,2095
160,Kushinagar,74224,Khadda,1893
160,Kushinagar,74625,Khadda Buzurg,1899
182,Siddharthnagar,88315,Khadsari,2123
164,Mahrajganj,76820,Khaicha,1934
129,Bara Banki,51871,Khaira,1529
129,Bara Banki,52673,Khaira Kanku,1540
164,Mahrajganj,76658,Khairahwa Dubey,1932
164,Mahrajganj,76659,Khairahwa Jungle,1932
160,Kushinagar,74159,Khairatia,1892
129,Bara Banki,52674,Khairaveeru,1540
182,Siddharthnagar,274077,Khairi Sital Prasad,2119
182,Siddharthnagar,88014,Khairi Urf Jhugahawa,2119
181,Shrawasti,87737,Khairy Kalan,2115
181,Shrawasti,268906,Khairy Trai,2117
160,Kushinagar,74225,Khajhawa,1893
178,Sant Kabir Nagar,85860,Khajo,2085
129,Bara Banki,51787,Khajoor Gaon,1528
181,Shrawasti,87738,Khajuha Jhunjhunia,2115
129,Bara Banki,51722,Khajuri,1527
129,Bara Banki,52245,Khajuri,1534
160,Kushinagar,74977,Khajuria,1904
164,Mahrajganj,76950,Khajuria,1936
129,Bara Banki,52529,Khajuriha,1538
182,Siddharthnagar,88772,Khajuriya,2129
182,Siddharthnagar,274018,Khakharav,2120
182,Siddharthnagar,88548,Khakhra Khakhari,2126
164,Mahrajganj,76445,Khalik Garh,1929
129,Bara Banki,52530,Khalsa Pur,1538
129,Bara Banki,52246,Khamauli,1534
182,Siddharthnagar,88316,Khamhariya,2123
164,Mahrajganj,76746,Khamhaura,1933
129,Bara Banki,52466,Khanapur,1537
129,Bara Banki,52604,Khande Hara,1539
182,Siddharthnagar,88016,Khankuiya Nankar,2119
129,Bara Banki,51948,Khanpur,1530
164,Mahrajganj,76380,Khanpur,1928
147,Gonda,297400,Khanpur,1739
129,Bara Banki,267479,Khanpur Shambhudayal,1527
160,Kushinagar,74530,Khanu Chhapra,1898
164,Mahrajganj,270739,Khanuwa,1932
160,Kushinagar,74627,Khanwar Baklolahi,1899
179,Bhadohi,86776,Kharagpur,2097
178,Sant Kabir Nagar,269193,Kharcha,2089
182,Siddharthnagar,88702,Kharchaula Nankar,2128
179,Bhadohi,86593,Khargapur,2095
181,Shrawasti,87604,Khargaura Basti,2113
181,Shrawasti,87605,Khargaura Ganesh,2113
164,Mahrajganj,76300,Kharharwa,1926
129,Bara Banki,52191,Kharihaani,1533
129,Bara Banki,51600,Kharika Phool,1525
182,Siddharthnagar,274082,Kharikaura,2119
164,Mahrajganj,76301,Kharkhora,1926
129,Bara Banki,51949,Kharsatiya,1530
178,Sant Kabir Nagar,269076,Kharwania Kala,2086
178,Sant Kabir Nagar,86086,Kharwania Khurd,2088
129,Bara Banki,268210,Khasi Sarayan,1529
129,Bara Banki,51662,Khasparia,1526
171,Moradabad,297265,Khatapur,1999
129,Bara Banki,52192,Khatauli,1533
178,Sant Kabir Nagar,85791,Khatiawan,2084
181,Shrawasti,87607,Khawan Pokhar,2113
178,Sant Kabir Nagar,86207,Khazuri,2090
182,Siddharthnagar,88620,Kheerideeha,2127
164,Mahrajganj,76513,Khem Pipra,1930
179,Bhadohi,86488,Khemaipur,2094
179,Bhadohi,86595,Khemapur N. Dihuparwar,2095
129,Bara Banki,52247,Khemapur Vastauli,1534
129,Bara Banki,268674,Khemipur,1540
659,Sambhal,297282,Khempur,1994
659,Sambhal,297364,Kherafattehpur,1589
160,Kushinagar,74766,Kheratia,1901
659,Sambhal,297345,Kheriya Rudra,1589
160,Kushinagar,74356,Khesari Gidha,1895
160,Kushinagar,74978,Khesia,1904
164,Mahrajganj,76776,Khesraha Sitlapur,1933
129,Bara Banki,52248,Kheta Saray,1534
182,Siddharthnagar,88391,Khetawal Misra,2124
182,Siddharthnagar,88392,Khetawal Tiwari,2124
129,Bara Banki,51788,Khewali,1528
129,Bara Banki,52193,Khinjhana,1533
659,Sambhal,297367,Khirakwari Tappa Vaishya,1589
160,Kushinagar,74092,Khiriya,1891
129,Bara Banki,51789,Khizirpur Inayatpur,1528
147,Gonda,297431,Khokhiya,1750
164,Mahrajganj,76747,Khonhouli,1933
160,Kushinagar,74829,Khotaha,1902
160,Kushinagar,74907,Khudra-Ahirauli,1903
160,Kushinagar,74767,Khudura,1901
164,Mahrajganj,77017,Khuduri,1937
129,Bara Banki,52196,Khujjhi,1533
182,Siddharthnagar,273986,Khurpahava,2120
129,Bara Banki,267474,Khusehati,1525
129,Bara Banki,52675,Khwajapur,1540
129,Bara Banki,51704,Kila Belhaari,1527
129,Bara Banki,52307,Kinhauli,1535
160,Kushinagar,271264,Kinner Patti,1904
129,Bara Banki,52531,Kintur,1538
181,Shrawasti,87608,Kirihauna,2113
160,Kushinagar,74160,Kishun Das Patti,1892
179,Bhadohi,86596,Kishun Deopur,2095
129,Bara Banki,52532,Kishundas Pur,1538
147,Gonda,297466,Kishundaspur,1743
164,Mahrajganj,76748,Kishunpur,1933
181,Shrawasti,87739,Kishunpur Chorwabhari,2115
178,Sant Kabir Nagar,85792,Kithiuri,2084
129,Bara Banki,51601,Kitthaiya,1525
129,Bara Banki,51603,Kitthuree,1525
178,Sant Kabir Nagar,271155,Kodaincha,2085
160,Kushinagar,271150,Kodara,1897
178,Sant Kabir Nagar,86088,Kodara Bhual Patti,2088
182,Siddharthnagar,273877,Kodarikhas,2118
182,Siddharthnagar,88705,Kodraon Nankar,2128
129,Bara Banki,51791,Kodri,1528
129,Bara Banki,52194,Kodri Gopalpur,1533
178,Sant Kabir Nagar,86089,Kodwat,2088
178,Sant Kabir Nagar,269446,Koelasa,2091
182,Siddharthnagar,88393,Koelighat,2124
164,Mahrajganj,76661,Kohadwal,1932
164,Mahrajganj,76662,Kohargaddi,1932
164,Mahrajganj,76576,Koharval,1931
160,Kushinagar,74629,Koharwalia,1899
178,Sant Kabir Nagar,86149,Kohlawa,2089
178,Sant Kabir Nagar,86208,Koil Bhar,2090
164,Mahrajganj,76338,Koiladar,1927
179,Bhadohi,86388,Koilara,2093
160,Kushinagar,74161,Koilaswa Buzurg,1892
160,Kushinagar,271447,Koindha,1901
160,Kushinagar,74768,Koindibariyarpur,1901
129,Bara Banki,52012,Kola Gahbadhi,1531
179,Bhadohi,86489,Kolahd,2094
129,Bara Banki,52676,Kolhada,1540
178,Sant Kabir Nagar,86090,Kolhu Garha,2088
178,Sant Kabir Nagar,85937,Kolhua,2086
160,Kushinagar,268266,Kolhua,1895
178,Sant Kabir Nagar,85725,Kolhua Lakra,2083
164,Mahrajganj,76302,Kolhuee,1926
182,Siddharthnagar,88706,Kolhui,2128
182,Siddharthnagar,273916,Kolhui Bujurg,2118
178,Sant Kabir Nagar,85793,Kolki Chamarsan,2084
129,Bara Banki,51950,Kolwa,1530
179,Bhadohi,86490,Kom,2094
129,Bara Banki,51790,Kona Gaon,1528
181,Shrawasti,87610,Kondri Digar,2113
659,Sambhal,297334,Koobri Bhoor,1586
129,Bara Banki,52467,Kopwa,1537
160,Kushinagar,74094,Korya,1891
160,Kushinagar,271475,Korya Bhelhi,1903
164,Mahrajganj,76446,Kot Kamarahiya,1929
181,Shrawasti,87685,Kot Mubaraqpur,2114
164,Mahrajganj,76515,Kota Mukund Pur,1930
164,Mahrajganj,76883,Kotava,1935
129,Bara Banki,52468,Kothi,1537
179,Bhadohi,267530,Kothra,2093
182,Siddharthnagar,88826,Kotiya Degar,2130
160,Kushinagar,271305,Kotwa,1901
129,Bara Banki,51723,Kotwa Dham,1527
129,Bara Banki,51792,Kotwa Kala,1528
129,Bara Banki,51602,Kotwa Sadak,1525
181,Shrawasti,268862,Kshiyapur,2114
164,Mahrajganj,76822,Kuachhap,1934
129,Bara Banki,51874,Kuan Danda,1529
160,Kushinagar,74095,Kubera Patti,1891
178,Sant Kabir Nagar,86150,Kudawa,2089
182,Siddharthnagar,88227,Kudi,2122
182,Siddharthnagar,88875,Kudiya,2131
182,Siddharthnagar,88469,Kudja,2125
129,Bara Banki,51951,Kudwa,1530
160,Kushinagar,271168,Kuia,1898
164,Mahrajganj,76577,Kuiya Kanchanpur,1931
164,Mahrajganj,76578,Kuiya Urf Maheshpur,1931
164,Mahrajganj,77019,Kuiyan,1937
178,Sant Kabir Nagar,85795,Kulhadia,2084
179,Bhadohi,86598,Kulmanpur,2095
129,Bara Banki,269767,Kumhraura,1526
129,Bara Banki,52309,Kumhrawan,1535
129,Bara Banki,269269,Kumrhawan,1537
178,Sant Kabir Nagar,86015,Kundawa,2087
179,Bhadohi,86599,Kundi Kala Uparwar,2095
179,Bhadohi,86600,Kundi Khurd Uparwar,2095
160,Kushinagar,74358,Kundwa Urf Dilipnagar,1895
164,Mahrajganj,268036,Kunwarisati,1933
129,Bara Banki,51663,Kurauli,1526
179,Bhadohi,86389,Kurauna,2093
129,Bara Banki,267463,Kurha,1534
178,Sant Kabir Nagar,85726,Kuriyapar Belahasa,2083
129,Bara Banki,51793,Kurkhila,1528
160,Kushinagar,74980,Kurmaul Urf Sohanpur,1904
160,Kushinagar,74227,Kurmauta,1893
129,Bara Banki,52197,Kursi,1533
178,Sant Kabir Nagar,86283,Kurthia,2091
181,Shrawasti,268831,Kurveni,2114
179,Bhadohi,86682,Kusauli,2096
178,Sant Kabir Nagar,86016,Kusauna Kalan,2087
182,Siddharthnagar,88775,Kush Bhawana,2129
178,Sant Kabir Nagar,268731,Kushamaha Mafi,2084
129,Bara Banki,51724,Kushfer,1527
164,Mahrajganj,76303,Kushha,1926
178,Sant Kabir Nagar,86284,Kushmaini,2091
160,Kushinagar,74830,Kusumha,1902
164,Mahrajganj,76885,Kusumha,1935
182,Siddharthnagar,88394,Kusumhi,2124
129,Bara Banki,268686,Kutalupur,1539
129,Bara Banki,51875,Kutbapur,1529
129,Bara Banki,51876,Kutlupur,1529
129,Bara Banki,269639,Kutubapur,1537
129,Bara Banki,51721,Kyampur,1527
129,Bara Banki,268079,Kyontali,1539
164,Mahrajganj,268570,Labdaha,1926
160,Kushinagar,74910,Lachhia Deoria,1903
129,Bara Banki,52013,Lachhmanpur,1531
659,Sambhal,297226,Ladhanpur Shehbazpur,2004
179,Bhadohi,86782,Lagan Bari,2097
129,Bara Banki,52677,Lahi,1540
178,Sant Kabir Nagar,85864,Lahurey Gaon,2085
147,Gonda,297347,Laibudwa,1748
129,Bara Banki,52311,Lain,1535
129,Bara Banki,51604,Lakadiya,1525
129,Bara Banki,268080,Lakaunda,1539
164,Mahrajganj,268638,Lakchmipur Court,1937
182,Siddharthnagar,88621,Lakda,2127
181,Shrawasti,87741,Lakhahi Beninagar,2115
129,Bara Banki,51664,Lakhaicha,1526
179,Bhadohi,86684,Lakhano,2096
659,Sambhal,297204,Lakhanpur,2004
129,Bara Banki,52678,Lakhaura,1540
164,Mahrajganj,76886,Lakhima,1935
164,Mahrajganj,76517,Lakhima Tharua,1930
181,Shrawasti,87686,Lakhna,2114
178,Sant Kabir Nagar,269747,Lakhnapar,2088
179,Bhadohi,267452,Lakshapur,2094
129,Bara Banki,52065,Lakshbar Bajaha,1532
129,Bara Banki,52679,Lakshman Garh,1540
164,Mahrajganj,76382,Lakshmipur Shivala,1928
181,Shrawasti,87811,Lal Bojha Darvesh Gaon,2116
181,Shrawasti,87612,Lal Bojhi,2113
181,Shrawasti,87613,Lal Pur Khadra,2113
147,Gonda,297460,Lalakpur,1743
129,Bara Banki,273264,Lalapur,1529
181,Shrawasti,268882,Lalbhojha,2116
129,Bara Banki,51725,Lalganj,1527
160,Kushinagar,74228,Lalipar,1893
164,Mahrajganj,76304,Lalpur,1926
147,Gonda,297199,Lalpur Chandrabhan,1741
659,Sambhal,297160,Lalpur Chenchari,1996
129,Bara Banki,51726,Lalpur Gumaan,1527
181,Shrawasti,87742,Lalpur Mahri,2115
129,Bara Banki,51605,Lalpur Rajpur,1525
659,Sambhal,297208,Lalpur Titree,2004
129,Bara Banki,268676,Lalupur,1535
181,Shrawasti,87687,Langri Gular,2114
179,Bhadohi,86392,Lasmariya,2093
182,Siddharthnagar,88555,Latera,2126
659,Sambhal,297351,Latifpur Dheer,1589
182,Siddharthnagar,88232,Latiya,2122
160,Kushinagar,271634,Latwajit,1903
164,Mahrajganj,268624,Laukahie,1926
160,Kushinagar,74533,Laukaria,1898
178,Sant Kabir Nagar,269451,Lauki Lala,2091
178,Sant Kabir Nagar,269199,Laukiha,2089
182,Siddharthnagar,269422,Laukiya,2128
160,Kushinagar,267078,Lav Kush Purab Patti,1892
160,Kushinagar,74912,Lawania,1903
181,Shrawasti,87871,Laxmanpur Bazar,2117
160,Kushinagar,74913,Laxmipur,1903
164,Mahrajganj,76384,Laxmipur Deurwa,1928
164,Mahrajganj,77020,Laxmipur Ekdanga,1937
164,Mahrajganj,76749,Laxmipur Khurd,1933
164,Mahrajganj,76385,Laxmipur Mahant,1928
160,Kushinagar,267902,Laxmipur Mahanth,1892
178,Sant Kabir Nagar,269083,Laxmipur Nichaura,2086
164,Mahrajganj,76579,Ledva,1931
129,Bara Banki,52310,Lehdra,1535
164,Mahrajganj,268257,Lehra,1936
129,Bara Banki,52198,Lilauli,1533
147,Gonda,297454,Liloikhurd,1736
129,Bara Banki,52606,Lodhaura,1539
129,Bara Banki,267116,Lodhpurwa,1538
164,Mahrajganj,268721,Lodhsi,1932
160,Kushinagar,74096,Lohar Patti,1891
178,Sant Kabir Nagar,86210,Loharasan,2090
164,Mahrajganj,76750,Loharauli,1933
178,Sant Kabir Nagar,259811,Loharauli Thakurai,2084
129,Bara Banki,268133,Loharpur,1539
129,Bara Banki,269662,Loharpur,1537
182,Siddharthnagar,274071,Lohti,2119
129,Bara Banki,52312,Lohti Jai,1535
182,Siddharthnagar,270412,Lohtime Pipra Khurd,2126
181,Shrawasti,87744,Luxmanpur Itwaria,2115
164,Mahrajganj,76448,Luxmipur Kaithaulia,1929
659,Sambhal,297291,Macharee,1994
129,Bara Banki,52014,Machauchi,1531
160,Kushinagar,74097,Machhariha Daljit Kunwar,1891
182,Siddharthnagar,274086,Madani,2119
129,Bara Banki,51877,Madanpur,1529
179,Bhadohi,86686,Madanpur,2096
179,Bhadohi,266449,Madanpur,2095
164,Mahrajganj,76580,Madanpura,1931
160,Kushinagar,74536,Madar Bindwalia,1898
181,Shrawasti,87615,Madara,2113
164,Mahrajganj,76449,Madaraha Kaktahi,1929
129,Bara Banki,267104,Madarpur,1538
129,Bara Banki,269699,Madarpur Bahadursingh,1537
129,Bara Banki,52471,Madarpur Rosan Zama Khan,1537
181,Shrawasti,87688,Madh Nagar,2114
129,Bara Banki,51795,Madhavpur,1528
147,Gonda,297196,Madhawpur Rai,1741
164,Mahrajganj,76824,Madhonagar,1934
164,Mahrajganj,76752,Madhonagar Urf Turkhiya,1933
160,Kushinagar,74914,Madhopur,1903
178,Sant Kabir Nagar,85729,Madhopur,2083
164,Mahrajganj,271215,Madhopur,1935
160,Kushinagar,271426,Madhopur Khurd,1901
164,Mahrajganj,76581,Madhubani,1931
182,Siddharthnagar,88776,Madhubani,2129
182,Siddharthnagar,274009,Madhubeniya,2123
182,Siddharthnagar,273862,Madhukarpur,2118
182,Siddharthnagar,274007,Madhukarpur,2120
182,Siddharthnagar,269826,Madhukarpur Chaube,2120
164,Mahrajganj,76953,Madhukarpur Mahdewa,1936
160,Kushinagar,74166,Madhuria,1892
129,Bara Banki,52607,Madhva Jalalpur,1539
164,Mahrajganj,77022,Madhvaliya,1937
181,Shrawasti,87874,Madhvapur,2117
164,Mahrajganj,268459,Madhwapur,1936
147,Gonda,297448,Madhwapur,1745
182,Siddharthnagar,88556,Madhwapur Kalan,2126
129,Bara Banki,268146,Madinpur,1533
129,Bara Banki,52313,Madna,1535
147,Gonda,297463,Madnapur,1743
178,Sant Kabir Nagar,86151,Madpauna,2089
178,Sant Kabir Nagar,85730,Madraha,2083
182,Siddharthnagar,88473,Maduapur,2125
160,Kushinagar,74983,Maghi Kothilwa,1904
160,Kushinagar,74984,Maghi Mathia,1904
164,Mahrajganj,76518,Mahadeuva,1930
147,Gonda,297415,Mahadev,1742
181,Shrawasti,87617,Mahadev Jagdish,2113
164,Mahrajganj,76888,Mahadeva,1935
182,Siddharthnagar,274015,Mahadeva Gajpur,2120
178,Sant Kabir Nagar,86094,Mahadewa,2088
182,Siddharthnagar,88780,Mahadewa Ganga Ram,2129
182,Siddharthnagar,88783,Mahadewa Nankar,2129
164,Mahrajganj,76889,Mahammada,1935
182,Siddharthnagar,273966,Mahanuva Khas,2120
182,Siddharthnagar,88878,Maharia,2131
160,Kushinagar,74167,Mahason,1892
182,Siddharthnagar,267634,Mahatha,2130
179,Bhadohi,86397,Mahathua,2093
164,Mahrajganj,76386,Mahawan Khor Urf Barhara,1928
125,Bahraich,302485,Mahbubnagar,1483
164,Mahrajganj,76665,Mahdeiya,1932
181,Shrawasti,87618,Mahdeiya,2113
182,Siddharthnagar,88623,Mahdeiya,2127
179,Bhadohi,86785,Mahdepur,2097
164,Mahrajganj,267142,Mahdeva Kanshiram,1929
164,Mahrajganj,271212,Mahdewa Urff Baluwabhaar,1935
164,Mahrajganj,270731,Mahdeyiya,1934
171,Moradabad,297213,Maheshpur,2000
147,Gonda,297442,Maheshpur,1745
164,Mahrajganj,76451,Maheshpur Mahdaiya,1929
178,Sant Kabir Nagar,86152,Maheshwarpur,2089
179,Bhadohi,86786,Mahjuda,2097
178,Sant Kabir Nagar,269314,Mahla,2090
160,Kushinagar,74476,Mahmada Zameen Sikatiya,1897
129,Bara Banki,52537,Mahmooda Bad,1538
129,Bara Banki,52199,Mahmoodpur Banauga,1533
182,Siddharthnagar,88235,Mahokhawa,2122
129,Bara Banki,51798,Maholiya,1528
129,Bara Banki,52201,Maholiya,1533
181,Shrawasti,87619,Mahroli,2113
182,Siddharthnagar,88084,Mahtaniya Bujurg,2120
182,Siddharthnagar,88624,Mahthawal,2127
182,Siddharthnagar,273967,Mahtiniya Khurd,2120
160,Kushinagar,74915,Mahua Bujurg,1903
160,Kushinagar,74916,Mahua Deoria,1903
160,Kushinagar,74231,Mahua Dih Laungrapur,1893
182,Siddharthnagar,88557,Mahua Khurd,2126
129,Bara Banki,51665,Mahua Mau,1526
179,Bhadohi,86787,Mahuapur,2097
178,Sant Kabir Nagar,269086,Mahuar,2086
182,Siddharthnagar,88236,Mahuara,2122
164,Mahrajganj,76306,Mahuari,1926
178,Sant Kabir Nagar,86286,Mahuari,2091
179,Bhadohi,86601,Mahuari,2095
160,Kushinagar,74169,Mahuawa Buzurg,1892
160,Kushinagar,74170,Mahuawa Khurd,1892
164,Mahrajganj,76955,Mahuawa Mahuae,1936
160,Kushinagar,74477,Mahui,1897
182,Siddharthnagar,274012,Mahui,2126
160,Kushinagar,74234,Mahui Buzurg,1893
178,Sant Kabir Nagar,85940,Mahuie,2086
129,Bara Banki,51606,Mahulaara,1525
182,Siddharthnagar,269349,Mahulani,2125
178,Sant Kabir Nagar,86095,Mahuli Khas,2088
182,Siddharthnagar,273904,Mahuva Kala,2118
164,Mahrajganj,76890,Mahuva Mahuai,1935
164,Mahrajganj,268715,Mahuwa No-1,1932
659,Sambhal,297371,Maihusainpur Pukhta,1589
160,Kushinagar,74634,Maila,1899
129,Bara Banki,52538,Maila Raiganj,1538
179,Bhadohi,86602,Mailauna,2095
182,Siddharthnagar,88560,Maina,2126
182,Siddharthnagar,88563,Mainhwa,2126
182,Siddharthnagar,270340,Mainihava,2126
160,Kushinagar,74362,Mainpur,1895
178,Sant Kabir Nagar,85942,Mainsir,2086
164,Mahrajganj,267111,Mairi,1933
160,Kushinagar,271418,Mairwa,1901
179,Bhadohi,86603,Majhagawan,2095
147,Gonda,297445,Majharath,1745
182,Siddharthnagar,88561,Majhari May Kohal,2126
181,Shrawasti,87620,Majhauba Sumal,2113
164,Mahrajganj,76453,Majhauli,1929
178,Sant Kabir Nagar,271664,Majhaura,2089
164,Mahrajganj,77023,Majhauva,1937
182,Siddharthnagar,273875,Majhavan Kala,2118
182,Siddharthnagar,273872,Majhavan Khurd,2118
160,Kushinagar,271655,Majhawa,1903
129,Bara Banki,52609,Majhgavan,1539
129,Bara Banki,51878,Majhgawan Sharif,1529
129,Bara Banki,52680,Makanpur,1540
179,Bhadohi,86788,Makanpur,2097
182,Siddharthnagar,267645,Makdaur,2130
178,Sant Kabir Nagar,85732,Makdoom Pur,2083
178,Sant Kabir Nagar,86153,Makdoompur,2089
179,Bhadohi,297165,Makdumpur,2094
160,Kushinagar,271653,Makhua,1903
181,Shrawasti,87745,Maksrihva,2115
659,Sambhal,297268,Malakpur Navada,1994
129,Bara Banki,52314,Malauli,1535
181,Shrawasti,87621,Malauna Khasiyari,2113
182,Siddharthnagar,273971,Malda,2120
182,Siddharthnagar,274085,Malgahiya,2119
164,Mahrajganj,76454,Malhani Phulwaria,1929
147,Gonda,297471,Malhipur,1735
160,Kushinagar,74769,Malho,1901
129,Bara Banki,273309,Mallapur,1539
129,Bara Banki,52200,Mallawan,1533
129,Bara Banki,52315,Mallpur Arsanda,1535
164,Mahrajganj,76891,Malmaliya Urf Sirsiya,1935
129,Bara Banki,51799,Malookpur,1528
129,Bara Banki,52473,Mamrakha Pur,1537
182,Siddharthnagar,88562,Manadei,2126
178,Sant Kabir Nagar,85801,Manaitapur,2084
171,Moradabad,297257,Manawala,2006
129,Bara Banki,269753,Mandora,1528
179,Bhadohi,266445,Manga Patti,2095
160,Kushinagar,74363,Mangal Pur,1895
164,Mahrajganj,76668,Mangalapur,1932
164,Mahrajganj,76892,Mangalpur,1935
164,Mahrajganj,76387,Mangalpur Patkhauli,1928
659,Sambhal,297193,Manganpur,2004
129,Bara Banki,269763,Mangarwal,1531
129,Bara Banki,51952,Mangauwa,1530
129,Bara Banki,51727,Mangrauda,1527
129,Bara Banki,52251,Mangrauda,1534
182,Siddharthnagar,273968,Mangrav,2120
147,Gonda,297292,Mangrawa,1744
160,Kushinagar,271462,Manguri Patti,1903
147,Gonda,297398,Manihari,1738
181,Shrawasti,87622,Manika Kot,2113
178,Sant Kabir Nagar,268770,Manikapar,2085
164,Mahrajganj,76669,Manikapur,1932
182,Siddharthnagar,88021,Manikaura,2119
182,Siddharthnagar,273962,Manikaura,2120
182,Siddharthnagar,88713,Manikaura Nankar,2128
182,Siddharthnagar,88714,Manikaura Tiwari,2128
164,Mahrajganj,76956,Manikawara,1936
129,Bara Banki,51666,Manjeetha,1526
178,Sant Kabir Nagar,86154,Manjha Khdagpur,2089
129,Bara Banki,52252,Manjha Raipur,1534
129,Bara Banki,52681,Manjhar,1540
160,Kushinagar,74098,Manjharia,1891
178,Sant Kabir Nagar,85802,Manjharia Pathan,2084
182,Siddharthnagar,266891,Manjhariya,2131
129,Bara Banki,242786,Manjhauti,1525
129,Bara Banki,51728,Manjhela,1527
129,Bara Banki,52682,Manjhupur,1540
181,Shrawasti,87691,Mankaura,2114
182,Siddharthnagar,273969,Mannijot,2120
129,Bara Banki,52683,Manodharpur,1540
181,Shrawasti,87623,Manoharapur,2113
182,Siddharthnagar,266699,Manohari,2129
129,Bara Banki,52016,Manpur,1531
178,Sant Kabir Nagar,86097,Manpur,2088
182,Siddharthnagar,274081,Manpur,2119
129,Bara Banki,51609,Manpur Makohiya,1525
129,Bara Banki,52474,Mansara,1537
181,Shrawasti,87692,Mansukha,2114
164,Mahrajganj,76826,Mansurganj,1934
147,Gonda,297473,Maraila,1735
129,Bara Banki,52540,Maraucha,1538
147,Gonda,297459,Maraucha,1743
182,Siddharthnagar,273881,Marcha,2118
178,Sant Kabir Nagar,86098,Marha Raja,2088
129,Bara Banki,52539,Markamau,1538
129,Bara Banki,52017,Markhapur,1531
179,Bhadohi,86604,Marsara,2095
129,Bara Banki,52684,Marufpur,1540
129,Bara Banki,51953,Marui,1530
164,Mahrajganj,76670,Maryadpur,1932
182,Siddharthnagar,88835,Masajidiya,2130
129,Bara Banki,52066,Masauli,1532
181,Shrawasti,87875,Masha Kalan,2117
182,Siddharthnagar,88716,Masina Khas,2128
129,Bara Banki,268663,Masood Mau,1535
129,Bara Banki,52611,Masuriha,1539
182,Siddharthnagar,88564,Matehna,2126
160,Kushinagar,74834,Math Surajgir,1902
164,Mahrajganj,76456,Mathaia Iddu,1929
160,Kushinagar,74538,Mathia Alam,1898
160,Kushinagar,74100,Mathia Bhakariya,1891
160,Kushinagar,74539,Mathia Dheer,1898
160,Kushinagar,271808,Mathia Khurd,1899
160,Kushinagar,74365,Mathia Madhopur,1895
160,Kushinagar,271782,Mathia Naraepur,1899
160,Kushinagar,74986,Mathia Prasiddh Tiwari,1904
160,Kushinagar,74770,Mathia Shri Ram,1901
178,Sant Kabir Nagar,85803,Mathiapar,2084
160,Kushinagar,74540,Mathiya Khurd,1898
160,Kushinagar,74480,Mathiya Urf Akataha,1897
181,Shrawasti,269803,Mathkhanwa,2115
164,Mahrajganj,77024,Mathniya,1937
129,Bara Banki,51730,Mathura Nagar,1527
129,Bara Banki,51668,Mati,1526
182,Siddharthnagar,88022,Matiyar Urf Bhutahwa,2119
164,Mahrajganj,77025,Matiyariyan,1937
164,Mahrajganj,76388,Matkopa,1928
129,Bara Banki,51610,Mau,1525
182,Siddharthnagar,273891,Mau North,2118
129,Bara Banki,51800,Maujanipur,1528
129,Bara Banki,52544,Maulabad,1538
178,Sant Kabir Nagar,85867,Maur,2085
129,Bara Banki,52616,Mausandi,1539
129,Bara Banki,51671,Mauthri,1526
129,Bara Banki,52018,Mauthri,1531
179,Bhadohi,86398,Mavaiya Hardo Patti,2093
129,Bara Banki,51879,Mawaiya,1529
164,Mahrajganj,76308,Meanhawa,1926
182,Siddharthnagar,273920,Mechuka,2118
129,Bara Banki,52067,Medhiya,1532
182,Siddharthnagar,88240,Medihardo,2122
181,Shrawasti,268914,Medkiya,2117
164,Mahrajganj,76389,Mednipur,1928
129,Bara Banki,51731,Meen Nagar,1527
178,Sant Kabir Nagar,85946,Meer Ganj,2086
129,Bara Banki,52613,Meer Pur,1539
659,Sambhal,297293,Meerpur Sakeepur,1994
129,Bara Banki,52316,Meetpur,1535
129,Bara Banki,51732,Mehaura,1527
182,Siddharthnagar,88327,Mehdani,2123
182,Siddharthnagar,266927,Mehdiya Bujurg,2131
147,Gonda,297432,Mehiya,1750
129,Bara Banki,51796,Mehraud,1528
178,Sant Kabir Nagar,85805,Melan Khurd Bujurg,2084
129,Bara Banki,51608,Mendhuva,1525
129,Bara Banki,52476,Menhuwa,1537
164,Mahrajganj,76309,Mhulani,1926
178,Sant Kabir Nagar,86213,Mira Pur,2090
129,Bara Banki,52477,Mirchiya,1537
129,Bara Banki,268173,Mirjapur,1529
129,Bara Banki,52019,Mirza Pur,1531
129,Bara Banki,269693,Mirzapur,1537
164,Mahrajganj,76390,Mirzapur Pakadi,1928
160,Kushinagar,74836,Mishrauli,1902
160,Kushinagar,271262,Mishrauli,1904
164,Mahrajganj,76310,Mishrauliya,1926
181,Shrawasti,87624,Mishrauliya,2113
160,Kushinagar,271669,Misir Patti,1899
160,Kushinagar,74771,Misrauli,1901
178,Sant Kabir Nagar,269587,Misraulia,2087
182,Siddharthnagar,269615,Misrauliya,2122
182,Siddharthnagar,88567,Misrauliya Khalsa,2126
182,Siddharthnagar,273692,Misrauliya Mafi,2122
164,Mahrajganj,76584,Mithaura,1931
164,Mahrajganj,76828,Mithaura,1934
182,Siddharthnagar,270363,Mithuva,2126
129,Bara Banki,51881,Mithwara,1529
129,Bara Banki,51801,Mittai,1528
129,Bara Banki,51733,Miyaganj,1527
129,Bara Banki,269743,Miyanpur,1528
129,Bara Banki,268207,Moazzampur,1533
147,Gonda,297190,Mogaljot,1741
160,Kushinagar,74918,Mogalpura,1903
164,Mahrajganj,76457,Moglaha,1929
659,Sambhal,297254,Mohaamadpur Bhanda,2005
129,Bara Banki,52317,Mohaari,1535
181,Shrawasti,268824,Mohamdapur,2114
129,Bara Banki,269740,Mohammad Pur,1531
129,Bara Banki,269638,Mohammad Pur Chandi Singh,1537
129,Bara Banki,51882,Mohammadipur,1529
129,Bara Banki,51669,Mohammadpur,1526
129,Bara Banki,51883,Mohammadpur,1529
129,Bara Banki,51955,Mohammadpur,1530
129,Bara Banki,52685,Mohammadpur,1540
182,Siddharthnagar,274036,Mohammadpur,2120
147,Gonda,297385,Mohammadpur Gadwar,1738
129,Bara Banki,269652,Mohammadpur Husainbux,1537
181,Shrawasti,87746,Mohammadpur Kalan,2115
129,Bara Banki,52614,Mohammadpur Khala,1539
129,Bara Banki,267457,Mohammadpur Upadhya,1525
129,Bara Banki,52542,Mohammedpur Baahu,1538
182,Siddharthnagar,88023,Mohankola,2119
129,Bara Banki,51802,Mohanpur,1528
160,Kushinagar,74837,Mohanpur,1902
178,Sant Kabir Nagar,86099,Mohbara,2088
164,Mahrajganj,76829,Mohddinpur,1934
171,Moradabad,297252,Mohiuddenpur Mafi,2006
129,Bara Banki,51670,Mohiuddinpur,1526
129,Bara Banki,267090,Mohiuddinpur,1538
659,Sambhal,297179,Mohkampur,1995
181,Shrawasti,87625,Mohmmadpur Raja,2113
129,Bara Banki,52015,Mohna,1531
181,Shrawasti,267989,Mohnipur,2113
129,Bara Banki,52202,Mohsand,1533
182,Siddharthnagar,88478,Moojdih,2125
129,Bara Banki,51803,Moradabad,1528
164,Mahrajganj,76586,Morvan Uttari,1931
178,Sant Kabir Nagar,86214,Motipur,2090
181,Shrawasti,87876,Motipur Kala,2117
129,Bara Banki,269737,Mubarak Pur,1531
129,Bara Banki,52068,Mubarakpur,1532
659,Sambhal,297379,Mubarikpur,1592
178,Sant Kabir Nagar,86155,Mudadeeha,2089
182,Siddharthnagar,88479,Mudahara,2125
182,Siddharthnagar,88625,Mudali,2127
164,Mahrajganj,76587,Muderakala,1931
129,Bara Banki,52545,Mudia Deeh,1538
164,Mahrajganj,76521,Mudila,1930
160,Kushinagar,74481,Mudila Harpur,1897
164,Mahrajganj,76671,Mudila Khas,1932
164,Mahrajganj,76459,Mudili,1929
178,Sant Kabir Nagar,86101,Mudiyari,2088
178,Sant Kabir Nagar,269605,Mudli,2087
178,Sant Kabir Nagar,86287,Muhammad Garh,2091
164,Mahrajganj,76895,Muhammadpur,1935
182,Siddharthnagar,88024,Mujahana,2119
659,Sambhal,297210,Mujahidpur,2004
164,Mahrajganj,268440,Mujahna,1936
164,Mahrajganj,76588,Mujhahana Bujurg,1931
181,Shrawasti,87626,Mujhaniya,2113
164,Mahrajganj,76831,Mujuri,1934
129,Bara Banki,52617,Mukauli,1539
179,Bhadohi,86400,Muktapur,2093
160,Kushinagar,74772,Mukund Pur,1901
164,Mahrajganj,267117,Mundehra,1929
129,Bara Banki,51884,Mundera,1529
160,Kushinagar,74171,Mundera,1892
164,Mahrajganj,268625,Mundera Khurd,1937
147,Gonda,297319,Munderawa Mafi,1746
129,Bara Banki,51885,Munderi,1529
178,Sant Kabir Nagar,85806,Munderi,2084
171,Moradabad,297362,Mundiya Malukpur Ahatmali,2003
147,Gonda,297288,Mungraul,1744
129,Bara Banki,52480,Muntaji Pur,1537
129,Bara Banki,51734,Muraarpur,1527
178,Sant Kabir Nagar,86290,Muradeha Beg,2091
129,Bara Banki,52481,Murli Ganj,1537
182,Siddharthnagar,88330,Musa,2123
129,Bara Banki,51612,Musepur,1525
129,Bara Banki,52546,Mushka Bad,1538
129,Bara Banki,52069,Mushki Nagar,1532
179,Bhadohi,86505,Musilatpur,2094
129,Bara Banki,267075,Muski Pur,1538
178,Sant Kabir Nagar,269455,Musrad,2091
171,Moradabad,297238,Mustafabad,2002
171,Moradabad,297220,Mustafapur Majhra Khandsal,2000
129,Bara Banki,51956,Mustfabad,1530
178,Sant Kabir Nagar,86156,Muthahi Kala,2089
178,Sant Kabir Nagar,86157,Muthahi Khurd,2089
129,Bara Banki,269731,Muzaffarmau,1528
129,Bara Banki,51887,Naandkui,1529
182,Siddharthnagar,88718,Nachani,2128
178,Sant Kabir Nagar,269606,Nachni,2087
160,Kushinagar,74637,Nadah,1899
182,Siddharthnagar,88719,Nadaon,2128
182,Siddharthnagar,88402,Nadawaliya,2124
182,Siddharthnagar,267757,Nadepar,2124
164,Mahrajganj,76589,Nadua,1931
659,Sambhal,297181,Nagaliya Bhoor,1995
659,Sambhal,297250,Nagaliya Kamgar,2005
182,Siddharthnagar,270387,Nagapar,2126
182,Siddharthnagar,88403,Nagapari,2124
182,Siddharthnagar,88404,Nagara,2124
179,Bhadohi,86606,Nagardah Uparwar,2095
160,Kushinagar,271283,Nagari,1904
164,Mahrajganj,76340,Nagava,1927
182,Siddharthnagar,273868,Nagava,2118
182,Siddharthnagar,88568,Nagchauri,2126
659,Sambhal,297239,Nagla,2005
659,Sambhal,297187,Nagla Khakam,2004
181,Shrawasti,268836,Nagraura,2114
179,Bhadohi,266316,Nagua,2094
182,Siddharthnagar,88480,Nagwa,2125
182,Siddharthnagar,88882,Nagwa,2131
129,Bara Banki,52318,Nahamau,1535
129,Bara Banki,52319,Naharwal,1535
171,Moradabad,297216,Nahtora,2000
160,Kushinagar,74239,Naika Chhapra,1893
129,Bara Banki,52070,Nainamau,1532
129,Bara Banki,51958,Naipura,1530
178,Sant Kabir Nagar,86158,Nakaha,2089
178,Sant Kabir Nagar,269315,Nakahi,2090
160,Kushinagar,74240,Nakahni,1893
160,Kushinagar,74173,Nakataha Mishra,1892
129,Bara Banki,51886,Naktauli,1529
182,Siddharthnagar,88092,Nakther Dewriya,2120
160,Kushinagar,74991,Nand Lal Chhapra,1904
179,Bhadohi,266466,Nandapur,2096
178,Sant Kabir Nagar,86020,Nandaur,2087
129,Bara Banki,51888,Nandna Kala,1529
659,Sambhal,297343,Nandpur,1589
129,Bara Banki,51889,Nandrasi,1529
129,Bara Banki,52020,Nanmau,1531
160,Kushinagar,74992,Nar Chochawa,1904
160,Kushinagar,74921,Narahwa,1903
160,Kushinagar,74174,Narainpur,1892
160,Kushinagar,74482,Narainpur,1897
178,Sant Kabir Nagar,86159,Narainpur,2089
178,Sant Kabir Nagar,269624,Narainpur,2087
181,Shrawasti,87627,Naraptpur,2113
179,Bhadohi,86404,Narathua,2093
129,Bara Banki,52021,Narauli,1531
129,Bara Banki,51804,Narayan Bhari,1528
181,Shrawasti,87628,Narayanjot,2113
160,Kushinagar,74483,Narayanpur,1897
129,Bara Banki,52686,Nardahi,1540
171,Moradabad,297342,Narendrapur,1997
147,Gonda,297447,Narendrapur,1745
129,Bara Banki,52687,Narendrapur Madraha,1540
179,Bhadohi,86607,Narepar Uparwar,2095
160,Kushinagar,74993,Narharia,1904
147,Gonda,297366,Narhariya,1748
164,Mahrajganj,76672,Narianpur,1932
164,Mahrajganj,76673,Narkataha,1932
164,Mahrajganj,76832,Narkataha,1934
160,Kushinagar,74241,Narkatia,1893
171,Moradabad,297309,Naroo Khera,1998
659,Sambhal,297256,Narottam Sarai,2005
160,Kushinagar,74638,Narsar,1899
171,Moradabad,297301,Narsara,1998
129,Bara Banki,52071,Naseer Nagar,1532
129,Bara Banki,52484,Naseerpur,1537
659,Sambhal,297200,Naseerpur,2004
659,Sambhal,297303,Naseerpur Narauli,1996
182,Siddharthnagar,88481,Nasirganj,2125
178,Sant Kabir Nagar,86105,Nathnagar,2088
129,Bara Banki,51613,Nathupur,1525
178,Sant Kabir Nagar,85734,Naudand,2083
178,Sant Kabir Nagar,86023,Naugaw,2087
160,Kushinagar,271659,Naugawa,1903
178,Sant Kabir Nagar,269100,Nauhat,2086
160,Kushinagar,74842,Naumunda,1902
178,Sant Kabir Nagar,85872,Naun Khurd,2085
164,Mahrajganj,76341,Nausagar,1927
160,Kushinagar,74639,Nautan Hardo,1899
182,Siddharthnagar,273886,Navaila,2118
182,Siddharthnagar,88569,Navel,2126
129,Bara Banki,52485,Nawabpur Kodri,1537
179,Bhadohi,86506,Nawada Kala,2094
178,Sant Kabir Nagar,269625,Nawadh,2087
160,Kushinagar,74843,Nawapar,1902
182,Siddharthnagar,88093,Nawdih,2120
164,Mahrajganj,76311,Nayansr,1926
171,Moradabad,297333,Nbekpur,1997
164,Mahrajganj,76523,Neta Surhurwa,1930
178,Sant Kabir Nagar,86217,Netari Kalan,2090
178,Sant Kabir Nagar,268884,Netwapur,2085
182,Siddharthnagar,273885,Neuri,2118
129,Bara Banki,52072,Nevla Karsanda,1532
164,Mahrajganj,76833,Newas Pokhar,1934
179,Bhadohi,86507,Nidiur,2094
178,Sant Kabir Nagar,86218,Nighuri,2090
178,Sant Kabir Nagar,86160,Nihaila,2089
182,Siddharthnagar,273899,Nihalava,2118
147,Gonda,297452,Nihalpur,1736
129,Bara Banki,269719,Nindanpur,1531
129,Bara Banki,52205,Nindoora,1533
164,Mahrajganj,76675,Nipania,1932
178,Sant Kabir Nagar,86293,Nipania,2091
164,Mahrajganj,267137,Nipaniya,1933
164,Mahrajganj,76960,Nirnam Paschmi,1936
147,Gonda,297231,Nisarupur,1740
182,Siddharthnagar,88723,Nishar,2128
659,Sambhal,297298,Nivaola,1994
129,Bara Banki,52253,Niyamatpur,1534
129,Bara Banki,52320,Nizampur,1535
179,Bhadohi,266309,Nizampur,2093
160,Kushinagar,74176,Nonia Patti,1892
129,Bara Banki,269672,Noora Pur,1537
129,Bara Banki,52073,Nyamatpur,1532
129,Bara Banki,52483,Nyochhana,1537
129,Bara Banki,52206,Odaar,1533
182,Siddharthnagar,273893,Odanatal,2118
129,Bara Banki,52154,Odariya,1533
129,Bara Banki,51959,Ohraamau,1530
178,Sant Kabir Nagar,269755,Ojha Patti,2088
178,Sant Kabir Nagar,86108,On Bilai,2088
178,Sant Kabir Nagar,85735,Oonkhas,2083
164,Mahrajganj,76758,Orvaliya,1933
129,Bara Banki,51679,Paatmau,1526
178,Sant Kabir Nagar,85736,Pach Pokhari,2083
182,Siddharthnagar,274154,Pachaoth,2119
160,Kushinagar,74177,Pacharukhia,1892
181,Shrawasti,87697,Pachdewari Maufi,2114
178,Sant Kabir Nagar,85737,Pachethi,2083
160,Kushinagar,74640,Pachfeda Shukl,1899
164,Mahrajganj,76596,Pachma,1931
178,Sant Kabir Nagar,86296,Pachpokharia,2091
178,Sant Kabir Nagar,269200,Pachra,2089
164,Mahrajganj,76961,Pachrukhi,1936
164,Mahrajganj,76392,Pachrukhiya,1928
160,Kushinagar,74844,Padari,1902
181,Shrawasti,87877,Padari,2117
160,Kushinagar,74995,Padari Piparpati,1904
182,Siddharthnagar,274103,Padariya,2119
164,Mahrajganj,76676,Padauli,1932
129,Bara Banki,52022,Padra,1531
160,Kushinagar,74105,Padraun Madurahi,1891
129,Bara Banki,52487,Padrawan,1537
129,Bara Banki,52023,Padri,1531
129,Bara Banki,52208,Padri,1533
178,Sant Kabir Nagar,269105,Padria,2086
178,Sant Kabir Nagar,269633,Padria,2087
160,Kushinagar,74642,Pagara Buzurg,1899
160,Kushinagar,271464,Pagraprasad Giri,1903
129,Bara Banki,51805,Paharpur Kutlupur,1528
147,Gonda,297194,Paidi Ajab Singh,1741
164,Mahrajganj,76759,Paikauli Kala,1933
182,Siddharthnagar,274074,Paiki,2119
178,Sant Kabir Nagar,85738,Paikwalia,2083
178,Sant Kabir Nagar,86297,Paili Khas,2091
164,Mahrajganj,76462,Paisia Lalain,1929
164,Mahrajganj,267169,Paisiya Urff Konghusari,1929
659,Sambhal,297215,Paitiya,2004
659,Sambhal,297285,Paitiya Mafi,1994
178,Sant Kabir Nagar,85808,Pajra Bheeri,2084
164,Mahrajganj,76760,Pakadi Bharat Khand,1933
160,Kushinagar,74485,Pakadi Madaraha,1897
164,Mahrajganj,77030,Pakadi Siswa,1937
182,Siddharthnagar,88025,Pakanihawa,2119
182,Siddharthnagar,87954,Pakardiha,2118
164,Mahrajganj,267131,Pakardiha,1929
164,Mahrajganj,77031,Pakari Chaubey,1937
160,Kushinagar,74924,Pakari Gosai,1903
179,Bhadohi,86694,Pakari Kala N. Valapur,2096
179,Bhadohi,86695,Pakari Khurd N. Mahatuda,2096
160,Kushinagar,74546,Pakaripar,1898
129,Bara Banki,51890,Pakariyapur,1529
164,Mahrajganj,76597,Pakariyar Bujurg,1931
160,Kushinagar,271667,Pakdi Khurd,1899
160,Kushinagar,74997,Pakha,1904
160,Kushinagar,74998,Pakhanha,1904
178,Sant Kabir Nagar,85953,Pakhuapar,2086
178,Sant Kabir Nagar,85809,Pakri Araji,2084
164,Mahrajganj,76393,Pakri Bishunpur,1928
164,Mahrajganj,76394,Pakriyar Bisunpur,1928
129,Bara Banki,52074,Palhari,1532
179,Bhadohi,86510,Palheya,2094
129,Bara Banki,51960,Palia,1530
129,Bara Banki,52209,Paliya,1533
182,Siddharthnagar,88843,Palta Devi,2130
659,Sambhal,297153,Paltha Mithanpur,1996
182,Siddharthnagar,88628,Panani,2127
129,Bara Banki,52254,Panapur,1534
178,Sant Kabir Nagar,269110,Panaram,2086
147,Gonda,297201,Pandari Shankar,1741
160,Kushinagar,74925,Pandey Munni Patti,1903
181,Shrawasti,87878,Pandit Purwa,2117
182,Siddharthnagar,88629,Panera,2127
164,Mahrajganj,76599,Paneva Panei,1931
129,Bara Banki,52024,Panihal,1531
659,Sambhal,297390,Paniwada,1592
129,Bara Banki,52547,Panjrauli,1538
129,Bara Banki,52255,Pansara,1534
129,Bara Banki,52321,Para,1535
129,Bara Banki,52619,Para,1539
129,Bara Banki,52025,Para Deepu,1531
129,Bara Banki,51678,Para Khandauli,1526
164,Mahrajganj,76900,Paraina,1935
182,Siddharthnagar,269562,Paranpur,2122
160,Kushinagar,74246,Paras Khand,1893
181,Shrawasti,87748,Paras Rampur,2115
160,Kushinagar,74774,Parasauni Buzurg,1901
178,Sant Kabir Nagar,85810,Parasi Ganwaria,2084
178,Sant Kabir Nagar,86220,Parasia,2090
178,Sant Kabir Nagar,269216,Parasir,2089
164,Mahrajganj,76901,Parasiya Indarpur,1935
147,Gonda,297353,Paraspur Elhawa,1748
181,Shrawasti,87629,Parasrampur,2113
178,Sant Kabir Nagar,269334,Paraswania,2090
178,Sant Kabir Nagar,86221,Paratap Pur,2090
659,Sambhal,297361,Paratpur,1589
178,Sant Kabir Nagar,85739,Pardeswa,2083
147,Gonda,297409,Pareta,1747
160,Kushinagar,74247,Parewatar,1893
181,Shrawasti,87699,Parewpur,2114
179,Bhadohi,86511,Pargaspur,2094
182,Siddharthnagar,88095,Paria,2120
164,Mahrajganj,76964,Parisiya Bujurg,1936
147,Gonda,297434,Parmapur,1750
178,Sant Kabir Nagar,86110,Parmeswarpur,2088
182,Siddharthnagar,88484,Paroi,2125
178,Sant Kabir Nagar,85740,Parokhar,2083
182,Siddharthnagar,88333,Parsa Buzurg,2123
164,Mahrajganj,77032,Parsa Gidahi,1937
182,Siddharthnagar,273958,Parsa Jamal,2122
178,Sant Kabir Nagar,85741,Parsa Jhakaria,2083
164,Mahrajganj,76903,Parsa Khurd,1935
178,Sant Kabir Nagar,269329,Parsa Mafi,2090
178,Sant Kabir Nagar,86026,Parsa Pandey,2087
164,Mahrajganj,267153,Parsa Pandey,1929
182,Siddharthnagar,269673,Parsa Pandit,2122
164,Mahrajganj,76601,Parsa Raja,1931
178,Sant Kabir Nagar,86298,Parsa Sheikh,2091
182,Siddharthnagar,88887,Parsa Sukrullah,2131
164,Mahrajganj,76678,Parsa Sumali,1932
164,Mahrajganj,271206,Parsa Uff Parsauna,1935
164,Mahrajganj,76602,Parsachak Gobrahi,1931
160,Kushinagar,74645,Parsadpur,1899
178,Sant Kabir Nagar,85875,Parsahar Purvi,2085
147,Gonda,297451,Parsahna,1745
178,Sant Kabir Nagar,268191,Parsakala,2083
164,Mahrajganj,76679,Parsamalik,1932
164,Mahrajganj,76603,Parsamir,1931
160,Kushinagar,74776,Parsaun,1901
164,Mahrajganj,76312,Parsauna,1926
164,Mahrajganj,76463,Parsauni,1929
164,Mahrajganj,76604,Parsauni,1931
164,Mahrajganj,76395,Parsauni Bujurg,1928
164,Mahrajganj,76464,Parsauni Kala,1929
147,Gonda,297372,Parsaura Maheshpur,1748
181,Shrawasti,87749,Parsha Dehria,2115
160,Kushinagar,74548,Parsia,1898
182,Siddharthnagar,270407,Parsiha,2126
164,Mahrajganj,268635,Parsiya,1937
181,Shrawasti,273786,Parsiya Raja,2117
182,Siddharthnagar,270300,Parsohan,2123
182,Siddharthnagar,273982,Parsoiya Sadanand,2120
182,Siddharthnagar,88246,Parspur,2122
179,Bhadohi,266194,Parvatpur,2093
129,Bara Banki,52210,Parwar Bhari,1533
160,Kushinagar,74713,Parwarpar,1900
147,Gonda,297446,Parwati,1745
178,Sant Kabir Nagar,86222,Pasai,2090
178,Sant Kabir Nagar,86223,Pasnara,2090
659,Sambhal,297395,Patai Nasir,1592
164,Mahrajganj,269348,Patalkui,1928
160,Kushinagar,74487,Patan,1897
182,Siddharthnagar,88789,Patani Jungle,2129
129,Bara Banki,52621,Pataunja,1539
160,Kushinagar,74252,Pataya,1893
160,Kushinagar,271286,Patera Khurd,1904
160,Kushinagar,271292,Paterha,1904
160,Kushinagar,271272,Pateriya Abadkari,1904
182,Siddharthnagar,88028,Pathar Deia,2119
178,Sant Kabir Nagar,269344,Patharhat,2090
160,Kushinagar,74928,Patherwa,1903
160,Kushinagar,74929,Pathihhawa Urf Karajaha,1903
164,Mahrajganj,76396,Pathkhauli,1928
182,Siddharthnagar,88726,Pathra Bazar,2128
178,Sant Kabir Nagar,268899,Patijew,2085
182,Siddharthnagar,270365,Patiyapar,2126
179,Bhadohi,86409,Patkhauli,2093
181,Shrawasti,87881,Patkhauli,2117
181,Shrawasti,87630,Patkhauli Kalan,2113
129,Bara Banki,51891,Patna,1529
182,Siddharthnagar,88336,Patna Bisunpur,2123
181,Shrawasti,87751,Patna Khargora,2115
164,Mahrajganj,76605,Patrengawa,1931
129,Bara Banki,51738,Patulki,1527
178,Sant Kabir Nagar,86027,Patwaria,2087
178,Sant Kabir Nagar,86165,Pauli,2089
129,Bara Banki,51806,Pawaiyabad,1528
182,Siddharthnagar,273995,Pedara,2120
147,Gonda,297377,Pedare Gadwa,1748
178,Sant Kabir Nagar,86112,Pedari Purbi,2088
129,Bara Banki,51807,Peend,1528
129,Bara Banki,267050,Peethapur,1538
182,Siddharthnagar,88247,Penda,2122
182,Siddharthnagar,88572,Penda Nankar,2126
182,Siddharthnagar,88486,Pendari Buzurg,2125
129,Bara Banki,52256,Persawal,1534
160,Kushinagar,74647,Phagupur Bishunpur,1899
164,Mahrajganj,76966,Pharanda Bujurg,1936
182,Siddharthnagar,273853,Phoolpur,2118
164,Mahrajganj,76313,Phulmanaha,1926
182,Siddharthnagar,269886,Phulpur Lala,2120
179,Bhadohi,266440,Phulwariya Uparwar,2095
182,Siddharthnagar,269523,Pidava,2128
160,Kushinagar,74848,Pidra,1902
178,Sant Kabir Nagar,269462,Pidwa,2091
182,Siddharthnagar,267689,Pikaura,2119
129,Bara Banki,52211,Pilhati Haiderabad,1533
179,Bhadohi,86410,Pilkhini,2093
179,Bhadohi,86698,Pilkhuna,2096
129,Bara Banki,52212,Pindsawan,1533
164,Mahrajganj,76905,Pipar Pati,1935
160,Kushinagar,271642,Pipara Baghel,1903
160,Kushinagar,74778,Pipara Mustquil Agarwa,1901
164,Mahrajganj,76314,Pipara Parshauni,1926
160,Kushinagar,271311,Piparaghat Ahatmali,1901
181,Shrawasti,87884,Piparhawa Joga Gaon,2117
164,Mahrajganj,270865,Piparhiya,1932
147,Gonda,297440,Pipari,1750
160,Kushinagar,74849,Pipariya,1902
164,Mahrajganj,267064,Pipariya,1933
164,Mahrajganj,76907,Piparpati Tiwari,1935
164,Mahrajganj,76606,Piparriya Guru Govind Ray,1931
182,Siddharthnagar,88248,Pipergaddi,2122
182,Siddharthnagar,88728,Piperpatia,2128
164,Mahrajganj,76680,Pipra,1932
164,Mahrajganj,76762,Pipra,1933
182,Siddharthnagar,273882,Pipra,2118
164,Mahrajganj,76968,Pipra Bisvmabhrapur,1936
164,Mahrajganj,76398,Pipra Brahman/Barigawa,1928
178,Sant Kabir Nagar,269465,Pipra Doman,2091
182,Siddharthnagar,271888,Pipra Doyam,2125
178,Sant Kabir Nagar,86300,Pipra Govind,2091
178,Sant Kabir Nagar,269469,Pipra Hankar,2091
178,Sant Kabir Nagar,86301,Pipra Hasanpur,2091
160,Kushinagar,74851,Pipra Humel,1902
164,Mahrajganj,76908,Pipra Jaddu,1935
160,Kushinagar,74648,Pipra Jatanpur,1899
160,Kushinagar,74373,Pipra Jham,1895
164,Mahrajganj,76763,Pipra Kaji,1933
164,Mahrajganj,76607,Pipra Kalyan,1931
164,Mahrajganj,76969,Pipra Khalli,1936
164,Mahrajganj,76835,Pipra Khurd,1934
147,Gonda,297472,Pipra Mahim,1735
164,Mahrajganj,76399,Pipra Muderi,1928
164,Mahrajganj,76608,Pipra Narayan,1931
178,Sant Kabir Nagar,85812,Pipra Pratham,2084
182,Siddharthnagar,88249,Pipra Ramlal,2122
164,Mahrajganj,76527,Pipra Rasul Pur,1930
164,Mahrajganj,266911,Pipra Sohat,1929
164,Mahrajganj,76609,Pipra Sonari,1931
160,Kushinagar,74649,Pipra Sujan,1899
164,Mahrajganj,76970,Pipra Tahasildar,1936
147,Gonda,297487,Pipra Tappakot,1737
181,Shrawasti,268916,Piprahawa Ranjit Pur,2117
182,Siddharthnagar,273863,Piprahiya,2118
160,Kushinagar,74490,Pipraicha,1897
182,Siddharthnagar,88730,Pipramisir,2128
129,Bara Banki,51680,Piprauli,1526
129,Bara Banki,52213,Piprauli,1533
160,Kushinagar,74553,Piprawar Siwan,1898
164,Mahrajganj,76400,Piprayach / Pachrukhaiya,1928
160,Kushinagar,74257,Pipri,1893
182,Siddharthnagar,88341,Pipri Buzurg,2123
179,Bhadohi,86514,Pipris,2094
164,Mahrajganj,76401,Pipriya Karnjaha,1928
129,Bara Banki,51808,Pira Nagar,1528
182,Siddharthnagar,88342,Piraila,2123
160,Kushinagar,74780,Pirojaha,1901
147,Gonda,297423,Pisaiya,1742
160,Kushinagar,74491,Pokhar Bhinda,1897
164,Mahrajganj,77035,Pokhar Bhinda,1937
178,Sant Kabir Nagar,269350,Pokhar Bhitwa,2090
164,Mahrajganj,76402,Pokharbhinda,1928
164,Mahrajganj,76973,Pokharbhinda,1936
129,Bara Banki,52690,Pokhra,1540
179,Bhadohi,267395,Poore Nagari,2095
179,Bhadohi,86706,Poore Raza,2096
179,Bhadohi,86707,Poore Vishwanath,2096
160,Kushinagar,74651,Pradhan Patti,1899
164,Mahrajganj,76315,Praskhar,1926
129,Bara Banki,52075,Pratapganj,1532
182,Siddharthnagar,88731,Pratappur,2128
182,Siddharthnagar,274019,Pratappur,2120
147,Gonda,297392,Pratappur,1738
164,Mahrajganj,76316,Prthvipalgarh,1926
178,Sant Kabir Nagar,269360,Punya,2090
129,Bara Banki,52489,Purab Belaon,1537
182,Siddharthnagar,88252,Puraina,2122
160,Kushinagar,74493,Puraini,1897
147,Gonda,297426,Puraini,1749
164,Mahrajganj,76682,Purainiha,1932
164,Mahrajganj,76342,Purandar Pur,1927
179,Bhadohi,86515,Puray Mudiya,2094
181,Shrawasti,87752,Pure Adhari,2115
181,Shrawasti,87886,Pure Bale,2117
179,Bhadohi,266482,Pure Diwan,2096
147,Gonda,297287,Pure Gonai,1744
129,Bara Banki,268657,Pure Jabar,1535
147,Gonda,297192,Pure Khemkaran,1741
179,Bhadohi,266488,Pure Khushal,2097
147,Gonda,297420,Pure Maholiya,1742
179,Bhadohi,86803,Pure Manohar,2097
181,Shrawasti,87887,Pure Prasad,2117
179,Bhadohi,86413,Pure Shambhu,2093
147,Gonda,297410,Pure Tiwari,1747
164,Mahrajganj,76403,Pureana Khandi Chaura,1928
129,Bara Banki,269902,Purechandraman,1537
129,Bara Banki,52257,Puredalai,1534
181,Shrawasti,87632,Puredeen Namgarh,2113
160,Kushinagar,75002,Purnaha Buzurg,1904
181,Shrawasti,87633,Purushottompur,2113
178,Sant Kabir Nagar,269481,Purwa,2091
179,Bhadohi,86612,Purwa Uparwar,2095
129,Bara Banki,52549,Pyare Pur,1538
129,Bara Banki,52076,Pyarepur Saraiya,1532
129,Bara Banki,269901,Rabrahiya,1540
147,Gonda,297462,Radhanagar,1743
129,Bara Banki,267453,Raghav Pur,1525
129,Bara Banki,269900,Raghav Pur,1540
164,Mahrajganj,76468,Raghunathpur,1929
160,Kushinagar,74652,Rahasu,1899
160,Kushinagar,74181,Rahasujanubi Patti,1892
129,Bara Banki,269684,Raheemabad,1531
129,Bara Banki,52258,Rahimapur,1534
160,Kushinagar,267029,Rahsusomali Patti,1892
160,Kushinagar,271276,Raiganj,1904
129,Bara Banki,52214,Raigwan,1533
178,Sant Kabir Nagar,269368,Raindharpar,2090
129,Bara Banki,52625,Raipur,1539
164,Mahrajganj,76764,Raipur,1933
129,Bara Banki,269677,Raipur,1532
147,Gonda,297439,Raipur,1750
181,Shrawasti,87702,Raipur Pyare,2114
129,Bara Banki,52077,Rajai Pur,1532
160,Kushinagar,271469,Rajapakad,1903
164,Mahrajganj,76469,Rajapur,1929
129,Bara Banki,267037,Rajapur,1538
181,Shrawasti,87755,Rajapur Rani,2115
178,Sant Kabir Nagar,86304,Rajapur Sarraiya,2091
164,Mahrajganj,270724,Rajauda Kala,1934
164,Mahrajganj,76837,Rajauda Punjum,1934
164,Mahrajganj,76470,Rajdhani,1929
178,Sant Kabir Nagar,86225,Rajediha,2090
659,Sambhal,297306,Rajee Khera,1994
152,Jaunpur,299261,Rajepur 2,1808
181,Shrawasti,87634,Rajgarh Gulahriya,2113
164,Mahrajganj,76317,Rajmandir Kala,1926
164,Mahrajganj,76471,Rajmandir Khurd,1929
179,Bhadohi,266446,Rajmla,2095
178,Sant Kabir Nagar,85877,Rajnauli,2085
182,Siddharthnagar,88575,Rajpur,2126
160,Kushinagar,74107,Rakaba Dulama Patti,1891
160,Kushinagar,74782,Rakbajunglli Patti,1901
160,Kushinagar,74783,Rakbaraja,1901
178,Sant Kabir Nagar,86305,Raksha Devai,2091
178,Sant Kabir Nagar,86306,Raksha Kala,2091
129,Bara Banki,51893,Ralbhari,1529
182,Siddharthnagar,271303,Ram Bhari,2128
182,Siddharthnagar,88791,Ram Garh,2129
178,Sant Kabir Nagar,268903,Ram Jangala,2085
129,Bara Banki,52626,Ram Mandaee,1539
129,Bara Banki,52691,Ram Nagar,1540
164,Mahrajganj,76528,Ram Pur Bujurg,1930
178,Sant Kabir Nagar,85878,Ram Pur Madhay,2085
178,Sant Kabir Nagar,85879,Ram Pur Uttri,2085
182,Siddharthnagar,88410,Ramapur,2124
178,Sant Kabir Nagar,86226,Ramawa Pur,2090
178,Sant Kabir Nagar,86227,Ramawa Pur Sarkari,2090
160,Kushinagar,271787,Rambhawalia,1899
179,Bhadohi,267258,Ramchandarpur,2092
164,Mahrajganj,76766,Ramgarhva,1933
164,Mahrajganj,268505,Ramhauli,1930
129,Bara Banki,269897,Rami Pur,1540
179,Bhadohi,86614,Ramkishunpur Basahi,2095
164,Mahrajganj,76767,Ramnagar,1933
164,Mahrajganj,76974,Ramnagar,1936
182,Siddharthnagar,274097,Ramnagar,2119
659,Sambhal,297273,Ramnagar,1994
147,Gonda,297234,Ramnagar Jhinna,1740
659,Sambhal,297328,Ramnagar Urf Kanua Nagala,1586
181,Shrawasti,87703,Ramnagara,2114
129,Bara Banki,51615,Rampur,1525
160,Kushinagar,74784,Rampur,1901
182,Siddharthnagar,88792,Rampur,2129
164,Mahrajganj,76404,Rampur Baldiha,1928
160,Kushinagar,74108,Rampur Barahan,1891
160,Kushinagar,74557,Rampur Bhat,1898
129,Bara Banki,52550,Rampur Bhawani Pur,1538
160,Kushinagar,74259,Rampur Buzurg,1893
164,Mahrajganj,76912,Rampur Chakiya,1935
181,Shrawasti,87890,Rampur Devman,2117
160,Kushinagar,74109,Rampur Jamunia,1891
129,Bara Banki,51681,Rampur Joga,1526
164,Mahrajganj,77038,Rampur Kala,1937
164,Mahrajganj,270730,Rampur Khurd,1934
129,Bara Banki,52324,Rampur Mahasingh,1535
164,Mahrajganj,268733,Rampur Mahuawa,1931
181,Shrawasti,87704,Rampur Painda,2114
160,Kushinagar,74110,Rampur Patti,1891
160,Kushinagar,74262,Rampur Patwa,1893
129,Bara Banki,51739,Rampur Rai Sahab,1527
160,Kushinagar,74854,Rampur Sohrauna,1902
129,Bara Banki,52627,Rampur Telyani,1539
181,Shrawasti,268858,Rampur Tirbhauna,2114
160,Kushinagar,74182,Rampur Urf Khushihal Tola,1892
179,Bhadohi,86522,Rampur Z.Saroi,2094
659,Sambhal,297248,Rampura Jatt,2005
164,Mahrajganj,76611,Rampurmeer,1931
129,Bara Banki,52551,Ramsahai,1538
182,Siddharthnagar,273917,Ramtikra,2118
178,Sant Kabir Nagar,85813,Ramwapur,2084
181,Shrawasti,87635,Ramwapur,2113
182,Siddharthnagar,88635,Ramwapur,2127
182,Siddharthnagar,88732,Ramwapur Bhai,2128
182,Siddharthnagar,269701,Rangrejpur,2122
178,Sant Kabir Nagar,269118,Ranipar,2086
129,Bara Banki,51963,Ranipur,1530
164,Mahrajganj,76473,Ranipur,1929
164,Mahrajganj,76841,Ranipur,1934
147,Gonda,297272,Ranipur,1740
147,Gonda,297458,Ranipur,1743
181,Shrawasti,87891,Ranipur Bhela,2117
181,Shrawasti,87705,Ranipur Quazi,2114
129,Bara Banki,268152,Ranjitpur,1539
129,Bara Banki,52692,Raoni,1540
129,Bara Banki,51894,Rariya,1529
178,Sant Kabir Nagar,85745,Rasahara,2083
129,Bara Banki,52078,Rasauli,1532
182,Siddharthnagar,88636,Rasiyawal Kala,2127
182,Siddharthnagar,88637,Rasiyawal Khurd,2127
129,Bara Banki,51895,Rasool Panah,1529
178,Sant Kabir Nagar,85957,Rasoolabad,2086
129,Bara Banki,51896,Rasoolpur,1529
182,Siddharthnagar,88345,Rasoolpur,2123
178,Sant Kabir Nagar,269120,Rasoolpur,2086
129,Bara Banki,51809,Rasoolpur Kidwai,1528
659,Sambhal,297261,Rasoolpur Sarai,2005
129,Bara Banki,269896,Rasulabad Bihari Pur,1537
129,Bara Banki,52552,Rasulpur,1538
182,Siddharthnagar,88793,Rasulpur,2129
129,Bara Banki,242787,Rasulpur,1525
129,Bara Banki,51740,Rasulpur Kalan,1527
164,Mahrajganj,76686,Ratanpur,1932
164,Mahrajganj,77041,Ratanpur,1937
178,Sant Kabir Nagar,86113,Ratanpur,2088
164,Mahrajganj,76842,Ratanpurwa,1934
129,Bara Banki,51616,Ratauli,1525
182,Siddharthnagar,88255,Rathaina,2122
129,Bara Banki,51897,Rauja,1529
129,Bara Banki,51964,Raulee,1530
164,Mahrajganj,76769,Rautar,1933
178,Sant Kabir Nagar,85958,Rautpar,2086
179,Bhadohi,86524,Raveli,2094
160,Kushinagar,74183,Rawatpar,1892
659,Sambhal,297243,Raykhurd Urf Bibipur,2005
659,Sambhal,297236,Razakpur,2005
160,Kushinagar,74785,Razpur Khas,1901
129,Bara Banki,51965,Reethi Sikandarpur,1530
129,Bara Banki,269669,Reevan Ratanpur,1528
164,Mahrajganj,267018,Regahiyan,1933
147,Gonda,297477,Rehar Tapaki,1735
164,Mahrajganj,76612,Rehav,1931
164,Mahrajganj,76687,Rehra,1932
129,Bara Banki,52079,Rehra Mau,1532
129,Bara Banki,52628,Rehta,1539
129,Bara Banki,269894,Rehura,1530
182,Siddharthnagar,274095,Rekhat,2119
129,Bara Banki,51682,Rendua Palhari,1526
178,Sant Kabir Nagar,86114,Rewta,2088
129,Bara Banki,268294,Richhala,1539
164,Mahrajganj,76344,Rithiya Padri,1927
129,Bara Banki,268226,Riwan,1529
182,Siddharthnagar,88107,Rohawn Khurd,2120
129,Bara Banki,51741,Rohila Nagar,1527
129,Bara Banki,51966,Rohna Meerapur,1530
182,Siddharthnagar,88795,Rohudila,2129
182,Siddharthnagar,274101,Romandai,2119
178,Sant Kabir Nagar,85881,Roopin,2085
147,Gonda,297438,Roopipur,1750
178,Sant Kabir Nagar,86167,Rosaya Bazar,2089
129,Bara Banki,52325,Roti Gaon,1535
160,Kushinagar,75004,Ruari,1904
160,Kushinagar,74184,Rudawalia,1892
178,Sant Kabir Nagar,269488,Rudhauli,2091
164,Mahrajganj,76530,Rudhauli Bhauchak,1930
164,Mahrajganj,76913,Rudrapur,1935
164,Mahrajganj,77042,Rudrapur,1937
164,Mahrajganj,76474,Rudrapur Shivnath,1929
164,Mahrajganj,76770,Rudrauli,1933
129,Bara Banki,52629,Ruhera,1539
129,Bara Banki,51967,Rukunuddinpur,1530
164,Mahrajganj,268417,Runuwa,1936
147,Gonda,297170,Rupaideeh,1741
171,Moradabad,297205,Ruppur Bhadurpur,2002
659,Sambhal,297326,Rusatampur Pipalvara,1586
129,Bara Banki,52326,Saadatgunj,1535
129,Bara Banki,52491,Saadulla Pur,1537
129,Bara Banki,51617,Saadullapur,1525
182,Siddharthnagar,88412,Sabui Sabua,2124
129,Bara Banki,52080,Sadamau,1532
129,Bara Banki,52554,Sadeva,1538
129,Bara Banki,51898,Sadhemau,1529
160,Kushinagar,74655,Sadi Buzurg,1899
160,Kushinagar,74656,Sadi Khurd,1899
129,Bara Banki,51899,Sadrapur,1529
129,Bara Banki,52081,Sadruddinpur,1532
129,Bara Banki,242788,Sadva Bhelu,1525
129,Bara Banki,52082,Safdarganj,1532
178,Sant Kabir Nagar,269494,Safiabad,2091
129,Bara Banki,51900,Safipur,1529
181,Shrawasti,87828,Sagar Gaon,2116
160,Kushinagar,271158,Sagar Gosai,1898
179,Bhadohi,86616,Sagar Raipur,2095
164,Mahrajganj,76320,Sahajnwa,1926
160,Kushinagar,74657,Sahajwalia,1899
164,Mahrajganj,76975,Sahapur Jangal,1936
659,Sambhal,297195,Sahariya Abdalnagar,2004
179,Bhadohi,86713,Sahasipur,2096
129,Bara Banki,52696,Sahavar,1540
182,Siddharthnagar,88109,Sahe Para,2120
129,Bara Banki,52026,Saheliya,1531
129,Bara Banki,52553,Saheri,1538
182,Siddharthnagar,88110,Sahijwar,2120
160,Kushinagar,74658,Sahuadih,1899
178,Sant Kabir Nagar,85746,Saibujurg,2083
129,Bara Banki,52083,Saidabad,1532
129,Bara Banki,52492,Saidan Pur,1537
129,Bara Banki,52327,Saidanpur,1535
129,Bara Banki,52555,Saidanpur,1538
129,Bara Banki,51742,Saidkhanpur,1527
659,Sambhal,297150,Saidpur,1996
129,Bara Banki,51743,Saifpur,1527
129,Bara Banki,51810,Saihara,1528
129,Bara Banki,51907,Saili Kiratpur,1529
182,Siddharthnagar,88638,Sainuwa,2127
178,Sant Kabir Nagar,85959,Sais Rao Mafi,2086
178,Sant Kabir Nagar,271855,Saitwalia Sutehra,2091
182,Siddharthnagar,88893,Sajni,2131
178,Sant Kabir Nagar,86115,Sakaraicha,2088
182,Siddharthnagar,88346,Sakat Pur,2123
129,Bara Banki,267447,Sakatpur,1525
171,Moradabad,297340,Sakatpura Mustahkam,1997
129,Bara Banki,51619,Sakauli,1525
178,Sant Kabir Nagar,86116,Sakhi,2088
160,Kushinagar,74659,Sakhopar,1899
129,Bara Banki,269893,Salah Bhari,1537
129,Bara Banki,51812,Salarpur,1528
164,Mahrajganj,76976,Saldah Urf Kawaldah,1936
129,Bara Banki,51811,Saleh Nagar,1528
129,Bara Banki,52217,Salehpur,1533
178,Sant Kabir Nagar,86307,Salehpur,2091
129,Bara Banki,52216,Salemabad,1533
160,Kushinagar,74786,Salemgarh,1901
129,Bara Banki,51813,Salempur,1528
129,Bara Banki,51901,Salempur,1529
129,Bara Banki,267433,Salempur,1525
147,Gonda,297412,Salpur Pathak,1747
179,Bhadohi,266329,Samalkot,2094
178,Sant Kabir Nagar,268746,Samantha,2084
164,Mahrajganj,76977,Samara Maharaj,1936
164,Mahrajganj,76475,Samardhira,1929
182,Siddharthnagar,88258,Samda,2122
171,Moradabad,297375,Samda Ramsahai,2003
181,Shrawasti,87893,Samhar Purawa,2117
179,Bhadohi,86419,Samhi Bhatani,2093
182,Siddharthnagar,88736,Samogara,2128
129,Bara Banki,51621,Sanauli,1525
178,Sant Kabir Nagar,86228,Sanda,2090
164,Mahrajganj,76771,Sanda Khurd,1933
129,Bara Banki,51684,Sandauli Umarpur,1526
129,Bara Banki,51969,Sandva,1530
178,Sant Kabir Nagar,85749,Sangath,2083
129,Bara Banki,52496,Sangaura Saidkhan,1537
181,Shrawasti,87894,Sangram Ganj,2117
178,Sant Kabir Nagar,269987,Sanichara Chaubey,2088
171,Moradabad,297274,Sanjarpur Sultanpur,1999
160,Kushinagar,74856,Sankhapar Mafi,1902
129,Bara Banki,51933,Sansara,1530
182,Siddharthnagar,274090,Sansari,2119
178,Sant Kabir Nagar,85882,Santhi,2085
182,Siddharthnagar,88850,Santora,2130
160,Kushinagar,74185,Sapaha,1892
182,Siddharthnagar,88639,Sapahi,2127
160,Kushinagar,74933,Sapahi Bujurg,1903
129,Bara Banki,52260,Saraahi,1534
129,Bara Banki,52261,Saraay Barayi,1534
129,Bara Banki,52262,Saraay Dunauli,1534
129,Bara Banki,52263,Saraay Netamau,1534
160,Kushinagar,74111,Saragatia Karan Patti,1891
178,Sant Kabir Nagar,86119,Sarahra,2088
129,Bara Banki,52493,Sarai Belhari,1537
160,Kushinagar,74934,Sarai Buzurg,1903
129,Bara Banki,269892,Sarai Chaubey,1530
160,Kushinagar,74787,Sarai Khurd,1901
129,Bara Banki,52494,Sarai Meer,1537
129,Bara Banki,51685,Sarai Mihi,1526
179,Bhadohi,86716,Sarai Misrani,2096
129,Bara Banki,52693,Sarai Pandey,1540
129,Bara Banki,52027,Sarai Parsanda,1531
129,Bara Banki,269891,Sarai Purkhoo,1537
129,Bara Banki,52264,Sarai Saif,1534
179,Bhadohi,266845,Sarairuddi,2092
129,Bara Banki,51747,Saraiya Chamaran,1527
129,Bara Banki,51903,Saraiya Matbar Nagar,1529
182,Siddharthnagar,88894,Sarauli,2131
178,Sant Kabir Nagar,85962,Sarauli Cheharum,2086
179,Bhadohi,86421,Sarauli Or Ramauli,2093
182,Siddharthnagar,88798,Sarauta,2129
129,Bara Banki,269660,Saray Akbarabad,1526
129,Bara Banki,51971,Saray Gopi,1530
129,Bara Banki,52028,Saray Hijra,1531
164,Mahrajganj,76531,Saray Khutaha,1930
129,Bara Banki,51970,Saray Rawat,1530
129,Bara Banki,51746,Saray Shah Alam,1527
129,Bara Banki,268314,Saray Shahbajpur,1533
129,Bara Banki,51745,Saray Singhai,1527
164,Mahrajganj,76532,Sardiha,1930
178,Sant Kabir Nagar,86035,Sare Kala,2087
160,Kushinagar,271175,Sargatia,1898
179,Bhadohi,86810,Sari Bhansinghpur,2097
179,Bhadohi,86719,Saripur Urf Umarpur,2096
160,Kushinagar,74112,Sariswa,1891
160,Kushinagar,74186,Sariya Mahanth Patti,1892
179,Bhadohi,86528,Saroi,2094
160,Kushinagar,74661,Sarpathi Buzurg,1899
160,Kushinagar,75005,Sarpathi Khurd,1904
181,Shrawasti,87895,Sarra Bojhi,2117
129,Bara Banki,52495,Sarsa,1537
129,Bara Banki,52630,Sarsanda,1539
129,Bara Banki,51814,Sarsaundi,1528
129,Bara Banki,52219,Sarsawan,1533
129,Bara Banki,242790,Sarwan Tikttha,1525
160,Kushinagar,74662,Sarya,1899
160,Kushinagar,74496,Sat Bhariya,1897
129,Bara Banki,52084,Satbisawan,1532
178,Sant Kabir Nagar,86120,Satehara,2088
164,Mahrajganj,76844,Satgur,1934
129,Bara Banki,51972,Satrahi,1530
129,Bara Banki,269655,Satrikh Dehat,1531
182,Siddharthnagar,87962,Satwari,2118
182,Siddharthnagar,88349,Saurahwa Grant,2123
160,Kushinagar,74559,Saurha Buzurg,1898
160,Kushinagar,74560,Saurha Khurd,1898
178,Sant Kabir Nagar,86308,Saurha Singhorwa,2091
164,Mahrajganj,76533,Savana,1930
179,Bhadohi,86423,Sayar,2093
129,Bara Banki,52330,Seehamau,1535
160,Kushinagar,74857,Sehni,1902
659,Sambhal,297338,Sehora,1589
182,Siddharthnagar,88737,Sehri Buzurg,2128
182,Siddharthnagar,88413,Sehura,2124
164,Mahrajganj,76689,Sekhuani,1932
164,Mahrajganj,76979,Sekhuee,1936
164,Mahrajganj,76614,Sekhui,1931
182,Siddharthnagar,273914,Sekhui,2118
182,Siddharthnagar,88414,Sekhuiya,2124
160,Kushinagar,74663,Sekhwania Khurd,1899
182,Siddharthnagar,273937,Sekui,2125
129,Bara Banki,52631,Selak Jalalpur,1539
178,Sant Kabir Nagar,85883,Semar Dandi,2085
160,Kushinagar,74664,Semara Hardo,1899
182,Siddharthnagar,88160,Semari,2121
181,Shrawasti,87637,Semari Tarhar,2113
182,Siddharthnagar,88799,Semariyaw,2129
178,Sant Kabir Nagar,86310,Semariyawan,2091
129,Bara Banki,51748,Semaur,1527
181,Shrawasti,87638,Semghda,2113
659,Sambhal,297191,Semla,2004
179,Bhadohi,266767,Semra,2092
178,Sant Kabir Nagar,269128,Semra,2086
147,Gonda,297479,Semra Bujurg,1735
164,Mahrajganj,76914,Semra Chandrauli,1935
182,Siddharthnagar,88495,Semra Mustahkam,2125
160,Kushinagar,74377,Semra Urf Jhungua,1895
182,Siddharthnagar,88896,Semrahana,2131
182,Siddharthnagar,274083,Semrahava,2119
164,Mahrajganj,270856,Semrahna,1932
164,Mahrajganj,76476,Semrahwa,1929
129,Bara Banki,52632,Semrai,1539
129,Bara Banki,52498,Semri,1537
164,Mahrajganj,77044,Semri,1937
181,Shrawasti,87759,Semri Chakpihani,2115
182,Siddharthnagar,88262,Semuwa Deeh,2122
160,Kushinagar,74859,Senduar,1902
179,Bhadohi,86530,Serwa,2094
129,Bara Banki,52029,Seth Mau,1531
179,Bhadohi,86424,Seur,2093
182,Siddharthnagar,274078,Sevra,2119
178,Sant Kabir Nagar,269217,Sewaipar,2089
164,Mahrajganj,76690,Sewtari,1932
164,Mahrajganj,76321,Shaahabad,1926
659,Sambhal,297278,Shafatnagar,1994
171,Moradabad,297247,Shahalampur,2002
129,Bara Banki,51683,Shahavpur,1526
160,Kushinagar,271242,Shahjauli,1902
129,Bara Banki,51816,Shahpur,1528
129,Bara Banki,51906,Shahpur,1529
129,Bara Banki,52031,Shahpur,1531
129,Bara Banki,52695,Shahpur,1540
129,Bara Banki,52220,Shahpur Baksoliya,1533
181,Shrawasti,87896,Shahpur Bargadwa,2117
129,Bara Banki,52328,Shahpur Chak Baharwa,1535
181,Shrawasti,87760,Shahpur Kalan,2115
129,Bara Banki,51618,Shahpur Morarpur,1525
129,Bara Banki,52694,Shahpur Sidvi,1540
160,Kushinagar,74113,Shahpur Uchaki Patti,1891
160,Kushinagar,74380,Shampur,1895
182,Siddharthnagar,88584,Shanichara,2126
178,Sant Kabir Nagar,86169,Shanichra Bazar,2089
160,Kushinagar,74188,Shankar Pathkhauli,1892
181,Shrawasti,87898,Shankarpur,2117
160,Kushinagar,74189,Shanker Patti,1892
178,Sant Kabir Nagar,269991,Shanti Nargapar,2088
160,Kushinagar,74114,Shapur Khalwa Patti,1891
129,Bara Banki,51973,Shareefabad,1530
129,Bara Banki,268233,Shekhanpur,1529
129,Bara Banki,52329,Shekhpur Alipur,1535
129,Bara Banki,268235,Shekhpur Makdoom,1529
160,Kushinagar,74665,Shekhwania Buzurg,1899
178,Sant Kabir Nagar,269130,Sheo Shankarpur,2086
160,Kushinagar,74190,Sherpur Badahara,1892
659,Sambhal,297175,Sherua,1995
129,Bara Banki,51815,Sheshpur,1528
164,Mahrajganj,77045,Sheshpur,1937
129,Bara Banki,269632,Sheshpur,1531
129,Bara Banki,52499,Sheshpur Hakim,1537
129,Bara Banki,52500,Sheshpur Zahid Ali,1537
178,Sant Kabir Nagar,86170,Shiv Bakhari,2089
178,Sant Kabir Nagar,85751,Shiv Bakhri,2083
178,Sant Kabir Nagar,85752,Shivapar,2083
181,Shrawasti,87899,Shivghrh Khurd,2117
129,Bara Banki,52697,Shivnaam,1540
182,Siddharthnagar,88800,Shivpati Nagar,2129
164,Mahrajganj,76323,Shivpur,1926
181,Shrawasti,87639,Shivpur Bankata,2113
160,Kushinagar,74666,Shivpur Buzurg,1899
164,Mahrajganj,76692,Shivpuri,1932
129,Bara Banki,269888,Shivrajpur,1530
179,Bhadohi,266453,Shivrampur,2096
179,Bhadohi,86620,Shivsewak Patti,2095
147,Gonda,297443,Shobhapur,1745
181,Shrawasti,268797,Shravantara,2113
178,Sant Kabir Nagar,269636,Shri Nagar,2087
129,Bara Banki,51687,Shuklai,1526
129,Bara Banki,51975,Shukulpur,1530
147,Gonda,297300,Shukulpur,1744
129,Bara Banki,52698,Shumbha,1540
164,Mahrajganj,76915,Shyam Deurvan,1935
129,Bara Banki,51749,Shyam Nagar,1527
129,Bara Banki,52557,Shyam Nagar,1538
164,Mahrajganj,270872,Shyamkat,1932
178,Sant Kabir Nagar,85814,Sia Katai,2084
164,Mahrajganj,268017,Sidhave,1933
160,Kushinagar,74721,Sidhawe,1900
129,Bara Banki,51974,Sidhiyanwa,1530
160,Kushinagar,74669,Sidhua Bagar Bhath,1899
164,Mahrajganj,76980,Sidhwari,1936
129,Bara Banki,51817,Sidwaahi,1528
160,Kushinagar,74670,Siganjori,1899
160,Kushinagar,74562,Sigha,1898
129,Bara Banki,268546,Sigha,1529
129,Bara Banki,51908,Sihali,1529
160,Kushinagar,271247,Sihuliya,1902
182,Siddharthnagar,88264,Sikahra Kohra,2122
164,Mahrajganj,76345,Sikandarajeetpur,1927
129,Bara Banki,52032,Sikandarpur,1531
129,Bara Banki,269623,Sikandarpur,1528
178,Sant Kabir Nagar,85965,Sikari,2086
182,Siddharthnagar,269506,Sikata,2128
156,Kanpur Dehat,298795,Sikhamapur,1849
179,Bhadohi,86621,Siki Chaura,2095
129,Bara Banki,52634,Sikohna,1539
182,Siddharthnagar,88640,Sikri Bakhariya,2127
129,Bara Banki,52266,Sikri Jeewal,1534
129,Bara Banki,267428,Sikrohra,1534
160,Kushinagar,74671,Sikta,1899
182,Siddharthnagar,88115,Sikta,2120
178,Sant Kabir Nagar,86122,Siktaha,2088
160,Kushinagar,74498,Siktiya,1897
129,Bara Banki,52331,Silauta,1535
129,Bara Banki,51620,Silhaur,1525
160,Kushinagar,74936,Sinduria Bujurg,1903
164,Mahrajganj,76616,Sinduriya,1931
147,Gonda,297425,Singaha Bhoj,1749
164,Mahrajganj,76536,Singh Pur,1930
160,Kushinagar,271472,Singha,1903
160,Kushinagar,267981,Singhana,1893
659,Sambhal,297386,Singhdalanapur,1592
160,Kushinagar,74499,Singhpur,1897
179,Bhadohi,267339,Singhpur,2097
659,Sambhal,297167,Singhpur,1995
659,Sambhal,297388,Singhpur,1592
147,Gonda,297419,Singhpur,1742
164,Mahrajganj,76478,Singhpur Tharauli,1929
129,Bara Banki,52221,Singtara,1533
182,Siddharthnagar,274043,Sinhorava Bujurg,2121
164,Mahrajganj,270735,Sinhorva,1932
182,Siddharthnagar,88352,Sinhorwa Tiwari,2123
164,Mahrajganj,268322,Sinhpur Ayodhya,1936
178,Sant Kabir Nagar,85753,Sinhteekar,2083
129,Bara Banki,51818,Sipahiya,1528
164,Mahrajganj,76775,Sirauli,1933
129,Bara Banki,267009,Sirauli Gung,1538
129,Bara Banki,52332,Sirauli Kala,1535
182,Siddharthnagar,88801,Sirawat,2129
178,Sant Kabir Nagar,85966,Sirmohni,2086
659,Sambhal,297251,Sirsa Nal,2005
178,Sant Kabir Nagar,85885,Sirsi Khas,2085
164,Mahrajganj,76694,Sirsia Khas,1932
181,Shrawasti,87900,Sirsiya,2117
160,Kushinagar,74382,Sirsiya Khoiya,1895
182,Siddharthnagar,267749,Sirsiya Raja,2124
182,Siddharthnagar,88740,Sisai Kalan,2128
129,Bara Banki,51750,Sisauna,1527
129,Bara Banki,52333,Sisaunda,1535
182,Siddharthnagar,88416,Sisawa Buzurg,2124
182,Siddharthnagar,88802,Sisawa Grant,2129
164,Mahrajganj,76697,Sishgarh,1932
659,Sambhal,297399,Sisona Danda,1592
182,Siddharthnagar,271316,Sisva Khurd,2129
164,Mahrajganj,76537,Siswa,1930
182,Siddharthnagar,274100,Siswa Bujurg,2119
182,Siddharthnagar,88355,Siswa Buzurg,2123
160,Kushinagar,271425,Siswa Digar,1901
178,Sant Kabir Nagar,269497,Siswa Fataullah,2091
160,Kushinagar,75008,Siswa Goiti,1904
160,Kushinagar,74672,Siswa Mathia,1899
164,Mahrajganj,76917,Siswa Munshi,1935
178,Sant Kabir Nagar,268224,Siswa Pathan,2083
178,Sant Kabir Nagar,269500,Siswa Talib,2091
164,Mahrajganj,76479,Siswa Taufir,1929
164,Mahrajganj,76698,Siswa Urf Khoria,1932
178,Sant Kabir Nagar,86123,Siswania,2088
164,Mahrajganj,76480,Siswania Bishun,1929
164,Mahrajganj,76541,Siswaniya,1930
164,Mahrajganj,76981,Siswaniya Bujurg,1936
129,Bara Banki,51819,Siswara,1528
182,Siddharthnagar,88851,Sita Ram Pur,2130
129,Bara Banki,269887,Sithumau,1530
181,Shrawasti,87901,Sitkahva,2117
164,Mahrajganj,76405,Sitlapur,1928
160,Kushinagar,74501,Situhiya,1897
178,Sant Kabir Nagar,269136,Sivsara,2086
178,Sant Kabir Nagar,85886,Siyar Khurd,2085
178,Sant Kabir Nagar,85967,Siyara Santha,2086
182,Siddharthnagar,267650,Siyav Nankar,2130
164,Mahrajganj,76481,Sodhi,1929
164,Mahrajganj,77050,Sofra,1937
164,Mahrajganj,76618,Sohagaura,1931
164,Mahrajganj,76777,Sohagi Barava,1933
182,Siddharthnagar,88117,Sohana,2120
160,Kushinagar,74191,Sohang,1892
182,Siddharthnagar,88897,Sohans Darmiyani,2131
182,Siddharthnagar,88899,Sohans Khas,2131
182,Siddharthnagar,88900,Sohans Sumali,2131
164,Mahrajganj,76982,Soharwaliya Kala,1936
164,Mahrajganj,76983,Soharwaliya Khurd,1936
164,Mahrajganj,76846,Sohas,1934
164,Mahrajganj,76918,Sohasa Banspar,1935
164,Mahrajganj,76778,Sohat,1933
164,Mahrajganj,76919,Sohaval,1935
129,Bara Banki,52033,Sohilpur,1531
129,Bara Banki,267423,Sohilpur,1525
160,Kushinagar,75009,Sohrauna,1904
164,Mahrajganj,76406,Sohrauna,1928
160,Kushinagar,74265,Sohsa Mathiya,1893
160,Kushinagar,74266,Sohsa Patti Gausi,1893
178,Sant Kabir Nagar,86171,Sonahan,2089
179,Bhadohi,86622,Sonaicha,2095
182,Siddharthnagar,88587,Sonauli Nankar,2126
182,Siddharthnagar,88417,Sonaura,2124
178,Sant Kabir Nagar,86313,Sonaura Ghausi,2091
178,Sant Kabir Nagar,85815,Sonaura Guman Rai,2084
182,Siddharthnagar,88803,Sonawal,2129
164,Mahrajganj,76847,Sonbarasa,1934
164,Mahrajganj,77051,Sonbarsa,1937
181,Shrawasti,87902,Sonbarsa,2117
147,Gonda,297424,Sonbarsa,1749
129,Bara Banki,52559,Sondhwa,1538
160,Kushinagar,74937,Sondiya Buzurg,1903
182,Siddharthnagar,273913,Sonferva Khurd,2118
182,Siddharthnagar,88742,Sonkhar,2128
182,Siddharthnagar,273865,Sonkhar,2118
182,Siddharthnagar,88266,Sonkhara,2122
182,Siddharthnagar,88356,Sonnagar,2123
164,Mahrajganj,76699,Sonpipri,1932
164,Mahrajganj,76326,Sonpipri Khurd,1926
181,Shrawasti,87835,Sonpur Kalan,2116
164,Mahrajganj,76542,Sonra,1930
181,Shrawasti,87640,Sonrai,2113
164,Mahrajganj,76619,Sonval,1931
164,Mahrajganj,76482,Sonwal,1929
659,Sambhal,297329,Soorpur,1586
164,Mahrajganj,76848,Sorha,1934
160,Kushinagar,74115,Sorvah,1891
659,Sambhal,297163,Sotipura,1996
182,Siddharthnagar,273887,Subhauli,2118
181,Shrawasti,87708,Subikha,2114
160,Kushinagar,271244,Subudhiya Khurd,1902
129,Bara Banki,52635,Sudhiyamau,1539
182,Siddharthnagar,88901,Sugahi,2131
160,Kushinagar,271783,Sugahi,1899
164,Mahrajganj,268679,Sugauli,1937
178,Sant Kabir Nagar,268244,Sughra Mafi,2083
129,Bara Banki,267419,Sukhipur,1525
178,Sant Kabir Nagar,269994,Sukhipur,2088
160,Kushinagar,74675,Sukhpura,1899
160,Kushinagar,74676,Sukhswalia,1899
164,Mahrajganj,267155,Sukrahar,1933
178,Sant Kabir Nagar,269996,Sukrauli,2088
182,Siddharthnagar,273896,Sukrauli,2118
164,Mahrajganj,270741,Sukrauli Urf Argha,1932
164,Mahrajganj,76483,Sukrauli Urf Suryapura,1929
129,Bara Banki,242791,Sulempur,1525
129,Bara Banki,51688,Sultan Pur,1526
147,Gonda,297174,Sultanjot,1741
129,Bara Banki,52034,Sultanpur,1531
129,Bara Banki,268285,Sultanpur,1539
171,Moradabad,297218,Sultanpur Khaddar (M.S.T),2000
160,Kushinagar,74862,Sumahatar,1902
160,Kushinagar,74790,Sumahi Bujurg Urf Mahediya,1901
160,Kushinagar,74791,Sumahi Mohan Singh,1901
160,Kushinagar,74792,Sumahi Santpatti,1901
164,Mahrajganj,76921,Sumer Garh,1935
160,Kushinagar,74793,Sumuhi Sangram,1901
171,Moradabad,297290,Sunari,2001
659,Sambhal,297393,Sundarpur,1592
182,Siddharthnagar,273867,Supa Raja,2118
178,Sant Kabir Nagar,85889,Suraina,2085
182,Siddharthnagar,88852,Suraj Kundiya,2130
129,Bara Banki,51623,Surajpur,1525
129,Bara Banki,52636,Suratganj,1539
179,Bhadohi,86533,Surhan,2094
129,Bara Banki,268374,Surjanpur,1539
147,Gonda,297450,Surjapur,1745
164,Mahrajganj,76484,Surpar,1929
129,Bara Banki,51751,Surra,1527
129,Bara Banki,51689,Sursanda,1526
164,Mahrajganj,270846,Suryapura,1932
129,Bara Banki,51909,Taalgaon,1529
182,Siddharthnagar,273855,Tadavalgat,2118
160,Kushinagar,271668,Tadawa,1899
164,Mahrajganj,76407,Tadhwa,1928
182,Siddharthnagar,88853,Tadiya,2130
182,Siddharthnagar,88267,Tadwa,2122
147,Gonda,297335,Tadwa Gulam,1748
129,Bara Banki,51913,Tadwa Naankari,1529
171,Moradabad,297357,Tahanayak,2003
171,Moradabad,297295,Taharpur Ll,2001
129,Bara Banki,266996,Tahasi Pur,1527
129,Bara Banki,268342,Tahirpur,1533
129,Bara Banki,51820,Tai Kala,1528
182,Siddharthnagar,88035,Tal Kunda,2119
182,Siddharthnagar,88902,Talnatwa,2131
182,Siddharthnagar,273909,Talpurava,2118
178,Sant Kabir Nagar,85890,Tama,2085
178,Sant Kabir Nagar,85968,Tama,2086
129,Bara Banki,52035,Tamarsepur,1531
129,Bara Banki,51624,Tanda,1525
129,Bara Banki,52637,Tanda,1539
178,Sant Kabir Nagar,85891,Tanda,2085
182,Siddharthnagar,88418,Tandiya Bazar,2124
129,Bara Banki,52638,Tandva,1539
181,Shrawasti,87906,Tangpasri,2117
160,Kushinagar,74940,Tapahi Tandwa,1903
129,Bara Banki,52334,Tape Sipah,1535
160,Kushinagar,271467,Tar Bishunpur,1903
182,Siddharthnagar,273883,Taragujrauliya,2118
178,Sant Kabir Nagar,85969,Taraini,2086
147,Gonda,297481,Taraini,1735
178,Sant Kabir Nagar,86124,Taraiyapar,2088
129,Bara Banki,267411,Tarapur,1527
129,Bara Banki,52560,Tarapur Guman,1538
182,Siddharthnagar,88120,Tarav,2120
129,Bara Banki,52222,Tarawan,1533
147,Gonda,297172,Targaon,1741
160,Kushinagar,74193,Taruanwa,1892
160,Kushinagar,74794,Tarya Lachhiram,1901
160,Kushinagar,74795,Tarya Sujan,1901
160,Kushinagar,74796,Tarya Sukhnath,1901
160,Kushinagar,74797,Taryaharkesh,1901
659,Sambhal,297212,Tatarpur Ghosi,2004
659,Sambhal,297255,Tatarpur Sandal,2005
182,Siddharthnagar,274108,Taulihwa,2119
129,Bara Banki,51828,Teep Hara,1528
129,Bara Banki,52036,Teer Gaon,1531
160,Kushinagar,74863,Tehni,1902
160,Kushinagar,74567,Tehri,1898
129,Bara Banki,52037,Tejawapur,1531
182,Siddharthnagar,87972,Tejgarh,2118
179,Bhadohi,266485,Tejsinghpur,2097
129,Bara Banki,52700,Tejvapur,1540
160,Kushinagar,74941,Tejwalia,1903
182,Siddharthnagar,273866,Tekapar,2118
160,Kushinagar,74724,Tekuatar,1900
160,Kushinagar,74505,Telgaona,1897
182,Siddharthnagar,88588,Teliya Diha,2126
129,Bara Banki,51752,Telma,1527
129,Bara Banki,52563,Telwaari,1538
129,Bara Banki,52336,Telwari,1535
182,Siddharthnagar,88269,Telya Deeh,2122
129,Bara Banki,52337,Telyaani,1535
178,Sant Kabir Nagar,86315,Tema Rahmat,2091
182,Siddharthnagar,88744,Tendui,2128
129,Bara Banki,52503,Tendwa,1537
181,Shrawasti,87641,Tendwa Mahant,2113
178,Sant Kabir Nagar,269512,Tenuhari Auwal,2091
178,Sant Kabir Nagar,86316,Tenuhari Doem,2091
182,Siddharthnagar,269910,Tenuva,2123
129,Bara Banki,268369,Tenwa,1539
129,Bara Banki,52038,Tera,1531
129,Bara Banki,51823,Tera Kala,1528
129,Bara Banki,51824,Tera Khurd,1528
129,Bara Banki,51911,Terhwa,1529
182,Siddharthnagar,88589,Teuwa Grant,2126
129,Bara Banki,268398,Thakuramau,1533
129,Bara Banki,52562,Thakurpur,1538
129,Bara Banki,269885,Thakurpur,1540
129,Bara Banki,51976,Thalwara,1530
129,Bara Banki,266973,Thana Deeh,1538
129,Bara Banki,51977,Thanpur,1530
164,Mahrajganj,76486,Tharauli Bujurg,1929
160,Kushinagar,74116,Thatibar,1891
178,Sant Kabir Nagar,86318,Thawaiepar,2091
179,Bhadohi,86427,Theghipur,2093
182,Siddharthnagar,88642,Thothari,2127
182,Siddharthnagar,88272,Thumhwa,2122
164,Mahrajganj,76779,Thuthibari,1933
160,Kushinagar,74942,Tibani Banjarwa,1903
178,Sant Kabir Nagar,86125,Tighara,2088
182,Siddharthnagar,88904,Tighra,2131
659,Sambhal,297197,Tigri,2004
129,Bara Banki,51914,Tikapur,1529
160,Kushinagar,74864,Tikar,1902
164,Mahrajganj,76620,Tikar,1931
129,Bara Banki,52268,Tikari,1534
160,Kushinagar,267952,Tikari,1893
182,Siddharthnagar,88273,Tikaria,2122
129,Bara Banki,51825,Tikariya,1528
171,Moradabad,297222,Tikhooti,2000
129,Bara Banki,51627,Tikra,1525
129,Bara Banki,52223,Tikra,1533
129,Bara Banki,52040,Tikra Murtaza,1531
129,Bara Banki,51826,Tikra Patti,1528
129,Bara Banki,52041,Tikra Usma,1531
129,Bara Banki,51978,Tikrhuwa,1530
181,Shrawasti,87763,Tikuiya,2115
164,Mahrajganj,76780,Tikulahiya,1933
160,Kushinagar,271304,Tikulia,1901
182,Siddharthnagar,88502,Tikur,2125
129,Bara Banki,52269,Tikvamau,1534
181,Shrawasti,87764,Tilakpur,2115
164,Mahrajganj,76408,Tilakwaniya,1928
659,Sambhal,297235,Timanpur,2005
129,Bara Banki,51690,Tindhwani,1526
129,Bara Banki,51827,Tindola,1528
178,Sant Kabir Nagar,271263,Tinhari,2088
178,Sant Kabir Nagar,86321,Tinhari Mafi,2091
160,Kushinagar,75011,Tirlokpur Buzurg,1904
160,Kushinagar,75012,Tirlokpur Khurd,1904
181,Shrawasti,87907,Titihiriya,2117
179,Bhadohi,86428,Tiuri,2093
160,Kushinagar,74117,Tiwari Patti,1891
129,Bara Banki,51628,Tiwaripur,1525
182,Siddharthnagar,273860,Tiwaripur East,2118
182,Siddharthnagar,273912,Tiwaripur West,2118
129,Bara Banki,51629,Torai Gaon,1525
179,Bhadohi,86626,Tribhuvan Baragaon,2095
129,Bara Banki,52338,Trilokpur,1535
129,Bara Banki,52701,Trivediganj,1540
179,Bhadohi,86815,Tulapur Bhaduran,2097
179,Bhadohi,86628,Tulsi Patti,2095
147,Gonda,297407,Tulsipur,1747
178,Sant Kabir Nagar,86039,Tunihwa,2087
181,Shrawasti,87711,Turhani Balram,2114
160,Kushinagar,74506,Turk Diha,1897
129,Bara Banki,52564,Turkaani,1538
178,Sant Kabir Nagar,85893,Turkaulia Naik,2085
182,Siddharthnagar,88275,Turkawlia Tiwari,2122
182,Siddharthnagar,270391,Turkvaliya,2126
160,Kushinagar,267949,Turkwalia Dariyao Singh,1893
179,Bhadohi,86537,Ubhwa Mafi,2094
178,Sant Kabir Nagar,86322,Uchahra Kala,2091
179,Bhadohi,86538,Uchetha,2094
129,Bara Banki,52504,Uchita,1537
178,Sant Kabir Nagar,269222,Udaha,2089
129,Bara Banki,52270,Udaiimau,1534
179,Bhadohi,86431,Udaikaranpur,2093
171,Moradabad,297286,Udaipur Chandan,2001
182,Siddharthnagar,267762,Udaypur,2124
129,Bara Banki,268421,Udhapur,1533
129,Bara Banki,52090,Udhauli,1532
164,Mahrajganj,76986,Uditpur,1936
182,Siddharthnagar,273892,Udvaliya,2118
129,Bara Banki,51753,Udwat Nagar,1527
179,Bhadohi,266498,Ugaipur,2097
129,Bara Banki,51829,Ukhadi,1528
147,Gonda,297317,Ukra,1746
179,Bhadohi,266224,Umapur,2093
179,Bhadohi,86539,Umari,2094
178,Sant Kabir Nagar,85894,Umaria Bazar,2085
178,Sant Kabir Nagar,85972,Umarikala,2086
129,Bara Banki,51630,Umarpur Rai Sahab,1525
129,Bara Banki,51979,Umarwal Krisiya,1530
659,Sambhal,297405,Umedapur Danda,1592
178,Sant Kabir Nagar,86323,Umila,2091
129,Bara Banki,52225,Umra,1533
129,Bara Banki,273311,Umri-I,1539
129,Bara Banki,273312,Umri-Ii,1539
178,Sant Kabir Nagar,269137,Upraudh,2086
179,Bhadohi,86434,Uprauth,2093
178,Sant Kabir Nagar,85757,Ursara,2083
182,Siddharthnagar,88592,Urwaliya,2126
164,Mahrajganj,76849,Uska,1934
129,Bara Banki,52505,Usmanpur,1537
178,Sant Kabir Nagar,86324,Usra Shaheed,2091
178,Sant Kabir Nagar,85758,Utarawal,2083
129,Bara Banki,266929,Utawa,1527
182,Siddharthnagar,88907,Utiya,2131
129,Bara Banki,52339,Utkhara,1535
147,Gonda,297408,Utraula,1747
179,Bhadohi,86629,Uzmugaraha,2095
179,Bhadohi,86725,Vairi Parawa,2096
659,Sambhal,297354,Vajhangi,1589
129,Bara Banki,52043,Vajihuddinpur,1531
179,Bhadohi,86726,Vari,2096
129,Bara Banki,51701,Veer Kithai,1527
179,Bhadohi,266320,Veerapatti,2094
129,Bara Banki,51702,Veerapur,1527
147,Gonda,297461,Veerpur,1743
129,Bara Banki,52271,Vidya Nagar,1534
164,Mahrajganj,76543,Vijai Pur,1930
160,Kushinagar,74568,Vijaipur,1898
179,Bhadohi,266837,Vijayipur,2092
181,Shrawasti,87713,Vijaypur Sisawan,2114
182,Siddharthnagar,88125,Vijwar Barhai,2120
659,Sambhal,297341,Vilaspur,1589
182,Siddharthnagar,273918,Vimauma Bujurg,2118
164,Mahrajganj,268513,Vishrampur,1926
164,Mahrajganj,77052,Vishun Pur Bharehar,1937
179,Bhadohi,266190,Vishunpur,2093
164,Mahrajganj,76924,Vishunpura Khurd,1935
164,Mahrajganj,268344,Vishunupra,1933
164,Mahrajganj,269207,Vishwanathpur,1928
129,Bara Banki,269621,Wazid Pur,1532
129,Bara Banki,52091,Yakootganj,1532
659,Sambhal,297185,Yusufpur,1995
129,Bara Banki,51691,Zafarpur,1526
129,Bara Banki,52643,Zafarpur,1539
171,Moradabad,297289,Zafarpur,2001
182,Siddharthnagar,88593,Abhaypur,2127
181,Shrawasti,87767,Acharaura Shahpur,2116
160,Kushinagar,74678,Adrauna,1900
178,Sant Kabir Nagar,85817,Agapur Gulariha,2085
178,Sant Kabir Nagar,86236,Agya,2091
182,Siddharthnagar,88749,Ahirauli,2129
164,Mahrajganj,268594,Ahirauli,1937
164,Mahrajganj,270728,Ahirauli,1934
160,Kushinagar,74865,Ahirauli Mishra,1903
160,Kushinagar,74196,Ahirauli Raja,1893
164,Mahrajganj,268496,Ahmedpur,1930
182,Siddharthnagar,267442,Ajan,2127
129,Bara Banki,52433,Ajaowa,1537
182,Siddharthnagar,88164,Ajgara,2122
182,Siddharthnagar,88854,Ajigara,2131
160,Kushinagar,74946,Akbarpur,1904
182,Siddharthnagar,88594,Akdengwa,2127
182,Siddharthnagar,273876,Akoliha,2118
181,Shrawasti,87768,Ala Gaon,2116
178,Sant Kabir Nagar,86041,Ali Nagar,2088
182,Siddharthnagar,88806,Alidapur,2130
182,Siddharthnagar,88165,Allahapur,2122
160,Kushinagar,74680,Amadaria,1900
182,Siddharthnagar,273839,Amamafee,2118
178,Sant Kabir Nagar,86175,Amathari,2090
160,Kushinagar,74118,Amawa,1892
160,Kushinagar,74868,Amawa Bujurg,1903
160,Kushinagar,74869,Amawa Dubey,1903
164,Mahrajganj,268122,Amdi,1933
179,Bhadohi,86633,Amilhara,2092
179,Bhadohi,86731,Ananddeeh,2092
179,Bhadohi,86542,Anapur,2095
179,Bhadohi,86544,Arata,2095
129,Bara Banki,51695,Ariya Mau,1527
182,Siddharthnagar,88423,Arji,2125
179,Bhadohi,86732,Arjunpur,2097
179,Bhadohi,86634,Asaipur,2092
178,Sant Kabir Nagar,85896,Asharfabad,2086
129,Bara Banki,268222,Ashrafpur,1525
182,Siddharthnagar,273890,Asidhava,2118
182,Siddharthnagar,88646,Asnar,2128
181,Shrawasti,87769,Asni,2116
164,Mahrajganj,76623,Asuraina,1932
129,Bara Banki,52153,Atahra,1533
160,Kushinagar,74508,Atardiha,1898
178,Sant Kabir Nagar,86177,Athlohia,2090
129,Bara Banki,52509,Auliya Lalpur,1538
129,Bara Banki,51832,Aurangabad,1529
160,Kushinagar,74268,Awarahi Kritpura,1894
178,Sant Kabir Nagar,86127,Azanwa,2089
178,Sant Kabir Nagar,85821,Ba Kaniya Pakari,2085
160,Kushinagar,74682,Ba;Gaha Khurd,1900
129,Bara Banki,51985,Baadipur,1531
181,Shrawasti,87719,Baaskudi,2115
160,Kushinagar,74871,Babhanauli,1903
182,Siddharthnagar,274050,Babhani,2130
181,Shrawasti,268872,Babhanpurwa,2116
160,Kushinagar,74509,Babhnauli,1898
179,Bhadohi,86420,Babusarai,2093
160,Kushinagar,271810,Badal Patti,1899
160,Kushinagar,74451,Badaraha Lachhmipur,1897
160,Kushinagar,74271,Badaraha Naga,1894
179,Bhadohi,86545,Badaripur Uparwar,2095
164,Mahrajganj,76704,Badauli,1933
129,Bara Banki,51571,Badela Narayanpur,1525
182,Siddharthnagar,273864,Bagahava Komar,2118
182,Siddharthnagar,88127,Bagahi,2121
178,Sant Kabir Nagar,86042,Baghari Urf Prasadipur,2088
129,Bara Banki,52511,Baghaura,1538
182,Siddharthnagar,88807,Bagulahwa,2130
164,Mahrajganj,76279,Bahaduri,1926
181,Shrawasti,268929,Bahadurpur,2117
181,Shrawasti,87770,Bahorwa,2116
179,Bhadohi,86734,Bahraichi,2097
160,Kushinagar,74729,Bahria Bari,1901
179,Bhadohi,266433,Bahutra Khurd,2094
160,Kushinagar,74063,Baikunthpur,1891
182,Siddharthnagar,88362,Bairawa Nankar,2124
182,Siddharthnagar,87984,Bairihawa,2119
182,Siddharthnagar,269482,Baisahiya,2128
182,Siddharthnagar,88363,Bajnatha,2124
178,Sant Kabir Nagar,85827,Bakauli Kala,2085
182,Siddharthnagar,270429,Balibhadrapur Urf Gobaraha,2126
129,Bara Banki,52570,Ballopur,1539
164,Mahrajganj,76857,Balua,1935
160,Kushinagar,74511,Baluahi,1898
164,Mahrajganj,266969,Banarsiha Kala,1929
182,Siddharthnagar,88509,Bangai,2126
182,Siddharthnagar,88365,Bangara,2124
182,Siddharthnagar,88175,Bangwa Padayeen,2122
182,Siddharthnagar,243884,Bania Khas,2120
182,Siddharthnagar,88597,Baniyadeeh,2127
160,Kushinagar,74388,Banjari Patti,1896
178,Sant Kabir Nagar,85976,Bankasia,2087
160,Kushinagar,74453,Bankata,1897
182,Siddharthnagar,270345,Bankata,2126
182,Siddharthnagar,269724,Bankati,2122
181,Shrawasti,87844,Bankatwa Kalan,2117
181,Shrawasti,87773,Bankatwa Maholi,2116
147,Gonda,297469,Banrahi,1743
160,Kushinagar,74064,Bans Gaon,1891
164,Mahrajganj,76492,Bansh Bejauli,1930
129,Bara Banki,51920,Bara,1530
160,Kushinagar,74126,Baradaha Bazar,1892
182,Siddharthnagar,88751,Baragadawa,2129
160,Kushinagar,74576,Barahaj,1899
164,Mahrajganj,76928,Barahar Devi Charan,1936
164,Mahrajganj,76991,Barahara,1937
164,Mahrajganj,76282,Barahara Indradatt,1926
178,Sant Kabir Nagar,86180,Barai Par,2090
178,Sant Kabir Nagar,85900,Baraiepar Paithan,2086
182,Siddharthnagar,87912,Baraon Nankar,2118
164,Mahrajganj,76930,Barathgarha,1936
129,Bara Banki,52233,Barayeen,1534
182,Siddharthnagar,88599,Bardad Bargadhi,2127
129,Bara Banki,52513,Bardari,1538
181,Shrawasti,87648,Bardehra Bhari,2114
129,Bara Banki,51991,Barehta,1531
181,Shrawasti,87774,Bargadaha,2116
182,Siddharthnagar,269807,Bargadava,2120
182,Siddharthnagar,273933,Bargadava,2125
182,Siddharthnagar,88657,Bargadi,2128
164,Mahrajganj,76714,Barhaya Mustakil,1933
160,Kushinagar,74578,Barhwalia Khurd,1899
178,Sant Kabir Nagar,86045,Bari Deeha,2088
164,Mahrajganj,76993,Bariyar Pur,1937
129,Bara Banki,52281,Bariyarpur,1535
160,Kushinagar,74805,Barsaina,1902
164,Mahrajganj,76715,Barva Kripal,1933
164,Mahrajganj,76549,Barvan Soniya,1931
164,Mahrajganj,76629,Barwa Bhoj,1932
160,Kushinagar,74685,Barwa Mahadewa,1900
160,Kushinagar,74389,Barwa Ratanpur,1896
129,Bara Banki,52234,Basantpur,1534
178,Sant Kabir Nagar,85694,Basdeela,2083
179,Bhadohi,86337,Basdeopur,2093
160,Kushinagar,74686,Basdila,1900
160,Kushinagar,74879,Basdilla Mahant,1903
164,Mahrajganj,76354,Baspar Mishra,1928
182,Siddharthnagar,273895,Bastha,2118
160,Kushinagar,74279,Baulia,1894
164,Mahrajganj,76998,Bauliya Baboo,1937
182,Siddharthnagar,88658,Bazardih,2128
160,Kushinagar,271152,Bedupar,1897
160,Kushinagar,74736,Bedupar Mu.,1901
181,Shrawasti,87775,Begampur,2116
178,Sant Kabir Nagar,86047,Belahi,2088
178,Sant Kabir Nagar,85981,Belauha,2087
160,Kushinagar,268098,Belbhadra Chhapara,1894
182,Siddharthnagar,88438,Belhara,2125
178,Sant Kabir Nagar,86049,Belhra,2088
160,Kushinagar,74514,Belwa,1898
164,Mahrajganj,76717,Belwa,1933
160,Kushinagar,74880,Belwa Bujurg,1903
181,Shrawasti,87649,Belwa Khatib,2114
160,Kushinagar,267113,Belwa Khurd,1892
178,Sant Kabir Nagar,85768,Belwa Sengar,2084
164,Mahrajganj,76356,Belwa Tiwari,1928
160,Kushinagar,74280,Belwa Urf Bairiya,1894
160,Kushinagar,74457,Belwa Urf Belwania,1897
181,Shrawasti,87846,Beni Dihua,2117
182,Siddharthnagar,88539,Benipur Nankar,2126
182,Siddharthnagar,273975,Bevmustkam,2120
179,Bhadohi,86555,Bhabhauri Uparwar,2095
160,Kushinagar,74584,Bhadur Ganj,1899
182,Siddharthnagar,88131,Bhagawanpur,2121
178,Sant Kabir Nagar,85904,Bhagta,2086
178,Sant Kabir Nagar,86052,Bhagwan Pur Purvi,2088
164,Mahrajganj,76718,Bhagwanpur,1933
181,Shrawasti,87777,Bhagwanpur,2116
182,Siddharthnagar,88183,Bhagwanpur,2122
181,Shrawasti,87582,Bhagwanpur Bankat,2113
181,Shrawasti,87778,Bhagwanpur Bhaisahi,2116
160,Kushinagar,74810,Bhagwanpur Buzurg,1902
182,Siddharthnagar,88514,Bhagwat Pur,2126
182,Siddharthnagar,88440,Bhainsa,2125
160,Kushinagar,74458,Bhainsahi,1897
178,Sant Kabir Nagar,85835,Bhainsahi,2085
178,Sant Kabir Nagar,85698,Bhainsath,2083
160,Kushinagar,74393,Bhaisaha,1896
178,Sant Kabir Nagar,85906,Bhaisahia,2086
182,Siddharthnagar,88184,Bhaisahia,2122
179,Bhadohi,86342,Bhaishata,2093
160,Kushinagar,74394,Bhajan Chhapra,1896
179,Bhadohi,86456,Bhalla,2094
129,Bara Banki,267073,Bhandar,1533
129,Bara Banki,51573,Bhanpur,1525
160,Kushinagar,74881,Bharapatia,1903
178,Sant Kabir Nagar,85837,Bharatpura,2085
178,Sant Kabir Nagar,85908,Bharpurwa,2086
160,Kushinagar,74281,Bharsar Khas,1894
160,Kushinagar,74282,Bharsar Narain,1894
659,Sambhal,297186,Bhartara,1995
181,Shrawasti,268886,Bhartha,2116
182,Siddharthnagar,274056,Bharvaliya,2121
164,Mahrajganj,76358,Bharwalia,1928
178,Sant Kabir Nagar,85986,Bharwalia Chaubey,2087
182,Siddharthnagar,88515,Bharwaliya,2126
182,Siddharthnagar,88051,Bharwatiya Mustakum,2120
164,Mahrajganj,76933,Bhashiya,1936
179,Bhadohi,267327,Bhat,2097
178,Sant Kabir Nagar,85988,Bhatauli,2087
178,Sant Kabir Nagar,86185,Bhataura,2090
160,Kushinagar,74206,Bhathahi Babu,1893
182,Siddharthnagar,88652,Bhatijwa Pur,2128
160,Kushinagar,74587,Bhatwalia Khas,1899
178,Sant Kabir Nagar,85989,Bhaura,2087
129,Bara Banki,51575,Bhavaniyapur,1525
181,Shrawasti,87651,Bhawani Nagar,2114
182,Siddharthnagar,88443,Bhedauha,2125
160,Kushinagar,74883,Bhelya,1903
129,Bara Banki,51577,Bhenduva Bahrela,1525
129,Bara Banki,51637,Bhetauli Kala,1526
179,Bhadohi,86639,Bhidiura,2096
179,Bhadohi,86640,Bhikhamapur,2092
129,Bara Banki,51578,Bhikharpur,1525
182,Siddharthnagar,88517,Bhilauri Bhilaura,2126
179,Bhadohi,86641,Bhiriura,2096
129,Bara Banki,52579,Bhiriya,1539
164,Mahrajganj,76359,Bhiswan Urf Kotiya,1928
178,Sant Kabir Nagar,86145,Bhitaha Urf Kataha,2089
181,Shrawasti,87653,Bhithiya Chichri,2114
178,Sant Kabir Nagar,86056,Bhitkini,2088
178,Sant Kabir Nagar,86057,Bhogipur,2088
160,Kushinagar,74396,Bhojauli Buzurg,1896
160,Kushinagar,269378,Bhojauli Khurd,1896
178,Sant Kabir Nagar,269219,Bhotha,2089
129,Bara Banki,51572,Bhudehari Narayanpur,1525
182,Siddharthnagar,88192,Bhuigawan,2122
160,Kushinagar,74955,Bhujauli,1904
182,Siddharthnagar,274045,Bhujauli,2121
179,Bhadohi,266421,Bhulaipur,2094
182,Siddharthnagar,88606,Bhusaila Adai,2127
178,Sant Kabir Nagar,85700,Biharey,2083
160,Kushinagar,271844,Bihuli Somali Urf Hanumanganj,1900
147,Gonda,297493,Bikarwa,1742
129,Bara Banki,52287,Bilkhiya,1535
182,Siddharthnagar,88860,Binaika,2131
160,Kushinagar,74815,Binduar,1902
182,Siddharthnagar,88134,Birdpur No. 12,2121
181,Shrawasti,87780,Birpur Laukiha,2116
179,Bhadohi,86644,Bisauli Kripalpur,2092
129,Bara Banki,51845,Bishunpur,1529
164,Mahrajganj,76795,Bishunpura,1934
181,Shrawasti,273837,Bisunapur,2114
179,Bhadohi,86746,Bisunpur,2097
164,Mahrajganj,76557,Biswanath Pur Urf Paravaniyan,1931
160,Kushinagar,74283,Bodarwar,1894
160,Kushinagar,74397,Bodhi Chhapra,1896
179,Bhadohi,86747,Bori Bojh,2092
164,Mahrajganj,76796,Brahmpur,1934
178,Sant Kabir Nagar,85774,Budhi Belhar,2084
129,Bara Banki,52447,Budhnai,1537
178,Sant Kabir Nagar,86132,Bujurgwar,2089
164,Mahrajganj,76723,Burhadih,1933
129,Bara Banki,52236,Chaandamau,1534
164,Mahrajganj,266903,Chainpur,1929
179,Bhadohi,86458,Chak Basuhi,2094
178,Sant Kabir Nagar,85702,Chak Madarullah,2083
179,Bhadohi,86646,Chak Sikhari,2096
182,Siddharthnagar,88147,Chakai Jot,2121
179,Bhadohi,86351,Chakaura,2093
160,Kushinagar,74517,Chakhani Bhoj Chhapra,1898
160,Kushinagar,74518,Chakhni Bhmi Hari Patti,1898
129,Bara Banki,52166,Chakiya,1533
160,Kushinagar,268834,Chamar Diha,1896
164,Mahrajganj,268135,Chanda,1933
181,Shrawasti,87782,Chandan Kotiya,2116
179,Bhadohi,86352,Chandapur,2093
179,Bhadohi,86564,Chandapur,2095
160,Kushinagar,74689,Chandarpur,1900
129,Bara Banki,51996,Chandauli,1531
182,Siddharthnagar,274072,Chandava,2119
181,Shrawasti,87655,Chandrakha Bujurg,2114
181,Shrawasti,268821,Chandrawa,2114
164,Mahrajganj,77003,Chankauli,1937
178,Sant Kabir Nagar,86058,Chanwaria,2088
179,Bhadohi,86648,Chatarshahpur,2096
182,Siddharthnagar,271257,Chaubepur,2126
181,Shrawasti,87783,Chaugoie,2116
182,Siddharthnagar,88810,Chauhatta,2130
160,Kushinagar,74741,Chaupthia,1901
179,Bhadohi,86649,Chaura Kala,2096
160,Kushinagar,74591,Chaura Khas,1899
178,Sant Kabir Nagar,86186,Chavarhi,2090
181,Shrawasti,87588,Chayanpur,2113
182,Siddharthnagar,88811,Chetara,2130
182,Siddharthnagar,273894,Chetiya,2118
129,Bara Banki,51582,Chhandval,1525
182,Siddharthnagar,88666,Chharhata,2128
129,Bara Banki,52585,Chheda,1539
182,Siddharthnagar,88668,Chhitauni,2128
160,Kushinagar,269452,Chhitauni Jungal,1896
182,Siddharthnagar,88861,Chhitrapar,2131
129,Bara Banki,52450,Chhula Pahi,1537
129,Bara Banki,52055,Chhulha Banni,1532
160,Kushinagar,74960,Chirgora,1904
164,Mahrajganj,77004,Chiutaha,1937
182,Siddharthnagar,88449,Chiutaha,2125
129,Bara Banki,51997,Chiyara,1531
182,Siddharthnagar,88864,Chorwar,2131
182,Siddharthnagar,274032,Churihar,2120
182,Siddharthnagar,270050,Dabara,2123
129,Bara Banki,52294,Dadaura,1535
181,Shrawasti,87785,Dadaura,2116
182,Siddharthnagar,88519,Dadwa,2126
182,Siddharthnagar,88670,Dadwa Raja,2128
178,Sant Kabir Nagar,86061,Dahrauli,2088
164,Mahrajganj,76285,Dakhi,1926
178,Sant Kabir Nagar,85915,Dalel Ganj,2086
144,Gautam Buddha Nagar,276423,Dalelpur,1710
129,Bara Banki,52057,Damaura,1532
181,Shrawasti,87786,Damu Purwa,2116
160,Kushinagar,74962,Dandopur,1904
179,Bhadohi,86567,Danipatti Uparwar,2095
178,Sant Kabir Nagar,86261,Danokuiyan,2091
179,Bhadohi,86650,Danpur Patti West,2092
129,Bara Banki,51998,Daravpur,1531
160,Kushinagar,74401,Dargauli,1896
129,Bara Banki,52520,Darvesh Pur,1538
129,Bara Banki,51762,Daudihara,1528
129,Bara Banki,51999,Daulat Pur,1531
179,Bhadohi,86356,Davanpur,2093
182,Siddharthnagar,88451,Deauri,2125
160,Kushinagar,74141,Dehwa Patti,1892
182,Siddharthnagar,273965,Dengarajot Kasturi,2120
160,Kushinagar,74284,Deokali Urf Chakiya,1894
160,Kushinagar,74690,Deoria Babu,1900
178,Sant Kabir Nagar,86266,Deoria Lal,2091
129,Bara Banki,267149,Dereraja,1534
160,Kushinagar,74691,Deulia Maniya Chhapra,1900
164,Mahrajganj,76429,Devpur,1929
182,Siddharthnagar,88372,Dewra Bazar,2124
181,Shrawasti,87789,Dewraniya,2116
129,Bara Banki,52561,Dhakwa Maafi,1538
178,Sant Kabir Nagar,85921,Dhamarza,2086
164,Mahrajganj,76727,Dhamur,1933
179,Bhadohi,86570,Dhan Tulsi Uparwar,2095
160,Kushinagar,74142,Dhanaha,1892
179,Bhadohi,86654,Dhanapur,2096
160,Kushinagar,269397,Dhanauji Abadhkari,1896
182,Siddharthnagar,274064,Dhandhara,2119
182,Siddharthnagar,88373,Dhangarhiya,2124
164,Mahrajganj,76875,Dhanha Nayak,1935
182,Siddharthnagar,88610,Dharmauli,2127
164,Mahrajganj,76877,Dharmpur,1935
160,Kushinagar,74402,Dharni Patti,1896
182,Siddharthnagar,88611,Dharnihwa,2127
160,Kushinagar,74144,Dhaurahara,1892
178,Sant Kabir Nagar,86138,Dhaurahra,2089
178,Sant Kabir Nagar,86064,Dhaurepar Badhya,2088
182,Siddharthnagar,273927,Dhavar,2128
182,Siddharthnagar,88000,Dhekahari Buzurg,2119
182,Siddharthnagar,274094,Dhekarahi Khurd,2119
164,Mahrajganj,76368,Dhekhi,1928
182,Siddharthnagar,88762,Dhensa Nankar,2129
182,Siddharthnagar,88522,Dhobha,2126
160,Kushinagar,74693,Dhodharahi,1900
160,Kushinagar,74964,Dhorahi,1904
182,Siddharthnagar,267694,Dhorahi Urf Rohaniya,2119
164,Mahrajganj,76430,Dhotiahwa,1929
164,Mahrajganj,76287,Dhreachi,1926
182,Siddharthnagar,269331,Dhudhani,2125
179,Bhadohi,86358,Dhudhav,2093
129,Bara Banki,51586,Dhunauli Thakuraan,1525
160,Kushinagar,74894,Dhuria Kot,1903
129,Bara Banki,51587,Digsari,1525
181,Shrawasti,87658,Dikauli,2114
129,Bara Banki,52173,Dinpanah,1533
160,Kushinagar,74743,Doawanha,1901
182,Siddharthnagar,269291,Dodvar Bahtt,2125
182,Siddharthnagar,88815,Dohariya Buzurg,2130
182,Siddharthnagar,88816,Dohariya Khurd,2130
160,Kushinagar,271151,Dom Barwa,1897
147,Gonda,297474,Domabasti,1735
178,Sant Kabir Nagar,86140,Doolampur,2089
160,Kushinagar,74745,Dubauli,1901
160,Kushinagar,74965,Dubauli Bhabhnauli,1904
179,Bhadohi,86469,Dudwa Dharampuri,2094
178,Sant Kabir Nagar,85924,Dughara,2086
179,Bhadohi,86470,Duladaspur,2094
178,Sant Kabir Nagar,85779,Dulahipar,2084
160,Kushinagar,269705,Dumari,1897
160,Kushinagar,74217,Dumari Sawangi Patti,1893
160,Kushinagar,74747,Dumaria,1901
160,Kushinagar,74286,Dumdumawa Urf Majhila,1894
182,Siddharthnagar,88867,Dumdumwa,2131
129,Bara Banki,52521,Dundi,1538
164,Mahrajganj,76642,Durgapur,1932
164,Mahrajganj,272575,Durgvalia,1933
181,Shrawasti,87661,Ek Gharwa,2114
178,Sant Kabir Nagar,85925,Ekma,2086
160,Kushinagar,74147,Farendaha,1892
129,Bara Banki,51590,Fatehganj,1525
181,Shrawasti,87791,Fatehpur Bangaie,2116
129,Bara Banki,52658,Fatehpur Jamarva,1540
182,Siddharthnagar,88678,Fatepur,2128
181,Shrawasti,87662,Fatuhapur,2114
179,Bhadohi,86361,Faudipur,2093
181,Shrawasti,87792,Fulwariya Shahpur,2116
182,Siddharthnagar,274104,Gadrakha,2119
129,Bara Banki,51934,Gaeravan,1530
160,Kushinagar,74895,Gagalwa,1903
182,Siddharthnagar,273461,Gaisada,2126
182,Siddharthnagar,88817,Gajahada,2130
160,Kushinagar,74287,Gajara,1894
182,Siddharthnagar,88679,Gajhar,2128
182,Siddharthnagar,88764,Ganera,2129
182,Siddharthnagar,88004,Ganeshpur,2119
181,Shrawasti,87794,Ganga Bhagar,2116
129,Bara Banki,51709,Gangauli,1527
178,Sant Kabir Nagar,85781,Gangaura,2084
182,Siddharthnagar,88376,Gangawa Chapiya,2124
129,Bara Banki,51851,Gangchauli,1529
129,Bara Banki,51852,Gangemau,1529
178,Sant Kabir Nagar,85711,Gangouli,2083
160,Kushinagar,74289,Gangrai,1894
160,Kushinagar,74599,Gangrani,1899
182,Siddharthnagar,88612,Garahmarwa,2127
179,Bhadohi,86363,Garauli,2093
178,Sant Kabir Nagar,85926,Garh Sarpar,2086
160,Kushinagar,74404,Garhia Basantpur,1896
160,Kushinagar,74748,Garhia Pathak,1901
178,Sant Kabir Nagar,86272,Garthaulia,2091
178,Sant Kabir Nagar,85782,Gauhania Mafi,2084
164,Mahrajganj,76564,Gaunariya Raja,1931
182,Siddharthnagar,274028,Gaura Badhari,2120
182,Siddharthnagar,88528,Gaura Bazar,2126
129,Bara Banki,51854,Gaura Sailak,1529
182,Siddharthnagar,88681,Gauragarh,2128
160,Kushinagar,74081,Gauri Jagdish,1891
160,Kushinagar,74083,Gauri Sukul,1891
181,Shrawasti,87795,Gauspur,2116
182,Siddharthnagar,88152,Gayaghat,2121
164,Mahrajganj,77008,Germa,1937
160,Kushinagar,74750,Ghaghwa Jagdish Ahatmali,1901
182,Siddharthnagar,88005,Gharuar,2119
179,Bhadohi,266341,Ghaskari,2094
178,Sant Kabir Nagar,85928,Ghat Ramha,2086
179,Bhadohi,86661,Ghatampur,2096
164,Mahrajganj,76334,Ghiupir,1927
160,Kushinagar,74290,Ghoda Deur,1894
160,Kushinagar,74291,Ghogharaha,1894
179,Bhadohi,86662,Ghoraha,2096
178,Sant Kabir Nagar,86068,Ghorhat,2088
182,Siddharthnagar,88458,Ghosiari,2125
164,Mahrajganj,268368,Ghrnar,1933
182,Siddharthnagar,88676,Ghumchi,2128
181,Shrawasti,87666,Gilaula,2114
179,Bhadohi,86663,Girdharpur,2096
178,Sant Kabir Nagar,86069,Githani,2088
178,Sant Kabir Nagar,86194,Gobdauri,2090
179,Bhadohi,86473,Gobindpur,2094
129,Bara Banki,51771,Godaha,1528
179,Bhadohi,86759,Gokul Patti,2092
179,Bhadohi,86576,Golekkhara,2095
182,Siddharthnagar,273857,Gonahadih,2118
182,Siddharthnagar,273898,Gonahatal West,2118
164,Mahrajganj,76805,Gonha,1934
160,Kushinagar,74405,Gonhi Jungal,1896
182,Siddharthnagar,88531,Gonra,2126
164,Mahrajganj,77009,Gopala,1937
164,Mahrajganj,76940,Gopalapur,1936
129,Bara Banki,51772,Gopalpur,1528
181,Shrawasti,87669,Gopalpur,2114
179,Bhadohi,267495,Goppur New,2093
181,Shrawasti,87729,Gor Purwa,2115
178,Sant Kabir Nagar,85930,Gorahi,2086
182,Siddharthnagar,88532,Gorya,2126
160,Kushinagar,74899,Gosai Patti,1903
181,Shrawasti,87670,Gujarwara,2114
182,Siddharthnagar,243889,Gujrauliya Grant,2130
129,Bara Banki,51711,Gulchappa Kala,1527
160,Kushinagar,74523,Gulriha,1898
182,Siddharthnagar,270405,Gulriha,2126
160,Kushinagar,74755,Hafua Jeewan,1901
129,Bara Banki,242789,Hajipur,1525
160,Kushinagar,74406,Hanumanganj,1896
182,Siddharthnagar,88379,Haraiya,2124
164,Mahrajganj,76374,Harakhi,1928
182,Siddharthnagar,88381,Harani Buzurg,2124
181,Shrawasti,87796,Harbanspur,2116
178,Sant Kabir Nagar,85715,Hardi,2083
179,Bhadohi,86762,Hardua,2092
179,Bhadohi,86475,Hari Chandanpur,2094
179,Bhadohi,86763,Hari Patti Or Hirapatti,2097
182,Siddharthnagar,88615,Haribanshpur,2127
160,Kushinagar,269323,Hariharpur,1896
179,Bhadohi,86665,Hariharpur N. Vaida,2096
179,Bhadohi,86765,Haripur,2097
164,Mahrajganj,76437,Harmandir Kala,1929
164,Mahrajganj,76648,Harpur,1932
160,Kushinagar,74466,Harpur Barwa,1897
160,Kushinagar,74293,Harpur Machhagar,1894
164,Mahrajganj,76879,Harpur Tiwari,1935
160,Kushinagar,271164,Harpurmajhar,1898
178,Sant Kabir Nagar,86198,Harraiya,2090
164,Mahrajganj,76943,Harriya,1936
182,Siddharthnagar,88533,Harrya,2126
160,Kushinagar,74153,Hata,1892
164,Mahrajganj,76294,Hatabela Harriya,1926
129,Bara Banki,51595,Hathaunda,1525
164,Mahrajganj,76438,Hathia Garh,1929
178,Sant Kabir Nagar,85716,Hatwa,2083
182,Siddharthnagar,274172,Hatwa Bujurg,2122
179,Bhadohi,86666,Hichchhanpur,2096
129,Bara Banki,52458,Himmatpur,1537
160,Kushinagar,74294,Holia,1894
164,Mahrajganj,77013,Horilapur,1937
181,Shrawasti,87673,Husenpur Khurhari,2114
181,Shrawasti,87799,Imaliya Karanpur,2116
178,Sant Kabir Nagar,86199,Imilia,2090
182,Siddharthnagar,88299,Imliya,2123
181,Shrawasti,87674,Imliya Narayan,2114
179,Bhadohi,86580,Inargaon,2095
160,Kushinagar,74295,Indarpur,1894
179,Bhadohi,86478,Ismaila,2094
164,Mahrajganj,267048,Itahiya,1933
179,Bhadohi,86373,Itawa Uparwar,2093
129,Bara Banki,52241,Ithuva Purv,1534
182,Siddharthnagar,88536,Jabjauwa,2126
129,Bara Banki,52666,Jagat Khera,1540
179,Bhadohi,86668,Jagatpur,2092
129,Bara Banki,52543,Jagdishpur,1538
179,Bhadohi,86766,Jagdishpur Brahmnal,2097
182,Siddharthnagar,266900,Jagmohani,2131
164,Mahrajganj,76735,Jahada,1933
160,Kushinagar,271177,Jai Chhapara,1898
182,Siddharthnagar,88382,Jakhauliya,2124
182,Siddharthnagar,88210,Jakhawli,2122
160,Kushinagar,269437,Jakhinia,1896
129,Bara Banki,52461,Jamlapur,1537
178,Sant Kabir Nagar,86005,Jamohara,2087
182,Siddharthnagar,88303,Jamohna,2123
160,Kushinagar,74467,Jamuan,1897
182,Siddharthnagar,88687,Jamuni,2128
129,Bara Banki,51777,Jamuwasi,1528
178,Sant Kabir Nagar,86200,Jamya Tal,2090
178,Sant Kabir Nagar,85785,Jangal Belhar,2084
178,Sant Kabir Nagar,85933,Jangal Uwn,2086
181,Shrawasti,87867,Janki Nagar Kalan,2117
178,Sant Kabir Nagar,86201,Jasawal,2090
178,Sant Kabir Nagar,86275,Jatedeeha Dubaulia,2091
160,Kushinagar,74762,Jawhi Dyal,1901
160,Kushinagar,74763,Jawhimalhi Ehatmali,1901
164,Mahrajganj,76737,Jayshri,1933
182,Siddharthnagar,88215,Jhahrao,2122
182,Siddharthnagar,88305,Jhakahia,2123
182,Siddharthnagar,88154,Jhangati,2121
178,Sant Kabir Nagar,85721,Jheenkhal,2083
181,Shrawasti,87801,Jhirjhirawa,2116
164,Mahrajganj,76946,Jhunuwa,1936
178,Sant Kabir Nagar,86202,Jhuria,2090
160,Kushinagar,74606,Jigana,1899
182,Siddharthnagar,88306,Jigina Thakur,2123
164,Mahrajganj,268561,Jiginiya,1926
129,Bara Banki,52641,Jigni,1539
182,Siddharthnagar,271270,Jignihava Urf Jolhabhari,2126
182,Siddharthnagar,88216,Jimdhi,2122
179,Bhadohi,86485,Jogipur,2094
181,Shrawasti,87802,Jogiya,2116
182,Siddharthnagar,88538,Jokaila,2126
179,Bhadohi,86672,Jorai,2096
182,Siddharthnagar,273980,Judikuiya,2120
182,Siddharthnagar,273977,Judvaniya,2120
129,Bara Banki,52304,Julhamau,1535
160,Kushinagar,74607,Jungle Amwa,1899
160,Kushinagar,74612,Jungle Dharampur,1899
160,Kushinagar,74222,Kachhuhiya Janubi,1893
182,Siddharthnagar,88218,Kadirabad,2122
164,Mahrajganj,76295,Kahrkhori,1926
164,Mahrajganj,76656,Kaithwalia Urf Bargadhi,1932
181,Shrawasti,87675,Kakandhu,2114
178,Sant Kabir Nagar,86081,Kali Jagadishpur,2088
179,Bhadohi,86587,Kalika Nagar Koirauna,2095
164,Mahrajganj,76742,Kamta,1933
182,Siddharthnagar,88768,Kanawa Dih,2129
179,Bhadohi,86588,Kanchanpur,2095
164,Mahrajganj,76509,Kandh,1930
181,Shrawasti,87804,Kani Bojhi,2116
129,Bara Banki,51781,Kanjwara,1528
179,Bhadohi,86382,Kansapur Or Maharajganj,2093
160,Kushinagar,74976,Kanthi Chhapra,1904
182,Siddharthnagar,88309,Kapia,2123
182,Siddharthnagar,266685,Kapiya Mishra,2129
182,Siddharthnagar,273963,Karahiya Saghan,2120
178,Sant Kabir Nagar,85724,Karaily,2083
179,Bhadohi,86772,Karanpur,2092
129,Bara Banki,52010,Karaundi Khurd,1531
160,Kushinagar,74410,Kardah,1896
164,Mahrajganj,272569,Karddah,1933
178,Sant Kabir Nagar,86010,Karhana,2087
182,Siddharthnagar,88694,Karhi,2128
182,Siddharthnagar,88695,Karhi Musjidaya,2128
160,Kushinagar,74621,Karhia Hazari Patti,1899
160,Kushinagar,74298,Karitin,1894
164,Mahrajganj,77015,Karmahi,1937
164,Mahrajganj,76443,Karmahwa Khurd,1929
178,Sant Kabir Nagar,86011,Karmaini,2087
178,Sant Kabir Nagar,269073,Karmua Mafi,2086
164,Mahrajganj,76297,Kashtkhaera,1926
164,Mahrajganj,76744,Katahari Khurd,1933
160,Kushinagar,74411,Katahimar Purwa,1896
164,Mahrajganj,76444,Kataikhurd Urf Madrahna,1929
179,Bhadohi,86384,Katebana,2093
181,Shrawasti,87805,Kathara Mafi,2116
182,Siddharthnagar,88699,Katholawa,2128
129,Bara Banki,52527,Katka,1538
182,Siddharthnagar,88618,Kaulpur Grant,2127
160,Kushinagar,74527,Kauwasar,1898
178,Sant Kabir Nagar,86206,Kawar Kawari,2090
178,Sant Kabir Nagar,86281,Kekraho,2091
164,Mahrajganj,76299,Keshauli,1926
181,Shrawasti,267864,Keshwapur,2115
164,Mahrajganj,76512,Keulapur Khurd,1930
178,Sant Kabir Nagar,86085,Kewtali,2088
182,Siddharthnagar,88547,Khaira Khas,2126
164,Mahrajganj,76660,Khairati,1932
160,Kushinagar,74528,Khairatia Shitalpur,1898
181,Shrawasti,87806,Khajura,2116
178,Sant Kabir Nagar,269576,Khajura Kala,2087
160,Kushinagar,74529,Khajuri,1898
164,Mahrajganj,76573,Khajuriya,1931
182,Siddharthnagar,88015,Khajuriya Sarki,2119
182,Siddharthnagar,88279,Khakhara,2123
182,Siddharthnagar,88619,Khakhra,2127
160,Kushinagar,74906,Khalwa Patti,1903
182,Siddharthnagar,88549,Khamhriya,2126
182,Siddharthnagar,88263,Khantara,2122
181,Shrawasti,87807,Khanwa Kalan,2116
164,Mahrajganj,76574,Kharchauli,1931
160,Kushinagar,74628,Khardewa,1899
182,Siddharthnagar,88225,Khargaola,2122
181,Shrawasti,87606,Khargupur,2113
182,Siddharthnagar,88703,Kharika Khas,2128
182,Siddharthnagar,88318,Kharikwa,2123
181,Shrawasti,268866,Kharkhiya,2114
179,Bhadohi,86594,Khedopur N. Koirauna,2095
179,Bhadohi,86681,Kheokhar,2092
182,Siddharthnagar,88550,Kherdeori,2126
160,Kushinagar,74412,Kheri,1896
178,Sant Kabir Nagar,86147,Khevasia,2089
178,Sant Kabir Nagar,86087,Khiria,2088
182,Siddharthnagar,88226,Khoirya Raghvershing,2122
182,Siddharthnagar,269637,Khoriya Shivbaks,2122
182,Siddharthnagar,88319,Khukhudi,2123
182,Siddharthnagar,88824,Khunuwa,2130
129,Bara Banki,52534,Khurdmau,1538
160,Kushinagar,268124,Khurhuria,1894
182,Siddharthnagar,274088,Khurhuriya,2119
129,Bara Banki,52249,Khutauli,1534
164,Mahrajganj,272576,Kishanpur,1928
129,Bara Banki,52308,Kishunpur,1535
178,Sant Kabir Nagar,86148,Kishunpur,2089
181,Shrawasti,274226,Kishunpur Chandrabhari,2114
160,Kushinagar,271231,Kishunpur Vijaypur,1898
129,Bara Banki,52533,Kithuri,1538
178,Sant Kabir Nagar,85861,Kochari Khas,2085
179,Bhadohi,86778,Kochhiya,2097
178,Sant Kabir Nagar,85936,Kodara,2086
182,Siddharthnagar,88825,Koeri Diha,2130
160,Kushinagar,74531,Kohar Gaddi,1898
160,Kushinagar,74908,Koindi Bujurg,1903
181,Shrawasti,87740,Kokal,2115
160,Kushinagar,74093,Kokil Patti,1891
182,Siddharthnagar,88552,Kolhui,2126
182,Siddharthnagar,88874,Kolhunwa,2131
164,Mahrajganj,268355,Kolhuwa,1933
178,Sant Kabir Nagar,85938,Koni,2086
164,Mahrajganj,76381,Kotawa,1928
129,Bara Banki,52250,Kothri Gauriya,1534
160,Kushinagar,74162,Kotwa,1892
160,Kushinagar,74909,Kotwa,1903
160,Kushinagar,74532,Kotwa Kala,1898
164,Mahrajganj,76516,Krit Pipra,1930
182,Siddharthnagar,88708,Kudarankhas,2128
178,Sant Kabir Nagar,85794,Kudi Manman,2084
160,Kushinagar,74979,Kukraha,1904
147,Gonda,297380,Kumhraura,1738
182,Siddharthnagar,88470,Kunauna,2125
160,Kushinagar,74301,Kundur,1894
160,Kushinagar,269301,Kuneli Patti,1896
182,Siddharthnagar,88876,Kunwahata,2131
160,Kushinagar,74226,Kurahawa,1893
164,Mahrajganj,270910,Kurahwa Khurd,1932
179,Bhadohi,86780,Kurhwa,2092
182,Siddharthnagar,88228,Kurthi Diha,2122
178,Sant Kabir Nagar,85796,Kusahra,2084
178,Sant Kabir Nagar,271745,Kusfer Urf Urdahwa,2086
182,Siddharthnagar,88229,Kushasta,2122
160,Kushinagar,74701,Kusumha,1900
182,Siddharthnagar,88553,Kusumhi,2126
178,Sant Kabir Nagar,85798,Kusuru Khurd,2084
164,Mahrajganj,76951,Lajar Mahdawa,1936
178,Sant Kabir Nagar,86092,Lakhanohar,2088
160,Kushinagar,74303,Lakhima,1894
160,Kushinagar,74414,Lakhua Lakhui,1896
181,Shrawasti,87611,Lakkhibhari,2113
181,Shrawasti,87809,Lakshamanpur Gangapur,2116
181,Shrawasti,87810,Lakshamanpur Semrahaniya,2116
160,Kushinagar,74702,Lala Chhapra,1900
179,Bhadohi,86390,Lalanagar,2093
129,Bara Banki,52605,Lalpur Karauta,1539
182,Siddharthnagar,88321,Lamuiya,2123
179,Bhadohi,86493,Latiya,2094
160,Kushinagar,74911,Latwa Muralidhar,1903
160,Kushinagar,74164,Lav Kush Pashchim Patti,1892
164,Mahrajganj,76664,Laxminagar,1932
160,Kushinagar,74472,Laxmipur,1897
164,Mahrajganj,76823,Laxmipur,1934
160,Kushinagar,258035,Laxmipur Mathauli,1897
182,Siddharthnagar,88827,Ledawa,2130
178,Sant Kabir Nagar,86209,Ledawa Sripal,2090
178,Sant Kabir Nagar,85727,Ledua,2083
182,Siddharthnagar,273984,Lensar Nankar,2120
179,Bhadohi,86685,Lohara Khas,2096
160,Kushinagar,74831,Lohjhar,1902
182,Siddharthnagar,273993,Lohraula,2120
178,Sant Kabir Nagar,85800,Lohrauli,2084
178,Sant Kabir Nagar,86093,Loiya Bhar,2088
182,Siddharthnagar,88622,Lotan,2127
160,Kushinagar,74416,Luxmipur,1896
160,Kushinagar,74534,Luxmipur,1898
160,Kushinagar,74417,Madanpur,1896
160,Kushinagar,74229,Madaraha,1893
182,Siddharthnagar,88829,Madarahna Dattpur,2130
164,Mahrajganj,76952,Madawa Dubey,1936
182,Siddharthnagar,88234,Madhali,2122
181,Shrawasti,87616,Madhnagar Manoharapur,2113
129,Bara Banki,52535,Madhnapur,1538
160,Kushinagar,74982,Madhopur Gojahi,1904
179,Bhadohi,267497,Madhorampur New,2093
179,Bhadohi,86338,Madhosingh,2093
179,Bhadohi,86784,Madhupatti,2097
160,Kushinagar,74475,Madhwalia,1897
129,Bara Banki,52536,Madhwapur,1538
182,Siddharthnagar,88323,Madrahva,2123
160,Kushinagar,74633,Maghi,1899
182,Siddharthnagar,270041,Mahadev,2123
182,Siddharthnagar,274020,Mahadev Nanga,2120
181,Shrawasti,87814,Mahadewa,2116
182,Siddharthnagar,88778,Mahadewa,2129
182,Siddharthnagar,88781,Mahadewa Khurd,2129
182,Siddharthnagar,88782,Mahadewa Lala,2129
182,Siddharthnagar,88831,Mahadewa Nankar,2130
182,Siddharthnagar,88397,Mahala,2124
182,Siddharthnagar,88832,Mahali,2130
182,Siddharthnagar,88833,Mahamudawa Grant,2130
181,Shrawasti,87815,Maharu Murtiha,2116
178,Sant Kabir Nagar,85939,Mahdewa,2086
178,Sant Kabir Nagar,86018,Mahdewa,2087
164,Mahrajganj,76450,Mahdewa Basdila,1929
178,Sant Kabir Nagar,86211,Mahdewa Nankar,2090
164,Mahrajganj,76666,Mahri,1932
182,Siddharthnagar,88231,Mahtiniya,2122
160,Kushinagar,74168,Mahuawa,1892
160,Kushinagar,74832,Mahuawa,1902
160,Kushinagar,267995,Mahuawa Buzurg,1894
160,Kushinagar,268063,Mahuawa Khurd,1894
160,Kushinagar,74233,Mahui,1893
160,Kushinagar,74235,Mahui Khurd,1893
182,Siddharthnagar,88474,Mahuinankar,2125
182,Siddharthnagar,88879,Mahulani,2131
164,Mahrajganj,76667,Mahuwa,1932
164,Mahrajganj,76452,Mahuwa Adda,1929
182,Siddharthnagar,88559,Main Bhariya,2126
178,Sant Kabir Nagar,270024,Mainahwa,2084
129,Bara Banki,52472,Majhiyawan,1537
181,Shrawasti,87816,Malhipur Kalan,2116
181,Shrawasti,87817,Malhipur Khurd,2116
160,Kushinagar,74306,Malukahi,1894
160,Kushinagar,74703,Mandey Rai,1900
129,Bara Banki,51667,Manera,1526
160,Kushinagar,74478,Mangalpur,1897
179,Bhadohi,86790,Mangura,2097
181,Shrawasti,87689,Manihar Tara,2114
179,Bhadohi,86500,Manikpatti,2094
179,Bhadohi,86501,Manikpur,2094
164,Mahrajganj,76455,Maniktalab,1929
129,Bara Banki,52610,Manjhari,1539
178,Sant Kabir Nagar,85944,Manjharia Ganga,2086
182,Siddharthnagar,273888,Manjhariya,2118
181,Shrawasti,87690,Mankapur Khurd,2114
182,Siddharthnagar,270348,Mankar,2126
160,Kushinagar,271198,Manshachhapar,1898
160,Kushinagar,74307,Mansoor Ganj,1894
181,Shrawasti,87818,Manwariya Bojha,2116
181,Shrawasti,87819,Manwariya Diwan,2116
182,Siddharthnagar,88476,Marawatia Bazar,2125
182,Siddharthnagar,88715,Marawtia Chainpur,2128
179,Bhadohi,86503,Mardanpur,2094
182,Siddharthnagar,88401,Marukharg Kala,2124
182,Siddharthnagar,273462,Marvatiya,2125
179,Bhadohi,86793,Masudhi,2092
160,Kushinagar,74099,Mathia,1891
160,Kushinagar,74101,Mathiamafi,1891
164,Mahrajganj,268719,Mathiya,1931
129,Bara Banki,52612,Mathura,1539
164,Mahrajganj,76957,Mathuranagar,1936
178,Sant Kabir Nagar,85945,Mathurapur,2086
182,Siddharthnagar,87949,Mau South,2118
164,Mahrajganj,76827,Maulaganj,1934
129,Bara Banki,51611,Mavaiya,1525
179,Bhadohi,86605,Mavaiyat Thansingh Uparwar,2095
178,Sant Kabir Nagar,85804,Meerapur,2084
129,Bara Banki,51880,Meernagar,1529
164,Mahrajganj,76753,Meghauli Khurd,1933
182,Siddharthnagar,88836,Mehanauli,2130
160,Kushinagar,74309,Mehda,1894
178,Sant Kabir Nagar,86212,Mehdu Par,2090
179,Bhadohi,86691,Milki,2096
129,Bara Banki,52475,Mira Pur,1537
160,Kushinagar,74917,Mirbihar,1903
160,Kushinagar,74102,Mishrauli,1891
147,Gonda,297369,Mishrauliya,1748
179,Bhadohi,86794,Misrainpur,2092
160,Kushinagar,74987,Misrauli,1904
164,Mahrajganj,76893,Mohaddinpur,1935
164,Mahrajganj,76894,Mohanapur,1935
129,Bara Banki,52615,Mohdawa,1539
164,Mahrajganj,76458,Mohnapur,1929
181,Shrawasti,87693,Mohrniya,2114
164,Mahrajganj,76755,Mojri,1933
178,Sant Kabir Nagar,86100,Molnapur,2088
160,Kushinagar,271189,Motichhapara,1898
164,Mahrajganj,76520,Motihania Chaudhari,1930
129,Bara Banki,52479,Motikpur,1537
160,Kushinagar,74990,Motipur,1904
182,Siddharthnagar,273990,Mubarakpur,2120
164,Mahrajganj,77027,Muderi,1937
182,Siddharthnagar,88837,Mudila Buzurg,2130
164,Mahrajganj,76830,Mudila Chaudhari,1934
182,Siddharthnagar,88838,Mudila Khurd,2130
182,Siddharthnagar,88328,Mudila Sonbarsa,2123
182,Siddharthnagar,270304,Mudiliya,2123
160,Kushinagar,268073,Mujahana,1894
178,Sant Kabir Nagar,86102,Mukhlispur,2088
179,Bhadohi,86504,Mulupur,2094
160,Kushinagar,268068,Mundera Lala,1894
178,Sant Kabir Nagar,85869,Mundera Rai,2085
178,Sant Kabir Nagar,85870,Mundera Shukul,2085
129,Bara Banki,52204,Munimpur Bartara,1533
164,Mahrajganj,76958,Murila,1936
178,Sant Kabir Nagar,86215,Murila Kalan,2090
160,Kushinagar,74172,Nadwa Bisunpur,1892
182,Siddharthnagar,88720,Nadya,2128
129,Bara Banki,51672,Nagar,1526
178,Sant Kabir Nagar,86104,Nagauwa,2088
179,Bhadohi,86795,Nagmanpur,2092
178,Sant Kabir Nagar,270294,Nagwa,2086
178,Sant Kabir Nagar,85950,Nahardeeh,2086
164,Mahrajganj,76460,Naikot,1929
160,Kushinagar,74920,Nakataha Basdila,1903
164,Mahrajganj,76590,Nandabhar,1931
164,Mahrajganj,76896,Nandana,1935
129,Bara Banki,52618,Nandau Para,1539
179,Bhadohi,86403,Narainpur,2093
181,Shrawasti,87694,Narainpur,2114
164,Mahrajganj,76592,Narayanpur,1931
160,Kushinagar,258036,Narayanpur Chargaha,1897
160,Kushinagar,74103,Narhawa Urf Maila,1891
160,Kushinagar,74104,Narhwa Achraj Dubey,1891
160,Kushinagar,74423,Narkahawa,1896
160,Kushinagar,269450,Narku Chhapara,1896
164,Mahrajganj,76391,Naryanpur,1928
160,Kushinagar,74175,Natha Patti,1892
178,Sant Kabir Nagar,86106,Natwa,2088
179,Bhadohi,86608,Naudhan,2095
160,Kushinagar,74369,Naugawan,1895
160,Kushinagar,74424,Naugawan,1896
160,Kushinagar,74542,Naurangia,1898
160,Kushinagar,74425,Nautar Jungal,1896
164,Mahrajganj,76461,Nauwadih Urf Devpur,1929
147,Gonda,297344,Nauwwa Gaon,1748
160,Kushinagar,74543,Nebua Rai Ganj,1898
178,Sant Kabir Nagar,86107,Neeba Horil,2088
178,Sant Kabir Nagar,85951,Nehia Khurd Buzurg,2086
182,Siddharthnagar,88626,Netwar,2127
182,Siddharthnagar,88722,Neusa,2128
181,Shrawasti,268876,Newada Jmadar,2116
181,Shrawasti,87695,Newaria,2114
179,Bhadohi,86798,Nibi,2092
129,Bara Banki,51673,Nigri,1526
164,Mahrajganj,76959,Nirnaampur,1936
182,Siddharthnagar,88841,Niyaw,2130
129,Bara Banki,51736,Noharepur,1527
164,Mahrajganj,76757,Obari,1933
129,Bara Banki,52207,Ojhiyapur,1533
160,Kushinagar,74544,Pach Phera,1898
160,Kushinagar,74312,Pachar,1894
178,Sant Kabir Nagar,86295,Pachdeora,2091
164,Mahrajganj,76898,Pachdeuri,1935
179,Bhadohi,86509,Pachpatiya,2094
182,Siddharthnagar,88331,Pachpedwa,2123
160,Kushinagar,74641,Padari,1899
160,Kushinagar,271829,Padari,1900
178,Sant Kabir Nagar,86161,Padaria,2089
160,Kushinagar,74313,Padkhori,1894
160,Kushinagar,74922,Padri Bishundayal,1903
164,Mahrajganj,272566,Padri Khurd,1931
160,Kushinagar,74923,Pagara Padri,1903
129,Bara Banki,51737,Pahru Pur,1527
129,Bara Banki,52688,Paikaoli,1540
160,Kushinagar,74484,Paikauli,1897
160,Kushinagar,74845,Paikauli,1902
164,Mahrajganj,76677,Paisia,1932
182,Siddharthnagar,270333,Pakadi Pathan,2123
178,Sant Kabir Nagar,85952,Pakardiha Khas,2086
160,Kushinagar,74846,Pakari,1902
182,Siddharthnagar,88842,Pakari,2130
160,Kushinagar,74428,Pakari Brijlal,1896
182,Siddharthnagar,88570,Pakari Nandal,2126
160,Kushinagar,74996,Pakariyar,1904
164,Mahrajganj,76899,Pakdi Dikshit,1935
182,Siddharthnagar,88157,Pakri Urf Mudila,2121
164,Mahrajganj,76598,Pakrikala,1931
182,Siddharthnagar,88724,Pala,2128
182,Siddharthnagar,88787,Paliya Tek Dhar,2129
178,Sant Kabir Nagar,86162,Para Hargovind,2089
129,Bara Banki,52488,Para Ibrahim,1537
182,Siddharthnagar,88788,Para Nankar,2129
164,Mahrajganj,76761,Paragpur,1933
164,Mahrajganj,76525,Paras Khar,1930
182,Siddharthnagar,88844,Parasiya,2130
182,Siddharthnagar,88845,Parigawa,2130
129,Bara Banki,52689,Parinva,1540
178,Sant Kabir Nagar,86163,Parsa,2089
181,Shrawasti,87879,Parsa Devtaha,2117
182,Siddharthnagar,274102,Parsa Station,2119
178,Sant Kabir Nagar,86111,Parsa Urf Fidaipur,2088
160,Kushinagar,74775,Parsa Urf Sirsia,1901
129,Bara Banki,273301,Parsa-Ii,1538
178,Sant Kabir Nagar,86299,Parsadpur,2091
178,Sant Kabir Nagar,86164,Parsahar,2089
160,Kushinagar,74248,Parsahwa,1893
182,Siddharthnagar,88631,Parsauna,2127
160,Kushinagar,271784,Parsauna,1899
160,Kushinagar,74249,Parsauna Bujurg,1893
160,Kushinagar,74712,Parsauni Khurd,1900
182,Siddharthnagar,88725,Parsia Pratham,2128
181,Shrawasti,87821,Parsohana,2116
182,Siddharthnagar,274099,Parsohiya,2119
179,Bhadohi,86408,Parsottampur,2093
129,Bara Banki,52620,Parwatpur,1539
129,Bara Banki,52486,Pashchim Belaon,1537
182,Siddharthnagar,88571,Patehari,2126
160,Kushinagar,75000,Patera Buzurg,1904
160,Kushinagar,74777,Patharwa,1901
160,Kushinagar,271836,Patherdewa,1900
182,Siddharthnagar,88335,Patila,2123
182,Siddharthnagar,88097,Patkhaul Nankar,2120
160,Kushinagar,74316,Patkhauli,1894
181,Shrawasti,87822,Patna,2116
181,Shrawasti,87823,Patpar Ganj,2116
179,Bhadohi,86801,Patti Bejwa,2097
164,Mahrajganj,76397,Pauhariya,1928
129,Bara Banki,51961,Pechruaa,1530
160,Kushinagar,74317,Pemali,1894
182,Siddharthnagar,88727,Pendar,2128
181,Shrawasti,87882,Persohna,2117
182,Siddharthnagar,88574,Pharenda,2126
178,Sant Kabir Nagar,85955,Pharendiya,2086
160,Kushinagar,74430,Phatak Dauna,1896
182,Siddharthnagar,88633,Phulwaria,2127
182,Siddharthnagar,88889,Phulwaria,2131
160,Kushinagar,74714,Phulwaria Magarib,1900
178,Sant Kabir Nagar,86028,Pidari,2087
182,Siddharthnagar,88099,Pikora,2120
182,Siddharthnagar,267753,Piparhava,2124
181,Shrawasti,87883,Piparhawa,2117
182,Siddharthnagar,88729,Pipra Bheia,2128
160,Kushinagar,74551,Pipra Buzurg,1898
182,Siddharthnagar,88338,Pipra Chhangat,2123
164,Mahrajganj,76910,Pipra Lala,1935
182,Siddharthnagar,88339,Pipra Murgihwa,2123
164,Mahrajganj,76971,Piprabari,1936
160,Kushinagar,74779,Pipraghat Mustkil,1901
164,Mahrajganj,76465,Piprahwa,1929
164,Mahrajganj,76972,Pipramauni,1936
182,Siddharthnagar,88488,Piprapadrupur,2125
160,Kushinagar,74650,Piprasi,1899
129,Bara Banki,52624,Pipri Mahar,1539
182,Siddharthnagar,269711,Piraila Sultan,2122
160,Kushinagar,74106,Pirathipur,1891
160,Kushinagar,74374,Pokhar Bhinda,1895
164,Mahrajganj,76466,Pokhar Bhinda,1929
182,Siddharthnagar,88343,Pokhar Bhitwa,2123
160,Kushinagar,74180,Pokharbhinda,1892
160,Kushinagar,74492,Pokharbhinda,1897
179,Bhadohi,86702,Poore Gosai Das,2096
179,Bhadohi,86705,Poore Matuka,2096
179,Bhadohi,86611,Prayagdaspur,2095
178,Sant Kabir Nagar,85743,Puraina,2083
178,Sant Kabir Nagar,86302,Puraina,2091
160,Kushinagar,74931,Puraina Kateya,1903
164,Mahrajganj,76467,Purandarpur Sonbarsa,1929
179,Bhadohi,266472,Pure Bahuriya,2096
181,Shrawasti,87631,Pure Masharam,2113
179,Bhadohi,267503,Pure Rajai New,2093
179,Bhadohi,86804,Puresanath,2097
160,Kushinagar,75003,Purnaha Misra,1904
129,Bara Banki,52298,Pyarepur,1535
160,Kushinagar,268125,Raghunathpur,1894
146,Ghazipur,297146,Raghunathpur,1734
179,Bhadohi,86708,Raghurampur,2096
129,Bara Banki,51892,Rahilamau,1529
181,Shrawasti,268889,Rahmatu Gau,2116
179,Bhadohi,86709,Raipur,2096
160,Kushinagar,74555,Raipur Bhaisahi,1898
178,Sant Kabir Nagar,86303,Raipur Chhapia Urf Thoka,2091
160,Kushinagar,74554,Raipur Khas,1898
160,Kushinagar,74556,Raipur Phulwari,1898
179,Bhadohi,86414,Raipuri,2093
164,Mahrajganj,76683,Rajabari,1932
164,Mahrajganj,77037,Rajahal Madraha,1937
164,Mahrajganj,76836,Rajauda Khurd,1934
160,Kushinagar,74932,Rajawatia,1903
160,Kushinagar,267984,Rajmandir,1894
164,Mahrajganj,76838,Rajmandri,1934
164,Mahrajganj,76911,Rajpur,1935
160,Kushinagar,74781,Rajpur Bagha,1901
164,Mahrajganj,76318,Rajpur Bujurg,1926
178,Sant Kabir Nagar,85744,Raksha Kol,2083
164,Mahrajganj,76765,Ram Chandrahi,1933
179,Bhadohi,86805,Ram Nagar,2092
164,Mahrajganj,76343,Ram Pur,1927
179,Bhadohi,86415,Ramapur,2093
160,Kushinagar,74716,Rambar Buzurg,1900
164,Mahrajganj,76684,Ramgadwa,1932
179,Bhadohi,86521,Ramipur,2094
164,Mahrajganj,76839,Ramnagar,1934
160,Kushinagar,267930,Ramnagar,1893
164,Mahrajganj,76840,Rampur,1934
178,Sant Kabir Nagar,85956,Rampur,2086
160,Kushinagar,74717,Rampur Bagaha,1900
160,Kushinagar,74432,Rampur Bangar,1896
178,Sant Kabir Nagar,85880,Rampur Dakhini,2085
160,Kushinagar,74433,Rampur Gonha,1896
160,Kushinagar,74434,Rampur Jungal,1896
129,Bara Banki,268652,Rampur Khargi,1535
160,Kushinagar,74558,Rampur Khurd,1898
181,Shrawasti,268845,Rampur Kodri,2114
160,Kushinagar,259715,Rampur Sihulia,1902
160,Kushinagar,268038,Rampurmafi,1894
164,Mahrajganj,76768,Rampurva,1933
182,Siddharthnagar,274146,Ramvapur,2130
182,Siddharthnagar,88253,Ramwapur,2122
182,Siddharthnagar,88733,Ramwapur Dubey,2128
182,Siddharthnagar,88576,Ramwapur Kali,2126
182,Siddharthnagar,88848,Ramwapur Nankar,2130
182,Siddharthnagar,88104,Ramwapur Raut,2120
182,Siddharthnagar,88577,Ramwapur Sir,2126
182,Siddharthnagar,88849,Ramwapur Tiwari,2130
182,Siddharthnagar,88105,Ramwapur Urf Nabua,2120
182,Siddharthnagar,88578,Ramwapur Urf Vishunpur,2126
129,Bara Banki,51962,Ranapur,1530
181,Shrawasti,87827,Rani Sir,2116
129,Bara Banki,52259,Ranimau,1534
178,Sant Kabir Nagar,86030,Ranipur,2087
178,Sant Kabir Nagar,86166,Ranipur,2089
182,Siddharthnagar,88254,Rasulpur,2122
160,Kushinagar,74653,Rasulpur Belhi,1899
160,Kushinagar,74654,Ratanwa,1899
179,Bhadohi,86525,Raya,2094
164,Mahrajganj,76319,Rayapur Pandit,1926
181,Shrawasti,87706,Raypur Bilaila,2114
182,Siddharthnagar,87960,Rehra,2118
182,Siddharthnagar,88490,Rithia,2125
182,Siddharthnagar,88411,Riwa Nankar,2124
179,Bhadohi,86711,Rohi,2096
160,Kushinagar,74495,Rohua Machhariya Gaon,1897
181,Shrawasti,268847,Rtnapur,2114
164,Mahrajganj,76613,Rudlapur,1931
164,Mahrajganj,268478,Rudrapur,1930
160,Kushinagar,269412,Rudrapur,1896
129,Bara Banki,51968,Saalpur,1530
181,Shrawasti,87892,Sachauli,2117
179,Bhadohi,86615,Sadashiv Patti,2095
182,Siddharthnagar,88734,Sadi Kala,2128
182,Siddharthnagar,88257,Sagarruza,2122
182,Siddharthnagar,88797,Saha,2129
179,Bhadohi,86417,Sahasepur Harchahar Patti,2093
178,Sant Kabir Nagar,86032,Sailangri,2087
129,Bara Banki,52215,Sainder,1533
182,Siddharthnagar,88492,Sakarpar,2125
160,Kushinagar,74855,Sakhauli,1902
178,Sant Kabir Nagar,86168,Sakoorchak,2089
160,Kushinagar,74435,Salikpur,1896
179,Bhadohi,86418,Samadha Khas,2093
178,Sant Kabir Nagar,85747,Samda,2083
178,Sant Kabir Nagar,86033,Samda,2087
178,Sant Kabir Nagar,85748,Samdaha,2083
160,Kushinagar,74660,Sampur Hatwa,1899
129,Bara Banki,52218,Samrada,1533
182,Siddharthnagar,270394,Sandaljot,2126
181,Shrawasti,268870,Sangampurwa,2116
182,Siddharthnagar,273900,Sangrampur,2118
178,Sant Kabir Nagar,86118,Sanichara Purvi,2088
179,Bhadohi,86715,Sansarapur,2096
178,Sant Kabir Nagar,86229,Santha,2090
182,Siddharthnagar,267585,Santori,2130
160,Kushinagar,74719,Sapaha,1900
179,Bhadohi,86617,Sarai Jagadish,2095
129,Bara Banki,52085,Sarai Kaisthan,1532
178,Sant Kabir Nagar,86031,Sare Khurd,2087
178,Sant Kabir Nagar,86036,Sarfara,2087
182,Siddharthnagar,88348,Sarpoka,2123
129,Bara Banki,51686,Sarthara,1526
129,Bara Banki,51904,Sarwa,1529
164,Mahrajganj,268455,Satbhariya,1930
181,Shrawasti,87636,Saurupur,2113
182,Siddharthnagar,88493,Sawadar,2125
164,Mahrajganj,76534,Sawareji,1930
182,Siddharthnagar,270261,Sehari,2123
178,Sant Kabir Nagar,86309,Sehura,2091
182,Siddharthnagar,88582,Sekhui Khurd Bujurg,2126
160,Kushinagar,74322,Semara,1894
182,Siddharthnagar,267646,Semara,2130
182,Siddharthnagar,270377,Semara,2126
182,Siddharthnagar,88112,Semarabankasya,2120
178,Sant Kabir Nagar,85884,Semari,2085
182,Siddharthnagar,88351,Semari,2123
164,Mahrajganj,76615,Semra,1931
182,Siddharthnagar,243885,Semra (Pachpedwa),2123
160,Kushinagar,74935,Semra Hardo Patti,1903
179,Bhadohi,86618,Semradhh Uparwar,2095
129,Bara Banki,52497,Semrawan,1537
164,Mahrajganj,76772,Semrhana,1933
129,Bara Banki,52086,Semri,1532
129,Bara Banki,52087,Shahpur,1532
129,Bara Banki,52633,Shahpur,1539
160,Kushinagar,74437,Shahpur,1896
181,Shrawasti,268854,Shahpur Kthautiya,2114
181,Shrawasti,87897,Shahpur Pure Shivdin,2117
129,Bara Banki,52030,Sharifabad,1531
160,Kushinagar,74324,Shekhpurwa,1894
171,Moradabad,297271,Sherpur Atamdpur,1999
179,Bhadohi,86812,Sherpur Gopalha,2092
164,Mahrajganj,76322,Shikargara,1926
181,Shrawasti,87832,Shikari Chaura,2116
164,Mahrajganj,76773,Shikarpur,1933
164,Mahrajganj,77046,Shikarpur,1937
164,Mahrajganj,77047,Shitla Pur,1937
160,Kushinagar,74438,Shiv Datt Chhapra,1896
178,Sant Kabir Nagar,85964,Shivapar,2086
160,Kushinagar,74667,Shivpur Dih,1899
160,Kushinagar,271842,Shivpur Mathia,1900
160,Kushinagar,74720,Sidhawat,1900
164,Mahrajganj,76693,Sihabhar,1932
179,Bhadohi,86426,Sikandara,2093
182,Siddharthnagar,88739,Sikta Pratham,2128
160,Kushinagar,74325,Sinduria Bishunpur,1894
160,Kushinagar,268086,Singhari,1894
164,Mahrajganj,76477,Singhpur Kala,1929
182,Siddharthnagar,88415,Sirasiya Misr,2124
129,Bara Banki,268362,Sirsaipur,1533
160,Kushinagar,74563,Sirsia Buzurg,1898
164,Mahrajganj,76695,Sirsia Masrafi,1932
182,Siddharthnagar,88586,Sirsiya,2126
182,Siddharthnagar,88498,Sisahania,2125
164,Mahrajganj,76696,Sishania Urf Shishmahal,1932
182,Siddharthnagar,88354,Siswa,2123
164,Mahrajganj,76538,Siswa Amahawa,1930
160,Kushinagar,74789,Siswa Awwal,1901
164,Mahrajganj,76539,Siswa Babu,1930
160,Kushinagar,74440,Siswa Mani Raj,1896
160,Kushinagar,74566,Siswa Urf Siswania,1898
181,Shrawasti,87834,Sitkahna,2116
179,Bhadohi,86814,Siyarha,2097
160,Kushinagar,74673,Sohanaria,1899
160,Kushinagar,74327,Sohani,1894
164,Mahrajganj,76845,Soharauna Tiwari,1934
160,Kushinagar,74328,Somali,1894
164,Mahrajganj,76324,Sonabandi,1926
164,Mahrajganj,268742,Sonadih Khas,1931
160,Kushinagar,74503,Sonbarsa,1897
179,Bhadohi,266395,Sonbarsa,2094
164,Mahrajganj,76984,Sonbarsha,1936
164,Mahrajganj,76325,Sonchreaya,1926
179,Bhadohi,86532,Sonhar Mahua Patti,2094
160,Kushinagar,74504,Sonia,1897
181,Shrawasti,87903,Soniha Tarai,2117
129,Bara Banki,52699,Sonikpur,1540
164,Mahrajganj,76920,Sonkatiya,1935
178,Sant Kabir Nagar,85754,Soopa,2083
164,Mahrajganj,76327,Sooraha,1926
179,Bhadohi,86722,Sowari,2096
178,Sant Kabir Nagar,86121,Subakhari,2088
179,Bhadohi,86623,Sudhavai,2095
160,Kushinagar,74329,Sudhiyani,1894
182,Siddharthnagar,88499,Suhaikanpurwa,2125
182,Siddharthnagar,88357,Suhelwa,2123
178,Sant Kabir Nagar,86314,Sujia,2091
182,Siddharthnagar,88118,Sukalajot,2120
129,Bara Banki,52267,Sukhipur,1534
160,Kushinagar,74938,Sultanpur,1903
179,Bhadohi,266333,Sultanpur,2094
160,Kushinagar,74192,Sumahi Buzurg,1892
160,Kushinagar,74330,Sumha Khor,1894
182,Siddharthnagar,88500,Supauli,2125
178,Sant Kabir Nagar,85755,Surdahiya,2083
129,Bara Banki,52088,Suryapur Khapraila,1532
182,Siddharthnagar,274046,Susnuha,2127
129,Bara Banki,51822,Taaspur,1528
129,Bara Banki,51912,Tadwa Gadmanpur,1529
129,Bara Banki,51821,Tai Khurd,1528
164,Mahrajganj,76985,Tallhi,1936
129,Bara Banki,51910,Tanda Nizam Ali,1529
164,Mahrajganj,76701,Taraini,1932
182,Siddharthnagar,267552,Targhuna,2127
164,Mahrajganj,76922,Tarkluya Tiwari,1935
160,Kushinagar,74723,Tarkulwa,1900
129,Bara Banki,51625,Tasipur,1525
160,Kushinagar,74443,Teenverdha,1896
182,Siddharthnagar,267651,Teknar,2130
182,Siddharthnagar,273901,Telaura,2118
129,Bara Banki,52639,Telwai,1539
181,Shrawasti,87836,Tenduwa Baraw,2116
178,Sant Kabir Nagar,86317,Tenuhari Soem,2091
129,Bara Banki,52089,Tera Daulatpur,1532
129,Bara Banki,52039,Tesuva Salemchak,1531
182,Siddharthnagar,88122,Tetari,2120
129,Bara Banki,52335,Thal Khurd,1535
178,Sant Kabir Nagar,270257,Tharauli,2087
129,Bara Banki,51626,Thorthiya,1525
182,Siddharthnagar,271275,Tighari Ray,2126
182,Siddharthnagar,88590,Tighra,2126
182,Siddharthnagar,88745,Tigorwa,2128
179,Bhadohi,86535,Tikaitpur,2094
182,Siddharthnagar,269268,Tikari Pakariya,2125
129,Bara Banki,52042,Tikraghat,1531
178,Sant Kabir Nagar,270015,Tikuie Kol Babu,2088
181,Shrawasti,87709,Tilakpur,2114
182,Siddharthnagar,88746,Tilauli,2128
182,Siddharthnagar,88274,Tilgadiya Bujurg,2122
178,Sant Kabir Nagar,86320,Tilja,2091
160,Kushinagar,74943,Tirma Sahun,1903
181,Shrawasti,87837,Tiwari Gaon,2116
178,Sant Kabir Nagar,86235,Totaha,2090
179,Bhadohi,86429,Trilokpur,2093
181,Shrawasti,268891,Trilokpur,2116
181,Shrawasti,87710,Tulsipur,2114
178,Sant Kabir Nagar,85970,Tungpar,2086
160,Kushinagar,74444,Turkaha,1896
160,Kushinagar,74507,Turkaha,1897
129,Bara Banki,52640,Turkauli,1539
182,Siddharthnagar,269665,Turkauliya,2122
182,Siddharthnagar,88747,Tursia,2128
182,Siddharthnagar,273922,Uchdih,2126
129,Bara Banki,51915,Ujarwara,1529
181,Shrawasti,268893,Ullahwa,2116
179,Bhadohi,86433,Umaraha,2093
178,Sant Kabir Nagar,85971,Umari Khurd,2086
179,Bhadohi,267422,Umariya,2096
164,Mahrajganj,76923,Unti,1935
181,Shrawasti,87712,Uttamapur,2114
179,Bhadohi,86435,Varjikala Uparwar,2093
182,Siddharthnagar,270313,Viravapur,2123
129,Bara Banki,273944,Vishunpur,1539
160,Kushinagar,74446,Vishunpura Buzurg,1896
182,Siddharthnagar,88276,Wasachak,2122
178,Sant Kabir Nagar,86325,Wasin,2091
129,Bara Banki,52432,Achkamau,1537
181,Shrawasti,87838,Aggapur,2117
182,Siddharthnagar,88161,Agyaa,2122
160,Kushinagar,74385,Ahirauli,1896
164,Mahrajganj,76346,Ahirauli,1928
164,Mahrajganj,76850,Ahirauli,1935
160,Kushinagar,271848,Ahirauli,1900
178,Sant Kabir Nagar,86237,Ahirauli I,2091
129,Bara Banki,242775,Aindaura,1539
182,Siddharthnagar,88643,Aksaramafi,2128
160,Kushinagar,266890,Amahi,1891
160,Kushinagar,74269,Amdiha,1894
129,Bara Banki,52567,Amera,1539
129,Bara Banki,52047,Ankha,1532
129,Bara Banki,51918,Ansari,1530
164,Mahrajganj,268727,Araaje Mahuwa,1932
181,Shrawasti,267285,Asanhariya,2115
160,Kushinagar,74448,Ashana,1897
182,Siddharthnagar,88644,Asnahara,2128
129,Bara Banki,52510,Aurela,1538
178,Sant Kabir Nagar,268270,Avariha Manjharia,2084
179,Bhadohi,86733,Awarana,2097
178,Sant Kabir Nagar,85897,Azampur,2086
182,Siddharthnagar,88361,Babhani,2124
182,Siddharthnagar,88855,Babhani Langdi,2131
182,Siddharthnagar,88504,Babhani Maphi,2126
160,Kushinagar,74872,Babhnauli,1903
160,Kushinagar,271287,Babhnauli,1904
164,Mahrajganj,76277,Babhni,1926
182,Siddharthnagar,88278,Baburaha,2123
160,Kushinagar,74948,Baburam Semra,1904
160,Kushinagar,74062,Badahara,1891
179,Bhadohi,86445,Badamanpur,2094
179,Bhadohi,266495,Badhiyani,2097
182,Siddharthnagar,267613,Bagahava,2130
164,Mahrajganj,76624,Bagha,1932
182,Siddharthnagar,88596,Bagheli,2127
182,Siddharthnagar,88173,Baheriya,2122
160,Kushinagar,74386,Bahor Chhapra,1896
182,Siddharthnagar,88281,Bahuti,2123
164,Mahrajganj,76706,Bahuwar Kala,1933
181,Shrawasti,273805,Baidaura Masrik,2113
160,Kushinagar,74730,Baiju Patti,1901
129,Bara Banki,52569,Bairana Mau Majhari,1539
182,Siddharthnagar,273464,Baiyari,2123
178,Sant Kabir Nagar,269244,Bajahi,2090
164,Mahrajganj,76856,Bajauli,1935
160,Kushinagar,74200,Bakanaha,1893
182,Siddharthnagar,273841,Bakarahuva,2124
181,Shrawasti,87772,Balapur,2116
179,Bhadohi,266464,Balapur,2096
160,Kushinagar,74272,Baluwa,1894
160,Kushinagar,271192,Bandhu Chhapara,1898
164,Mahrajganj,76990,Bandi Belash Pur,1937
179,Bhadohi,86635,Bankat N. Chhanaura,2096
179,Bhadohi,86550,Bankat Uparwar N. Barpur,2095
182,Siddharthnagar,274159,Bankata Prathan,2125
182,Siddharthnagar,88430,Bankata-2,2125
178,Sant Kabir Nagar,85899,Bankatia,2086
181,Shrawasti,267704,Bankatwa,2115
164,Mahrajganj,76415,Banrasia Khurd,1929
160,Kushinagar,74802,Banwara Khas,1902
178,Sant Kabir Nagar,85978,Baraiepur,2087
182,Siddharthnagar,88367,Barainiya,2124
181,Shrawasti,87579,Baraipur,2113
181,Shrawasti,87647,Barawan Hargun,2114
182,Siddharthnagar,88857,Bardaha,2131
178,Sant Kabir Nagar,85763,Bardand,2084
178,Sant Kabir Nagar,85764,Bardand(Bhiura),2084
178,Sant Kabir Nagar,86241,Barela,2091
164,Mahrajganj,76859,Bargadaha,1935
164,Mahrajganj,273385,Bargadahi,1933
182,Siddharthnagar,88656,Bargadawa,2128
182,Siddharthnagar,88510,Bargadwa (E),2126
164,Mahrajganj,76711,Barhaipurva,1933
160,Kushinagar,74455,Barwa,1897
182,Siddharthnagar,88600,Barwa,2127
160,Kushinagar,74276,Barwa Kotwa,1894
160,Kushinagar,74278,Basantpur,1894
160,Kushinagar,271251,Basantpur,1902
182,Siddharthnagar,88753,Basatha,2129
160,Kushinagar,74067,Batarauli Dhur Khandwa,1891
182,Siddharthnagar,88435,Batsa,2125
178,Sant Kabir Nagar,85695,Baur Byas,2083
178,Sant Kabir Nagar,86183,Baurbyes,2090
164,Mahrajganj,272568,Bedi Hari,1933
164,Mahrajganj,76421,Belaspur,1929
182,Siddharthnagar,88756,Belawa,2129
160,Kushinagar,74806,Belwa,1902
164,Mahrajganj,76866,Belwa,1935
182,Siddharthnagar,88513,Belwa,2126
160,Kushinagar,74130,Belwa Kalan,1892
181,Shrawasti,267913,Bhachkahi,2117
182,Siddharthnagar,273972,Bhadariya,2120
129,Bara Banki,51839,Bhagauli,1529
179,Bhadohi,86556,Bhagwanpur Chauthar,2095
182,Siddharthnagar,274059,Bhaisahva,2124
182,Siddharthnagar,88442,Bhaluha,2125
179,Bhadohi,86738,Bhanda,2092
179,Bhadohi,86739,Bhanupur,2097
182,Siddharthnagar,88049,Bhanwapur,2120
160,Kushinagar,74954,Bhaora Ramnagar,1904
182,Siddharthnagar,88369,Bhapasi,2124
129,Bara Banki,52285,Bharsavan,1535
179,Bhadohi,86740,Bhatewra,2097
160,Kushinagar,74812,Bhatgaon,1902
179,Bhadohi,86343,Bhawanipur Purvi,2093
178,Sant Kabir Nagar,86054,Bheeti Mafi,2088
181,Shrawasti,87779,Bhela Gaon,2116
182,Siddharthnagar,88604,Bhelauji Bujurg,2127
178,Sant Kabir Nagar,86246,Bhelwasi,2091
179,Bhadohi,86742,Bhikari Rampur,2097
181,Shrawasti,273835,Bhithaura Ramsahay,2114
181,Shrawasti,273807,Bhojpur,2113
181,Shrawasti,273823,Bhosawa,2114
129,Bara Banki,52442,Bhunai Rudra,1537
182,Siddharthnagar,273934,Bhupatijot,2125
182,Siddharthnagar,88370,Bhutahiya,2124
182,Siddharthnagar,88518,Bidra,2126
160,Kushinagar,74688,Bihuli Nisfi Hanuman,1900
182,Siddharthnagar,88193,Bilwat,2122
129,Bara Banki,52289,Birauli,1535
179,Bhadohi,86745,Birpur,2092
160,Kushinagar,267919,Bishunpura,1893
160,Kushinagar,268145,Bishunpura,1894
160,Kushinagar,74817,Brindaban,1902
164,Mahrajganj,76722,Burhadig Kala,1933
164,Mahrajganj,76558,Chainpur,1931
164,Mahrajganj,269374,Chainpur,1928
160,Kushinagar,74958,Chaiti Musahari,1904
179,Bhadohi,86748,Chak Chandra,2097
178,Sant Kabir Nagar,85914,Chakdahi,2086
181,Shrawasti,87781,Chamar Purwa,2116
164,Mahrajganj,269490,Chandan Chafi,1934
182,Siddharthnagar,88608,Chanraiya,2127
160,Kushinagar,74399,Chatur Chhapra,1896
164,Mahrajganj,76870,Chaupariya,1935
179,Bhadohi,86749,Chaurapur Madan,2097
182,Siddharthnagar,88863,Chaurasi,2131
181,Shrawasti,87784,Chauri Kotiya,2116
182,Siddharthnagar,88448,Chhithi,2125
178,Sant Kabir Nagar,86259,Chorha,2091
182,Siddharthnagar,88865,Churihari,2131
179,Bhadohi,86354,Dabhaka,2093
164,Mahrajganj,76937,Dadawar Khurd,1936
129,Bara Banki,52168,Dadera,1533
182,Siddharthnagar,267624,Dahiyad,2130
178,Sant Kabir Nagar,271748,Dandwa Mali,2091
179,Bhadohi,86753,Danupur Patti Purab,2092
129,Bara Banki,52169,Darawan,1533
181,Shrawasti,87787,Dare Kuieya,2116
179,Bhadohi,86651,Dasawatpur,2092
182,Siddharthnagar,273897,Dasiya,2118
179,Bhadohi,266378,Dattipur,2094
160,Kushinagar,74521,Deo Gaon,1898
178,Sant Kabir Nagar,86265,Deoria Bijaie,2091
179,Bhadohi,86357,Derawa,2093
160,Kushinagar,74285,Deurwa,1894
182,Siddharthnagar,88520,Dev Bhariya,2126
129,Bara Banki,51764,Devgaon,1528
178,Sant Kabir Nagar,85920,Dhamaicha,2086
129,Bara Banki,51707,Dhamapur,1527
178,Sant Kabir Nagar,85709,Dhan Khiriya Tetaria,2083
160,Kushinagar,74892,Dhanauji,1903
182,Siddharthnagar,87997,Dhanaura Mustahakam,2119
181,Shrawasti,273799,Dharampur,2113
160,Kushinagar,74595,Dharampur Khurd,1899
129,Bara Banki,51935,Dharkuniya,1530
164,Mahrajganj,76562,Dharmauli,1931
178,Sant Kabir Nagar,86268,Dhorhaie,2091
147,Gonda,297283,Dhusawa,1744
164,Mahrajganj,76729,Digahi,1933
129,Bara Banki,52453,Dighavan,1537
178,Sant Kabir Nagar,269025,Diktauli,2086
182,Siddharthnagar,88374,Dohani,2124
164,Mahrajganj,76502,Dubauli,1930
179,Bhadohi,86471,Durasi,2094
182,Siddharthnagar,88763,Durjanpur,2129
160,Kushinagar,74403,Ekdangi,1896
182,Siddharthnagar,88526,Ekdengva Mustkam,2126
182,Siddharthnagar,271889,Futuk,2127
182,Siddharthnagar,274026,Gadakhauva,2120
179,Bhadohi,86657,Gaharpur,2096
129,Bara Banki,52002,Gahendwar,1531
182,Siddharthnagar,88456,Gaidakhor,2125
178,Sant Kabir Nagar,85848,Gaighat,2085
181,Shrawasti,87793,Gajobari,2116
164,Mahrajganj,76643,Gajrahi,1932
178,Sant Kabir Nagar,86066,Galimpur,2088
160,Kushinagar,74968,Gambhiria Buzurg,1904
160,Kushinagar,74288,Gamhirpur,1894
164,Mahrajganj,76563,Ganeshpur,1931
181,Shrawasti,273797,Ganeshpur,2113
129,Bara Banki,51850,Gang Gaula,1529
129,Bara Banki,52175,Gangauli,1533
182,Siddharthnagar,88296,Ganwaria,2123
182,Siddharthnagar,274061,Gaurahi Ujurgb,2122
182,Siddharthnagar,269608,Gauri Pathak,2122
182,Siddharthnagar,88377,Gayaghat,2124
181,Shrawasti,87864,Gholia Kala,2117
160,Kushinagar,74219,Ghortap,1893
160,Kushinagar,74292,Ghurahupur,1894
181,Shrawasti,87665,Ghuswa,2114
160,Kushinagar,266847,Godaria,1891
179,Bhadohi,86575,Godhana,2095
182,Siddharthnagar,88684,Golhaura,2128
182,Siddharthnagar,88378,Gonaha,2124
182,Siddharthnagar,273856,Gonahatal,2118
164,Mahrajganj,76373,Gopala,1928
181,Shrawasti,87597,Gopalpur,2113
179,Bhadohi,86664,Gopipur,2096
179,Bhadohi,86364,Gorideeh,2093
164,Mahrajganj,76435,Gujarwalia Shankar Mishra,1929
182,Siddharthnagar,273854,Gulariha Raja,2118
179,Bhadohi,86578,Gulauri Uparwar,2095
129,Bara Banki,52006,Gulriha,1531
178,Sant Kabir Nagar,86196,Hakimrai,2090
178,Sant Kabir Nagar,86197,Hansawa Par,2090
164,Mahrajganj,77010,Harakhpura,1937
182,Siddharthnagar,270285,Harijot,2123
182,Siddharthnagar,270416,Harijot,2126
160,Kushinagar,74604,Harka Ghurmal,1899
164,Mahrajganj,76808,Harkhpura,1934
164,Mahrajganj,76375,Harpur Mahant,1928
160,Kushinagar,74525,Harpur Maphi,1898
160,Kushinagar,74826,Harpur Sukhar,1902
182,Siddharthnagar,87932,Harraiya Nankar,2118
129,Bara Banki,52663,Hasanpur,1540
160,Kushinagar,74407,Hathia,1896
178,Sant Kabir Nagar,85784,Hatwa,2084
160,Kushinagar,74971,Hirnahai,1904
129,Bara Banki,51864,Ishepur,1529
129,Bara Banki,52596,Jagatpur,1539
179,Bhadohi,86375,Jagdari,2093
160,Kushinagar,74296,Jagdishpur,1894
160,Kushinagar,74827,Jagdishpur,1902
164,Mahrajganj,76376,Jagdishpur,1928
179,Bhadohi,86481,Jagnathpur,2094
129,Bara Banki,51597,Jaichandpur,1525
182,Siddharthnagar,269657,Jamauti,2122
178,Sant Kabir Nagar,86006,Jamuaria Khurd,2087
129,Bara Banki,52667,Jarauli,1540
129,Bara Banki,51778,Jasanwara,1528
164,Mahrajganj,76738,Jharvaliya,1933
179,Bhadohi,86484,Jhigurpur Chak Vijai,2094
178,Sant Kabir Nagar,269049,Jorwa,2086
182,Siddharthnagar,274068,Jugdihva,2119
129,Bara Banki,52597,Jyoli,1539
129,Bara Banki,52671,Kaanhipur,1540
182,Siddharthnagar,88307,Kadjahwa Grant,2123
182,Siddharthnagar,273859,Kadmahava,2118
164,Mahrajganj,76739,Kaima,1933
164,Mahrajganj,76740,Kaimi,1933
179,Bhadohi,86770,Kainda,2097
181,Shrawasti,87735,Kakardari,2115
181,Shrawasti,274227,Kalyanpur Bhithaura,2114
659,Sambhal,297177,Kamalpur,1995
659,Sambhal,297373,Kamalpur,1592
164,Mahrajganj,76336,Kanapar,1927
179,Bhadohi,86486,Kandhiya,2094
182,Siddharthnagar,88541,Kankati,2126
129,Bara Banki,51660,Karkha,1526
182,Siddharthnagar,88696,Karma,2128
182,Siddharthnagar,88871,Karma,2131
129,Bara Banki,52526,Karora,1538
179,Bhadohi,86677,Kasiyapur,2096
179,Bhadohi,86774,Kasturi Pur,2097
182,Siddharthnagar,269868,Kathutiya Gokul,2120
129,Bara Banki,52306,Katiyaara,1535
182,Siddharthnagar,88873,Katki,2131
179,Bhadohi,86589,Kaulapur,2095
178,Sant Kabir Nagar,86012,Kaulpur,2087
181,Shrawasti,273826,Kerwaniya,2114
182,Siddharthnagar,270328,Kevtali,2123
160,Kushinagar,74299,Khabharabhar,1894
160,Kushinagar,74626,Khadda Khurd,1899
178,Sant Kabir Nagar,86146,Khaira,2089
181,Shrawasti,273828,Khairakla,2114
160,Kushinagar,74469,Khairatawa,1897
160,Kushinagar,74698,Khairatawa,1900
164,Mahrajganj,76821,Khajuria,1934
182,Siddharthnagar,88773,Khalilpur,2129
181,Shrawasti,268887,Khaliphatpur,2116
178,Sant Kabir Nagar,86282,Khamharia,2091
179,Bhadohi,86592,Khanapur,2095
129,Bara Banki,52190,Khandsara,1533
129,Bara Banki,51786,Khanwaha,1528
181,Shrawasti,267713,Kharch,2115
179,Bhadohi,86386,Kharhgpur,2093
182,Siddharthnagar,88704,Kharika Panday,2128
178,Sant Kabir Nagar,86014,Kharwania,2087
182,Siddharthnagar,88467,Khesraha,2125
160,Kushinagar,74470,Khokiya,1897
164,Mahrajganj,76575,Khosta,1931
182,Siddharthnagar,88551,Khuniyaon,2126
164,Mahrajganj,76514,Khutaha,1930
182,Siddharthnagar,269402,Khutahana,2128
129,Bara Banki,51873,Kiratpur,1529
182,Siddharthnagar,88774,Kodara Grant,2129
178,Sant Kabir Nagar,269742,Kodari,2088
181,Shrawasti,273790,Kolabhar Majgwa,2113
182,Siddharthnagar,274048,Kolhuwa,2131
160,Kushinagar,74413,Kop Jungal,1896
179,Bhadohi,86597,Kormaich,2095
182,Siddharthnagar,88707,Kotia Garori,2128
182,Siddharthnagar,88468,Kotia Pandey,2125
129,Bara Banki,52469,Kotwa,1537
160,Kushinagar,74300,Kotwa,1894
160,Kushinagar,74163,Kuchaya Mathia,1892
181,Shrawasti,87808,Kunda,2116
178,Sant Kabir Nagar,86017,Kusmaha,2087
179,Bhadohi,86781,Kusura,2097
178,Sant Kabir Nagar,85797,Kusuru Kala,2084
182,Siddharthnagar,88554,Lachhimanpur Urf Vallijot,2126
160,Kushinagar,74302,Lachhmipur,1894
178,Sant Kabir Nagar,85799,Lagdawar,2084
129,Bara Banki,52470,Lakhupur,1537
179,Bhadohi,86783,Lalikapura,2097
181,Shrawasti,87870,Lalpur Kusmahwa,2117
160,Kushinagar,74632,Laxmipur,1899
164,Mahrajganj,76383,Laxmipur,1928
164,Mahrajganj,76887,Laxmipur Jarlahiya,1935
160,Kushinagar,74165,Laxmipur Misra,1892
182,Siddharthnagar,88709,Lehra Urf Ramnagar,2128
160,Kushinagar,74981,Lila Dhar Chhapra,1904
164,Mahrajganj,76751,Lorhiya,1933
182,Siddharthnagar,88771,Luchuiya,2129
181,Shrawasti,273798,Luxmanpur Gorpurwa,2113
182,Siddharthnagar,88877,Madanpur,2131
182,Siddharthnagar,88830,Madarahna Janubi,2130
181,Shrawasti,87873,Madarhva,2117
182,Siddharthnagar,88834,Madawa,2130
160,Kushinagar,267160,Madhopur,1892
160,Kushinagar,74361,Madhwapur,1895
182,Siddharthnagar,88472,Madrahna,2125
179,Bhadohi,266301,Magaini,2093
160,Kushinagar,74304,Magdiha,1894
179,Bhadohi,86395,Mahadava,2093
160,Kushinagar,74418,Mahadeva,1896
164,Mahrajganj,76339,Mahadeva,1927
181,Shrawasti,87813,Mahadeva Salarpur,2116
182,Siddharthnagar,88779,Mahadewa Buzurg,2129
182,Siddharthnagar,88710,Mahdewa,2128
178,Sant Kabir Nagar,85731,Mahla,2083
129,Bara Banki,51797,Mahmoodabad,1528
181,Shrawasti,267376,Mahrauli,2115
164,Mahrajganj,76825,Mahua Shukla,1934
182,Siddharthnagar,270432,Mahuva Pathak,2126
182,Siddharthnagar,88475,Mahuwa,2125
182,Siddharthnagar,88237,Mahuwakhurd,2122
182,Siddharthnagar,88325,Mailani,2123
178,Sant Kabir Nagar,85943,Majgawa,2086
182,Siddharthnagar,88400,Majhawan,2124
179,Bhadohi,86687,Makanpur Rohi,2092
160,Kushinagar,269667,Malahiya,1896
182,Siddharthnagar,273973,Malhwar,2120
129,Bara Banki,269758,Mamapur,1528
160,Kushinagar,74479,Mangalpur Urf Mangrua,1897
160,Kushinagar,74985,Mani Kaura,1904
182,Siddharthnagar,274215,Manikaura(Gulriya),2120
160,Kushinagar,74419,Mansha Chhapra,1896
179,Bhadohi,86791,Manshahpur,2097
182,Siddharthnagar,88477,Masaicha,2125
178,Sant Kabir Nagar,86131,Matauli,2089
179,Bhadohi,86688,Matethu,2092
160,Kushinagar,74835,Mathia,1902
160,Kushinagar,74420,Mathia Bujurg,1896
160,Kushinagar,74308,Mathiya,1894
164,Mahrajganj,269094,Mathiyan,1928
164,Mahrajganj,76307,Matihanwa,1926
182,Siddharthnagar,269387,Matiyariya,2125
182,Siddharthnagar,88566,Mau Nankar,2126
129,Bara Banki,52203,Maulabad,1533
179,Bhadohi,266306,Mednipur Uparwar,2093
129,Bara Banki,52608,Mehmoodpur,1539
129,Bara Banki,52541,Mirapur,1538
164,Mahrajganj,76583,Mishrauliya,1931
178,Sant Kabir Nagar,85948,Mohaddipur,2086
178,Sant Kabir Nagar,85949,Mohammadpur Kathar,2086
164,Mahrajganj,76585,Mohanapur,1931
129,Bara Banki,52478,Mohhabbat Pur,1537
160,Kushinagar,74989,Mojahida,1904
178,Sant Kabir Nagar,86289,Muradeeha Khurd,2091
178,Sant Kabir Nagar,86216,Musahra,2090
129,Bara Banki,52482,Nakta Sehariya,1537
164,Mahrajganj,76591,Nandna,1931
160,Kushinagar,266812,Narahwa Kirat Patti,1891
129,Bara Banki,51957,Narauli,1530
160,Kushinagar,74541,Narayan Pur,1898
160,Kushinagar,266908,Narhawadih,1891
164,Mahrajganj,76522,Natava,1930
164,Mahrajganj,76897,Natava,1935
179,Bhadohi,86405,Natawa,2093
179,Bhadohi,86692,Nathaipur,2096
164,Mahrajganj,76593,Nathnagar,1931
178,Sant Kabir Nagar,86021,Natwa,2087
164,Mahrajganj,76756,Nauniyan,1933
179,Bhadohi,86693,Newada Rohi,2092
181,Shrawasti,87696,Niba Bhari,2114
179,Bhadohi,86799,Nidiura,2097
129,Bara Banki,51735,Niyamatpur,1527
178,Sant Kabir Nagar,269752,Nokta,2088
178,Sant Kabir Nagar,86024,Pachnewri,2087
182,Siddharthnagar,88627,Padahra Khurd,2127
178,Sant Kabir Nagar,86109,Padaraha,2088
182,Siddharthnagar,270409,Padari,2126
178,Sant Kabir Nagar,85807,Padia,2084
160,Kushinagar,74545,Padri Mehdia,1898
160,Kushinagar,74706,Pagar,1900
160,Kushinagar,271816,Pagara,1902
181,Shrawasti,273829,Pahlada,2114
160,Kushinagar,74486,Pakari,1897
129,Bara Banki,51677,Paliya Masoodpur,1526
160,Kushinagar,266824,Pandey Patti,1891
164,Mahrajganj,76962,Parasabani,1936
182,Siddharthnagar,88883,Paraspur,2131
160,Kushinagar,74999,Pargan Chhapra,1904
178,Sant Kabir Nagar,85873,Parjapatipur,2085
182,Siddharthnagar,88242,Parsa,2122
178,Sant Kabir Nagar,86025,Parsa Chaubey,2087
182,Siddharthnagar,274098,Parsa Diwan,2119
129,Bara Banki,52548,Parsa-I,1538
160,Kushinagar,74178,Parsauni,1892
160,Kushinagar,74250,Parsauni,1893
160,Kushinagar,74547,Parsauni,1898
160,Kushinagar,271470,Parsauni Khurd New,1903
182,Siddharthnagar,88645,Parsiya,2128
182,Siddharthnagar,269908,Parsohiya Tiwari,2120
160,Kushinagar,74549,Parsu Rampur,1898
160,Kushinagar,74927,Parsunai Kurd,1903
182,Siddharthnagar,88096,Pat Khauli Maufi,2120
182,Siddharthnagar,88485,Patahara,2125
160,Kushinagar,74847,Patani,1902
182,Siddharthnagar,273858,Pathkauli,2118
182,Siddharthnagar,273985,Pedari Mustkam,2120
178,Sant Kabir Nagar,85742,Pheusi,2083
129,Bara Banki,52622,Phoolpur,1539
164,Mahrajganj,270732,Pipariya,1934
160,Kushinagar,74850,Pipra,1902
160,Kushinagar,75001,Pipra Buzurg,1904
164,Mahrajganj,76909,Pipra Khadar,1935
160,Kushinagar,74552,Pipra Khurd,1898
182,Siddharthnagar,88101,Pipra Pandey,2120
181,Shrawasti,87885,Pipri,2117
164,Mahrajganj,76681,Pokharbhinda,1932
129,Bara Banki,52322,Poore Bhagai,1535
182,Siddharthnagar,269414,Puraina,2128
181,Shrawasti,273824,Purkhipurdihwa,2114
179,Bhadohi,86517,Raghopur,2094
179,Bhadohi,86518,Raghunathpur,2094
179,Bhadohi,86613,Raiyapur,2095
181,Shrawasti,87824,Rajapur Puraina,2116
129,Bara Banki,51614,Rajepur,1525
160,Kushinagar,74494,Rajpur,1897
178,Sant Kabir Nagar,86029,Raksha,2087
179,Bhadohi,86710,Ramaipur N. Kalipur,2096
164,Mahrajganj,76472,Ramnagar,1929
164,Mahrajganj,76685,Ramnagar,1932
181,Shrawasti,274211,Ramnagar Chirhidih,2117
164,Mahrajganj,76529,Rampur,1930
181,Shrawasti,87826,Rampur Basti,2116
164,Mahrajganj,77039,Rampur Khurd,1937
182,Siddharthnagar,88103,Ramwapur Jagatram,2120
129,Bara Banki,52490,Rasoolpur,1537
182,Siddharthnagar,88579,Ratanpur,2126
182,Siddharthnagar,274079,Redvariya,2119
181,Shrawasti,267855,Rehli Vishunpur,2115
182,Siddharthnagar,88580,Rehra Urf Bhaisahi,2126
182,Siddharthnagar,88106,Rohawn Bujurg,2120
164,Mahrajganj,76843,Rudrapur,1934
179,Bhadohi,86712,Sagarpur,2092
160,Kushinagar,74264,Sakarauli,1893
160,Kushinagar,74320,Sakhopar,1894
181,Shrawasti,269784,Salvariya,2113
179,Bhadohi,86527,Sanak Deeh,2094
179,Bhadohi,86807,Sanda,2097
129,Bara Banki,51902,Sandupur,1529
160,Kushinagar,74718,Saneraman Chhapra,1900
182,Siddharthnagar,88347,Sangrampur,2123
178,Sant Kabir Nagar,86117,Sanichara Baboo,2088
129,Bara Banki,51744,Sarai Rajjan,1527
160,Kushinagar,74436,Sarang Chhapra,1896
182,Siddharthnagar,273911,Saranv,2118
179,Bhadohi,86811,Sari Kansrai,2092
179,Bhadohi,86718,Saripur,2096
182,Siddharthnagar,88111,Sarothar Kathutia,2120
181,Shrawasti,87829,Sarra,2116
179,Bhadohi,86529,Sarvat Khani,2094
181,Shrawasti,87830,Satrahi,2116
178,Sant Kabir Nagar,86230,Saurha,2090
181,Shrawasti,87831,Sehariya,2116
181,Shrawasti,273827,Sehniya,2114
178,Sant Kabir Nagar,86231,Sehwa Chaubey,2090
160,Kushinagar,271228,Sekhue,1898
182,Siddharthnagar,87964,Sekhuiya,2118
129,Bara Banki,52265,Semari,1534
160,Kushinagar,271174,Semra,1898
164,Mahrajganj,76535,Semra Raja,1930
182,Siddharthnagar,88738,Semrahna,2128
659,Sambhal,297162,Shahbazpur,1996
160,Kushinagar,74323,Shahpur,1894
181,Shrawasti,273821,Shahpurbra,2114
129,Bara Banki,52556,Sheikhpur Tutru,1538
164,Mahrajganj,76691,Shekh Feranda,1932
164,Mahrajganj,76774,Shitlapur,1933
181,Shrawasti,273789,Shivadhkla,2115
181,Shrawasti,273808,Shivajot,2113
179,Bhadohi,86425,Shivrampur,2093
181,Shrawasti,87833,Shri Nagar,2116
179,Bhadohi,86813,Shripur,2092
160,Kushinagar,74668,Sidhua,1899
182,Siddharthnagar,88496,Sihorwa,2125
182,Siddharthnagar,88585,Sihuniya,2126
160,Kushinagar,266904,Sikatia,1891
182,Siddharthnagar,88113,Singarjot,2120
164,Mahrajganj,76617,Singh Pur,1931
182,Siddharthnagar,274067,Sinhorava,2119
129,Bara Banki,52558,Sirauli Gauspur,1538
160,Kushinagar,74860,Sirsia,1902
182,Siddharthnagar,88116,Sirsia,2120
178,Sant Kabir Nagar,86312,Siswa Dakhili,2091
164,Mahrajganj,76540,Siswa Raja,1930
160,Kushinagar,74326,Siswa Shukl,1894
160,Kushinagar,74502,Sodhara,1897
182,Siddharthnagar,88898,Sohans Janubi,2131
129,Bara Banki,52501,Sohawan,1537
160,Kushinagar,74442,Sonbarsa,1896
182,Siddharthnagar,273910,Sonferava Bujurg,2118
160,Kushinagar,75010,Sonwal,1904
179,Bhadohi,86547,Sujatpur,2095
178,Sant Kabir Nagar,86234,Sukarauli,2090
178,Sant Kabir Nagar,85816,Sumha,2084
129,Bara Banki,51622,Supamau,1525
160,Kushinagar,271233,Surat Chhapara,1898
179,Bhadohi,86624,Surybhanpur,2095
129,Bara Banki,52502,Suswai,1537
182,Siddharthnagar,88119,Tanui,2120
182,Siddharthnagar,88121,Tarhar,2120
182,Siddharthnagar,88743,Telaura,2128
182,Siddharthnagar,88271,Tenuhar Urf Kathotia,2122
178,Sant Kabir Nagar,86172,Tezpur,2089
182,Siddharthnagar,273889,Tighara,2118
160,Kushinagar,266868,Tilak Patti,1891
182,Siddharthnagar,273924,Udaypur,2128
160,Kushinagar,74445,Udho Chhapra,1896
178,Sant Kabir Nagar,269522,Upadhi,2091
179,Bhadohi,86724,Vaida Khas,2096
182,Siddharthnagar,270369,Vankata,2126
179,Bhadohi,86728,Veerampur,2092
147,Gonda,297403,Veerpur,1739
182,Siddharthnagar,243883,Virpur Ahatmali,2120
164,Mahrajganj,76782,Vishokhor,1933
164,Mahrajganj,76783,Vishunpurwa,1933
182,Siddharthnagar,88162,Ahira Diha,2122
160,Kushinagar,74945,Ahirauli,1904
160,Kushinagar,74195,Ahirauli Rai,1893
182,Siddharthnagar,88420,Ainchni,2125
182,Siddharthnagar,88805,Akadanga Bhavpur,2130
182,Siddharthnagar,269577,Anduva,2122
179,Bhadohi,86543,Arai Uparwar N. Baripur,2095
181,Shrawasti,87718,Ashraf Nagar,2115
179,Bhadohi,86443,Asogapur,2094
179,Bhadohi,86444,Asti,2094
178,Sant Kabir Nagar,85974,Aurahi,2087
160,Kushinagar,74799,Awarawa,1902
160,Kushinagar,74270,Badahara Babu,1894
129,Bara Banki,52155,Baddupur,1533
160,Kushinagar,74727,Baghachaur,1901
182,Siddharthnagar,88507,Baghini,2126
179,Bhadohi,86546,Bahupura Uparwar,2095
182,Siddharthnagar,87983,Baidauli,2119
181,Shrawasti,273794,Baijnatpur,2116
160,Kushinagar,74387,Bairagi Patti,1896
164,Mahrajganj,76347,Bairiya,1928
179,Bhadohi,86548,Balipur N.Baragaon,2095
182,Siddharthnagar,88650,Banagdori,2128
182,Siddharthnagar,88426,Banauli,2125
160,Kushinagar,74575,Bangali Patti,1899
182,Siddharthnagar,88654,Bankata,2128
179,Bhadohi,86552,Baraipur,2095
160,Kushinagar,74273,Barawa Khas,1894
160,Kushinagar,74274,Bardiha,1894
182,Siddharthnagar,274084,Bargadava,2119
182,Siddharthnagar,88511,Bargadwa (W),2126
164,Mahrajganj,76495,Bargdava Raja,1930
164,Mahrajganj,76713,Barhaya Bhathiyahi,1933
179,Bhadohi,86553,Baripuruparwar,2095
160,Kushinagar,74066,Barwa Babhnauli,1891
179,Bhadohi,86336,Basantapur,2093
160,Kushinagar,74391,Basdila,1896
164,Mahrajganj,76716,Basuli,1933
182,Siddharthnagar,243886,Baudihar,2125
181,Shrawasti,268910,Bechua,2117
181,Shrawasti,268815,Belkar,2113
179,Bhadohi,86610,Beraspur Uparwar,2095
182,Siddharthnagar,88181,Bewa Mustafa,2122
182,Siddharthnagar,273951,Bhadariya,2122
181,Shrawasti,87847,Bhagwanpur,2117
164,Mahrajganj,76357,Bhaisi,1928
182,Siddharthnagar,273956,Bhaluvahi,2122
160,Kushinagar,74585,Bhangra,1899
181,Shrawasti,87724,Bhartha Belbharia,2115
160,Kushinagar,74395,Bheri Jungal,1896
160,Kushinagar,268153,Bhiswa,1894
182,Siddharthnagar,88661,Bhitiya,2128
160,Kushinagar,74321,Bhiurahasanganj,1894
182,Siddharthnagar,88445,Bhusaula,2125
179,Bhadohi,86561,Biharojpur Uparwar,2095
182,Siddharthnagar,274034,Bijaura,2120
160,Kushinagar,74462,Bishunpura,1897
160,Kushinagar,74886,Bishunpura,1903
160,Kushinagar,271850,Bishunpura,1900
160,Kushinagar,74515,Bishunpura Khurd,1898
182,Siddharthnagar,88055,Burahu,2120
181,Shrawasti,87726,Chahlwa,2115
179,Bhadohi,86563,Chak Mandhata,2095
164,Mahrajganj,270903,Chandithan,1932
179,Bhadohi,86751,Chhatari Ka Pura,2097
160,Kushinagar,74959,Chiraiva,1904
182,Siddharthnagar,273935,Choraital,2125
179,Bhadohi,86463,Darunha,2094
178,Sant Kabir Nagar,85916,Darwa,2086
179,Bhadohi,266502,Dayalpur,2092
179,Bhadohi,86464,Deeh Koiran,2094
178,Sant Kabir Nagar,86189,Deokali,2090
182,Siddharthnagar,273974,Devariya Chaman,2120
182,Siddharthnagar,88453,Dharavra,2125
164,Mahrajganj,76876,Dharmauli,1935
129,Bara Banki,51848,Dhausar,1529
182,Siddharthnagar,270422,Dhobaha Ehtamali,2126
178,Sant Kabir Nagar,85995,Dhorh,2087
178,Sant Kabir Nagar,86269,Dhusura,2091
181,Shrawasti,268879,Dodi Purwa,2116
160,Kushinagar,74463,Dubauli,1897
179,Bhadohi,86656,Duhiya,2096
182,Siddharthnagar,273987,Dumariya,2120
181,Shrawasti,87858,Durgapur,2117
182,Siddharthnagar,88375,Fattepur,2124
179,Bhadohi,86756,Gadaura,2092
179,Bhadohi,86362,Gambhirsinghpur,2093
179,Bhadohi,86760,Gopipur,2092
181,Shrawasti,87730,Gothwa,2115
179,Bhadohi,86761,Gowali,2092
179,Bhadohi,86369,Hamid Patti,2093
164,Mahrajganj,76647,Hardi Dali,1932
182,Siddharthnagar,88616,Harigaon,2127
179,Bhadohi,86764,Hariharpur,2097
181,Shrawasti,87798,Hariharpur Karanpur,2116
179,Bhadohi,86371,Harnarayanpur,2093
178,Sant Kabir Nagar,269556,Harpur,2087
182,Siddharthnagar,88686,Harraiya,2128
182,Siddharthnagar,270263,Higuva,2123
178,Sant Kabir Nagar,86075,Jamira,2088
160,Kushinagar,74297,Jamuni Barwa,1894
164,Mahrajganj,76508,Jangal Farjandali,1930
179,Bhadohi,86483,Jangala,2094
182,Siddharthnagar,273871,Janiyajot,2118
129,Bara Banki,51867,Jarkha,1529
160,Kushinagar,74761,Jawahiharballabh,1901
182,Siddharthnagar,274069,Jharuva,2119
160,Kushinagar,74408,Jinda Chappra,1896
178,Sant Kabir Nagar,85787,Jivdhara,2084
182,Siddharthnagar,88217,Judwaniya,2122
164,Mahrajganj,76815,Jungle Vaki Tukda No. 14,1934
179,Bhadohi,86673,Kanakpur,2092
164,Mahrajganj,76743,Kanbhisavan,1933
179,Bhadohi,86771,Kanchanpur,2097
179,Bhadohi,266470,Kantirampur,2096
182,Siddharthnagar,267766,Kapiya,2124
182,Siddharthnagar,88462,Karahi Bagahi,2125
182,Siddharthnagar,88464,Karma,2125
182,Siddharthnagar,88697,Karmahia,2128
164,Mahrajganj,76511,Katahara Khas,1930
160,Kushinagar,266833,Kataura,1891
179,Bhadohi,86678,Kathauta,2096
182,Siddharthnagar,273998,Kathutiyaram,2120
182,Siddharthnagar,274109,Khaira,2119
182,Siddharthnagar,88317,Khankot,2123
182,Siddharthnagar,88823,Kharagwar,2130
160,Kushinagar,74699,Khotahi,1900
160,Kushinagar,74630,Kohra,1899
182,Siddharthnagar,88320,Kot Khas,2123
182,Siddharthnagar,269342,Kotiya,2125
182,Siddharthnagar,274158,Kotiya,2119
160,Kushinagar,271825,Kotwa,1902
182,Siddharthnagar,88230,Kushmahi,2122
129,Bara Banki,51794,Kusumbha,1528
182,Siddharthnagar,271890,Lachhanpur,2131
182,Siddharthnagar,88395,Lakhanapara(Karaunda),2124
182,Siddharthnagar,88396,Lakhanpara,2124
181,Shrawasti,273803,Lalpur Haridih,2116
181,Shrawasti,268927,Lalpurayodhya,2117
160,Kushinagar,271672,Lamkan,1899
160,Kushinagar,74471,Langari,1897
160,Kushinagar,269472,Langri,1896
181,Shrawasti,87743,Laxmanpur Kodari,2115
164,Mahrajganj,76305,Lehara,1926
160,Kushinagar,267044,Loharwalia,1892
182,Siddharthnagar,273989,Lohrauli,2120
160,Kushinagar,74535,Luxmipur Urf Kurmi Patti,1898
178,Sant Kabir Nagar,85865,Madara,2085
181,Shrawasti,87872,Madargarh,2117
182,Siddharthnagar,88322,Madhwapur,2123
182,Siddharthnagar,267640,Madrahana Urff Ramnagar,2130
182,Siddharthnagar,274148,Mahadev Khurd,2119
179,Bhadohi,86396,Mahadeva,2093
182,Siddharthnagar,88156,Mahadewa Kurmi,2121
179,Bhadohi,86496,Maharbha,2094
144,Gautam Buddha Nagar,276424,Mahendipur Khadar,1710
119,Aligarh,266361,Maheshpur,1409
164,Mahrajganj,76582,Maheshpur Urf Kevalva,1931
182,Siddharthnagar,88398,Mahua,2124
160,Kushinagar,74537,Mahuawa,1898
160,Kushinagar,74833,Mahui,1902
182,Siddharthnagar,88399,Majgawan,2124
178,Sant Kabir Nagar,86096,Majhauwa Ekdanga,2088
182,Siddharthnagar,271266,Majhuva,2126
182,Siddharthnagar,269408,Malauli,2128
129,Bara Banki,51729,Mallu Lalpur,1527
179,Bhadohi,86789,Manapur Or Malepur,2097
182,Siddharthnagar,273902,Manjhari,2118
160,Kushinagar,74390,Marichahwa,1896
182,Siddharthnagar,88565,Matesar Nankar,2126
160,Kushinagar,74421,Mishrauli,1896
164,Mahrajganj,76754,Mishrauliya,1933
160,Kushinagar,74988,Mithha Mafi,1904
160,Kushinagar,74919,Morwan,1903
160,Kushinagar,74310,Mujdiha,1894
179,Bhadohi,86401,Mulapur Uparwar,2093
160,Kushinagar,74840,Mundera,1902
181,Shrawasti,268897,Nadaidih,2116
182,Siddharthnagar,88405,Nagpara,2124
178,Sant Kabir Nagar,86019,Nagpur,2087
182,Siddharthnagar,88406,Nakahi,2124
179,Bhadohi,86402,Nakata Pur,2093
178,Sant Kabir Nagar,85871,Natwabar,2085
181,Shrawasti,87747,Naubasta,2115
179,Bhadohi,86797,Naval Kapura Or Navalpur,2092
182,Siddharthnagar,88840,Nibi,2130
181,Shrawasti,273834,Nkha Dharm Nagar,2114
164,Mahrajganj,76594,Nksha Badsha,1931
171,Moradabad,297320,Nooruddinpur Urf Ganj,1998
164,Mahrajganj,268370,Oadwaliya,1936
178,Sant Kabir Nagar,86294,Pachadeori,2091
182,Siddharthnagar,270037,Pachmohani,2123
164,Mahrajganj,77029,Padri Urf Meerganj,1937
182,Siddharthnagar,88407,Pakari,2124
182,Siddharthnagar,88786,Pakari,2129
160,Kushinagar,74707,Pakari Bangar,1900
164,Mahrajganj,268514,Pakdi Khurd,1930
160,Kushinagar,74245,Pakri,1893
164,Mahrajganj,76524,Pakri Nauniya,1930
179,Bhadohi,86407,Paranapur,2093
164,Mahrajganj,76600,Parasa Shihuli,1931
178,Sant Kabir Nagar,86219,Parasa Shukl,2090
179,Bhadohi,86697,Parashurampur N. Umarao,2096
164,Mahrajganj,272300,Parasiya,1928
182,Siddharthnagar,87955,Paraspur,2118
179,Bhadohi,86800,Paraupur,2092
182,Siddharthnagar,88332,Parsa,2123
182,Siddharthnagar,88573,Parsa,2126
182,Siddharthnagar,88846,Parsohiya Nankar,2130
179,Bhadohi,86512,Parsottampur Z.Bargaon,2094
160,Kushinagar,74315,Partawal,1894
181,Shrawasti,87750,Patijhiya,2115
182,Siddharthnagar,88632,Patkhauli,2127
182,Siddharthnagar,273921,Patkhauli,2124
179,Bhadohi,86411,Pipar Gaon,2093
182,Siddharthnagar,274066,Pipara,2119
164,Mahrajganj,76906,Pipariya,1935
160,Kushinagar,74550,Piparpati,1898
160,Kushinagar,74254,Pipra,1893
160,Kushinagar,74489,Pipra,1897
182,Siddharthnagar,274057,Pipra,2120
164,Mahrajganj,77034,Pipra Bazar,1937
160,Kushinagar,74930,Pipra Kanak,1903
160,Kushinagar,74318,Pipra Mafi,1894
129,Bara Banki,52623,Pipri,1539
182,Siddharthnagar,88890,Pokharbhitwa,2131
179,Bhadohi,86700,Poore Bhan,2096
179,Bhadohi,86701,Poore Gareriya,2096
178,Sant Kabir Nagar,269113,Popeya,2086
182,Siddharthnagar,88489,Puranjot,2125
179,Bhadohi,86516,Radai,2094
181,Shrawasti,87701,Raghunathpur,2114
181,Shrawasti,87754,Rajabipur,2115
179,Bhadohi,86520,Rajaipur Z. Sayer,2094
181,Shrawasti,87888,Rajgurujudpaniya,2117
164,Mahrajganj,76610,Rajval,1931
119,Aligarh,43939,Ramgarh Panjoopur,1409
160,Kushinagar,74431,Ramnagar,1896
160,Kushinagar,74853,Rampur,1902
179,Bhadohi,86416,Rampur,2093
181,Shrawasti,87757,Rampur Kakra,2115
164,Mahrajganj,271214,Rampur Upadhyaya,1935
164,Mahrajganj,77040,Ranipur,1937
181,Shrawasti,87758,Rewalia,2115
182,Siddharthnagar,88491,Riwana,2125
182,Siddharthnagar,269313,Rohua,2125
182,Siddharthnagar,88581,Rudrooliya Bujurg,2126
179,Bhadohi,86526,Sabarpur,2094
179,Bhadohi,86806,Sadawpur,2092
178,Sant Kabir Nagar,86034,Samogar,2087
179,Bhadohi,86422,Saripur,2093
160,Kushinagar,74561,Sekhui Khas,1898
182,Siddharthnagar,274005,Sekhui Senapati,2120
182,Siddharthnagar,88350,Semara,2123
160,Kushinagar,269676,Shivpur,1896
160,Kushinagar,74564,Sirsia Kala,1898
160,Kushinagar,74565,Sirsia Khurd,1898
164,Mahrajganj,76916,Sirsiya,1935
164,Mahrajganj,269385,Sirsiya,1928
182,Siddharthnagar,88741,Sisai Khurd,2128
160,Kushinagar,74439,Siswa Gopal,1896
160,Kushinagar,74441,Sohrauna,1896
160,Kushinagar,74722,Sohrauna,1900
182,Siddharthnagar,88250,Sonhati,2122
178,Sant Kabir Nagar,269671,Tadwa,2087
179,Bhadohi,86534,Tarapur,2094
160,Kushinagar,74331,Tawakalpur,1894
182,Siddharthnagar,88270,Tenuhar,2122
178,Sant Kabir Nagar,86319,Thuranda,2091
182,Siddharthnagar,88419,Tikaria,2124
178,Sant Kabir Nagar,269682,Tikri,2087
181,Shrawasti,269776,Tikuiya,2116
181,Shrawasti,87642,Tilakpur,2113
179,Bhadohi,86536,Tulsi Chand,2094
181,Shrawasti,87765,Tursama,2115
179,Bhadohi,86432,Ugapur,2093
182,Siddharthnagar,273905,Uska,2118
164,Mahrajganj,76781,Vakuldiha,1933
179,Bhadohi,86730,Abholi,2092
181,Shrawasti,87643,Akara,2114
182,Siddharthnagar,88421,Akdengwa,2125
182,Siddharthnagar,274040,Babhani,2120
182,Siddharthnagar,267768,Badago,2124
160,Kushinagar,74197,Badaraha,1893
182,Siddharthnagar,88506,Bagahwa,2126
181,Shrawasti,87841,Bairihva,2117
182,Siddharthnagar,273954,Bangava,2122
182,Siddharthnagar,88653,Bangawan Pramtha,2128
182,Siddharthnagar,88427,Banhuia Buzurg,2125
179,Bhadohi,86334,Banjari,2093
164,Mahrajganj,76858,Banshpar Kothi,1935
182,Siddharthnagar,88752,Barago,2129
179,Bhadohi,86449,Baraila,2094
160,Kushinagar,74513,Barwa Khurd,1898
182,Siddharthnagar,87988,Basawanpakar Urf Madrahia,2119
182,Siddharthnagar,88434,Baskhoria,2125
182,Siddharthnagar,88286,Benipur Urf Puraina,2123
181,Shrawasti,87721,Beragijot,2115
182,Siddharthnagar,88180,Beva Jiyauddin,2122
179,Bhadohi,86341,Bhagatapur Urf Pure,2093
160,Kushinagar,74392,Bhagvanpur.,1896
178,Sant Kabir Nagar,86053,Bhagwanpur Paschimi,2088
160,Kushinagar,74204,Bhaisahi,1893
160,Kushinagar,74305,Bhaluhi,1894
160,Kushinagar,74460,Bhaluhi,1897
181,Shrawasti,87723,Bhanghi,2115
178,Sant Kabir Nagar,86260,Bhangura,2091
178,Sant Kabir Nagar,85987,Bhat Purwa,2087
182,Siddharthnagar,269533,Bhatauli,2128
179,Bhadohi,86741,Bhawri,2097
179,Bhadohi,86559,Bhikhipur N. Koirauna,2095
182,Siddharthnagar,88859,Bhitiya,2131
160,Kushinagar,74956,Biraith Ramnagar,1904
181,Shrawasti,273796,Bishunapurlothi,2117
182,Siddharthnagar,88446,Bishunpur Mustahkam,2125
160,Kushinagar,74816,Bishunpura,1902
182,Siddharthnagar,273952,Bithariya,2122
182,Siddharthnagar,88664,Burhapar,2128
179,Bhadohi,86348,Chak Masood,2093
164,Mahrajganj,76725,Chatiyan,1933
179,Bhadohi,86461,Chauri Khas,2094
182,Siddharthnagar,274060,Chorai Pratham,2131
179,Bhadohi,86454,Dalapur,2094
160,Kushinagar,74520,Darbahaganga Chhapra,1898
179,Bhadohi,86462,Daribpur,2094
160,Kushinagar,74820,Deo Kali,1902
181,Shrawasti,87788,Dewara,2116
160,Kushinagar,74510,Dewtha Bali,1898
179,Bhadohi,86655,Dharaun,2096
129,Bara Banki,52589,Dohai,1539
179,Bhadohi,266192,Domanpur,2093
160,Kushinagar,74216,Dumari Arjun,1893
178,Sant Kabir Nagar,85998,Fardaha,2087
179,Bhadohi,86757,Ganga Rampur,2092
182,Siddharthnagar,88868,Gangadharpur,2131
179,Bhadohi,86758,Gaura,2092
181,Shrawasti,87863,Ghoghwa Kalan,2117
164,Mahrajganj,268425,Goplapur Thappa Sumahakhor,1936
182,Siddharthnagar,269373,Gulriha,2125
182,Siddharthnagar,269517,Haraiya,2128
182,Siddharthnagar,88209,Jabjauwa,2122
179,Bhadohi,86480,Jagdishpur Sujan,2094
164,Mahrajganj,76506,Jagpur Urf Salamat Garh,1930
182,Siddharthnagar,88075,Jigna Habibpur,2120
164,Mahrajganj,76741,Kalnahin Khurd,1933
182,Siddharthnagar,88690,Kamharia,2128
160,Kushinagar,74223,Karmahi,1893
179,Bhadohi,86383,Kunvipur,2093
182,Siddharthnagar,269395,Lahara,2128
160,Kushinagar,74415,Liladhar Chhapra,1896
179,Bhadohi,266861,Lokmanpur,2092
164,Mahrajganj,267127,Luthahwa,1932
182,Siddharthnagar,267745,Madhavapur,2124
182,Siddharthnagar,88711,Mahokhwa,2128
182,Siddharthnagar,88712,Mahuwa,2128
119,Aligarh,43926,Manjoor Garhi,1409
179,Bhadohi,86502,Marchwar,2094
182,Siddharthnagar,88880,Marwatiya Maphi,2131
182,Siddharthnagar,269302,Misrauliya,2125
182,Siddharthnagar,273926,Mithwal Bujurg,2128
182,Siddharthnagar,274176,Mudila Misra,2120
178,Sant Kabir Nagar,86103,Mukundpur,2088
160,Kushinagar,74311,Mundera,1894
182,Siddharthnagar,88241,Muradeha,2122
160,Kushinagar,74422,Narayan Pur,1896
182,Siddharthnagar,88721,Narhi Buzurg,2128
178,Sant Kabir Nagar,86291,Nauwadeeh II,2091
160,Kushinagar,74426,Naval Chhapra,1896
182,Siddharthnagar,88482,Nikhoria,2125
181,Shrawasti,87820,Odahi,2116
179,Bhadohi,86609,Ojhapur,2095
182,Siddharthnagar,273908,Pachahar,2118
182,Siddharthnagar,88483,Pachmohni,2125
160,Kushinagar,74994,Pacphera,1904
160,Kushinagar,74427,Padrahi,1896
179,Bhadohi,86696,Pali,2096
182,Siddharthnagar,88630,Paneri,2127
182,Siddharthnagar,88158,Parsa,2121
182,Siddharthnagar,88334,Parsa Devaichapar,2123
160,Kushinagar,74711,Parsauni,1900
160,Kushinagar,74926,Parsoni,1903
178,Sant Kabir Nagar,86224,Patana Khas,2090
178,Sant Kabir Nagar,85876,Patti Badgo Hissa Samogarh,2085
182,Siddharthnagar,88409,Pedari Khurd,2124
181,Shrawasti,273822,Pipara,2114
182,Siddharthnagar,88100,Pipra Kanungo,2120
182,Siddharthnagar,88102,Pokhar Bhitwa,2120
182,Siddharthnagar,271318,Pokharbhitwa,2124
182,Siddharthnagar,88251,Pokhra Qazi,2122
160,Kushinagar,74319,Rampur,1894
181,Shrawasti,87825,Rampur,2116
160,Kushinagar,74242,Rampur Patti,1893
182,Siddharthnagar,88735,Sadi Khurd,2128
164,Mahrajganj,76688,Sampatiha,1932
179,Bhadohi,86809,Sarai Hola,2092
179,Bhadohi,86717,Sarai Rajputani,2096
160,Kushinagar,75006,Sekui Chappra,1904
182,Siddharthnagar,88583,Semri,2126
179,Bhadohi,86619,Shivnath Patti,2095
160,Kushinagar,74497,Siktia,1897
160,Kushinagar,75007,Sirsia,1904
182,Siddharthnagar,88497,Sirsia Chaube,2125
182,Siddharthnagar,267737,Sisva Urf Sivbhari,2119
181,Shrawasti,273801,Sujandih,2116
181,Shrawasti,87905,Tanduwa Ratanpur,2117
164,Mahrajganj,76485,Terhi,1929
182,Siddharthnagar,88501,Tikuia,2125
181,Shrawasti,87766,Umayal Khurd,2115
179,Bhadohi,86540,Yakubpur,2094
160,Kushinagar,74677,Abdul Chak Islam,1900
160,Kushinagar,74866,Ahladpur,1903
182,Siddharthnagar,88422,Akolhi,2125
164,Mahrajganj,76276,Alahabash,1926
179,Bhadohi,86442,Arjunpur,2094
182,Siddharthnagar,273955,Asnahara,2122
178,Sant Kabir Nagar,85760,Babhani,2084
182,Siddharthnagar,88856,Bagahi,2131
179,Bhadohi,86448,Bahari,2094
182,Siddharthnagar,88282,Bairawa,2123
182,Siddharthnagar,88598,Barahra,2127
182,Siddharthnagar,88130,Bargadwa,2121
160,Kushinagar,74275,Barwa Babu,1894
179,Bhadohi,86637,Bavai,2092
160,Kushinagar,74461,Bhudhadhi,1897
160,Kushinagar,269685,Bindwalia,1896
160,Kushinagar,271281,Bindwalia,1904
147,Gonda,297468,Chandpur Lakhpat Roy,1743
182,Siddharthnagar,88669,Dadwa Bhaiya,2128
179,Bhadohi,86653,Dasharathpur II,2096
179,Bhadohi,86465,Dhanwatiya,2094
182,Siddharthnagar,88674,Dharampurwa,2128
179,Bhadohi,86467,Domanpur Chiwathiya,2094
160,Kushinagar,74215,Dumar Churamani Chhapra,1893
181,Shrawasti,87859,Durgapur Kp,2117
179,Bhadohi,86360,Dwarikapur,2093
182,Siddharthnagar,269680,Fattepur,2122
179,Bhadohi,259771,Galhaiya,2096
179,Bhadohi,86365,Ghamahapur,2093
179,Bhadohi,86767,Jagetipur,2097
179,Bhadohi,86482,Jamua,2094
160,Kushinagar,74409,Jura Chhapra,1896
178,Sant Kabir Nagar,86276,Kanpara,2091
179,Bhadohi,86674,Kansapur,2096
164,Mahrajganj,76745,Katkhor,1933
178,Sant Kabir Nagar,86288,Kohriyawan,2091
179,Bhadohi,86779,Kolhua Pande Pur,2097
164,Mahrajganj,76884,Kurva Urf Murkatiya,1935
179,Bhadohi,86683,Lachhiman Patti,2096
164,Mahrajganj,76447,Lalpur Kalyanpur,1929
182,Siddharthnagar,273940,Lamuital,2125
179,Bhadohi,86391,Lasamara,2093
179,Bhadohi,86393,Madhopur,2093
179,Bhadohi,86792,Mardanpur Shahpur,2097
179,Bhadohi,86689,Mau Ramshala,2092
160,Kushinagar,74841,Mundera Khagi,1902
160,Kushinagar,74314,Pakari,1894
164,Mahrajganj,272672,Parasiya Khurd,1936
182,Siddharthnagar,88487,Pipra Fardang,2125
182,Siddharthnagar,88892,Sajnapar,2131
179,Bhadohi,86714,Sambairaj Putani,2096
164,Mahrajganj,76978,Samrahani,1936
182,Siddharthnagar,88358,Tirlokpur,2123
182,Siddharthnagar,88123,Trilokpur,2120
179,Bhadohi,86430,Tulapur Ghatmapur Urf Tulapur,2093
179,Bhadohi,86436,Vikrampur,2093
160,Kushinagar,74683,Badahara Babu,1900
178,Sant Kabir Nagar,85829,Bantwar,2085
182,Siddharthnagar,88129,Bargadi,2121
129,Bara Banki,52573,Basantpur,1539
182,Siddharthnagar,88659,Bharma,2128
181,Shrawasti,273810,Bharthapur,2113
160,Kushinagar,74687,Bhathahi Buzurg,1900
160,Kushinagar,74207,Bhiswa,1893
182,Siddharthnagar,88675,Dhaurahra,2128
181,Shrawasti,87790,Dhum Bojhi Durga,2116
182,Siddharthnagar,88680,Gaura Pachperwa,2128
179,Bhadohi,86671,Joharpur,2096
181,Shrawasti,273825,Kalayanpur,2114
179,Bhadohi,86487,Khatalpur,2094
179,Bhadohi,86387,Khetalpur,2093
179,Bhadohi,86494,Liladharpur,2094
179,Bhadohi,86495,Madho Rampur,2094
179,Bhadohi,86499,Mamhar,2094
179,Bhadohi,86406,Newada,2093
164,Mahrajganj,77028,Padri Khurd,1937
178,Sant Kabir Nagar,85811,Pawriha,2084
182,Siddharthnagar,274042,Piparsan,2121
182,Siddharthnagar,88634,Pokhar Bhitwa,2127
181,Shrawasti,87756,Rampur Jabdi,2115
179,Bhadohi,266497,Tal Supaila,2097
179,Bhadohi,86723,Thanipur,2096
179,Bhadohi,86630,Vairi Veesa,2095
182,Siddharthnagar,88166,Amonatiwri,2122
182,Siddharthnagar,271891,Bangava,2128
160,Kushinagar,74277,Basahiya Urf Kaptan Ganj,1894
179,Bhadohi,86345,Bhawanipur Uparwar,2093
179,Bhadohi,86562,Birnai,2095
179,Bhadohi,86652,Dasharathpur,2096
152,Jaunpur,299245,Dhannepur,1808
179,Bhadohi,86366,Ghatamapur Urf Chakapur,2093
181,Shrawasti,87797,Hardatt Nagar Girant,2116
179,Bhadohi,86581,Itahara Uparwar,2095
179,Bhadohi,86479,Jadupur Z.Bahri,2094
179,Bhadohi,86374,Jagarnathpur,2093
179,Bhadohi,86378,Jathi,2093
179,Bhadohi,86379,Jethupur,2093
181,Shrawasti,273806,Kalyanpur,2113
182,Siddharthnagar,274058,Karma,2130
182,Siddharthnagar,88155,Khairati,2121
179,Bhadohi,86491,Kuraiya,2094
179,Bhadohi,86399,Mohammadpur,2093
160,Kushinagar,74238,Mundera Upadhyay,1893
179,Bhadohi,86796,Narottampur Urf Chamru Patti,2097
164,Mahrajganj,76963,Parash Khar,1936
179,Bhadohi,86802,Payagpur,2092
181,Shrawasti,274210,Suhelwa,2117
179,Bhadohi,86627,Tulsi Kala Uparwar,2095
179,Bhadohi,86736,Balbhadarpur,2097
179,Bhadohi,86754,Bhanipur,2092
179,Bhadohi,86350,Chakapur,2093
179,Bhadohi,86477,Hirday Patti,2094
182,Siddharthnagar,88828,Luchuiya,2130
179,Bhadohi,86690,Meenapur,2096
179,Bhadohi,86808,Sarai Chatarshah,2097
179,Bhadohi,86720,Singhpur,2096
179,Bhadohi,86625,Tilanga,2095
179,Bhadohi,86729,Zianpur,2096
179,Bhadohi,86437,Aawsanpur,2094
179,Bhadohi,86498,Maihardo Patti,2094
179,Bhadohi,86727,Veer Bhadra Patti,2092
179,Bhadohi,86327,Ahimanpur,2093
179,Bhadohi,86565,Chhatmi Khas,2095
179,Bhadohi,86572,Harirampur,2095
179,Bhadohi,86777,Kirtipur Z. Kariyaon,2097
179,Bhadohi,86541,Amilaur Uparwar,2095
179,Bhadohi,86333,Banauli,2093
179,Bhadohi,86466,Domanpur,2094
181,Shrawasti,87904,Tal Baghaura,2117
